{
"type": "FeatureCollection",
"name": "blocks",
"crs": { "type": "name", "properties": { "name": "urn:ogc:def:crs:OGC:1.3:CRS84" } },
"features": [
{ "type": "Feature", "properties": { "BLOCK_NAME": "Coochbehar-I", "SUBDIV_NAM": "Cooch Behar (Sadar)", "DIST_NAME": "Cooch Behar", "AREA_SQKM": 341.782 }, "geometry": { "type": "Polygon", "coordinates": [ [ [ 89.467853220113312, 26.339826916324483 ], [ 89.469250677425421, 26.338644606762866 ], [ 89.470075039774713, 26.338422835384101 ], [ 89.470375996609917, 26.337632565809368 ], [ 89.471547391273731, 26.33661970477095 ], [ 89.471809102943254, 26.336077968935165 ], [ 89.472521573096259, 26.335156219177694 ], [ 89.472952714865301, 26.334074448322482 ], [ 89.472875537108351, 26.332960645071005 ], [ 89.472433174341788, 26.33197728755334 ], [ 89.470909758445487, 26.330228045876652 ], [ 89.469965755555918, 26.329418363907948 ], [ 89.469708950164446, 26.328430763148461 ], [ 89.469794581415982, 26.328181148719441 ], [ 89.470519974926177, 26.327713415599817 ], [ 89.471433998965907, 26.327407802415316 ], [ 89.473130058820814, 26.327047175871439 ], [ 89.474827919818949, 26.326769423898956 ], [ 89.476434325150862, 26.32653481962787 ], [ 89.476645102523435, 26.325787189605705 ], [ 89.477736964708271, 26.325272484093034 ], [ 89.478972684788204, 26.32500363763387 ], [ 89.480755671955464, 26.324602274141746 ], [ 89.483541474081107, 26.324020748350044 ], [ 89.484965764359885, 26.323672715937175 ], [ 89.486098126296838, 26.323683109901971 ], [ 89.486723443662783, 26.324449209059861 ], [ 89.487238692470726, 26.323872612146896 ], [ 89.487660728303183, 26.323405571062491 ], [ 89.489235604673709, 26.323123523906599 ], [ 89.489940661918652, 26.323457214822632 ], [ 89.490179564718332, 26.32386167383353 ], [ 89.490366145326092, 26.324176945474164 ], [ 89.491223841931145, 26.323829672974899 ], [ 89.492121945017175, 26.323429104084731 ], [ 89.492374339299886, 26.323360670027316 ], [ 89.492535980929574, 26.323695726647347 ], [ 89.492682391535041, 26.323916227227695 ], [ 89.492767643239432, 26.324044531574142 ], [ 89.493046663085877, 26.324115252408703 ], [ 89.49331592802767, 26.324023503192922 ], [ 89.493530017338031, 26.323950559109779 ], [ 89.493913631539343, 26.324049737003914 ], [ 89.494057117650939, 26.32432357317316 ], [ 89.49418671909244, 26.324782324463204 ], [ 89.494571354421282, 26.32494303868339 ], [ 89.494772448712524, 26.325492421970541 ], [ 89.495216800343357, 26.32688211585943 ], [ 89.495454892731289, 26.327649759286881 ], [ 89.495534231580663, 26.32790507852016 ], [ 89.496248512990135, 26.327351637024552 ], [ 89.496653110908099, 26.327123603967316 ], [ 89.497013962364719, 26.327064934371045 ], [ 89.497455204132137, 26.327079167063012 ], [ 89.497738320667821, 26.327380558536131 ], [ 89.498147581744163, 26.327925249892377 ], [ 89.498433812568038, 26.328555570126408 ], [ 89.498597806215841, 26.328761191893669 ], [ 89.498908724873885, 26.328739057193868 ], [ 89.498986902548978, 26.328337499898058 ], [ 89.498998018995707, 26.328029634764714 ], [ 89.498972840359812, 26.327630252021294 ], [ 89.499062036968169, 26.327286401795469 ], [ 89.499655193906221, 26.327088877951798 ], [ 89.500122365436795, 26.327011202352683 ], [ 89.500381012061283, 26.326968185207431 ], [ 89.500710637799557, 26.326991603025569 ], [ 89.500653187948387, 26.326669663048101 ], [ 89.500610529602525, 26.326178030096635 ], [ 89.500795796820512, 26.325761865402793 ], [ 89.50111605896565, 26.325697568259205 ], [ 89.501572807512602, 26.32555564376138 ], [ 89.501870821170911, 26.325779862437063 ], [ 89.50234901406283, 26.326149596454275 ], [ 89.502505978980125, 26.326535464640536 ], [ 89.502900368978672, 26.326218414135269 ], [ 89.503170082010044, 26.325595925219897 ], [ 89.503251604634769, 26.325116274849638 ], [ 89.50292055133005, 26.325016101622197 ], [ 89.502098894892711, 26.325115121902822 ], [ 89.501476845779408, 26.324818438640488 ], [ 89.501021085678914, 26.324443802955475 ], [ 89.500807968080196, 26.323986501596092 ], [ 89.500925879451131, 26.323536835111671 ], [ 89.501576554224101, 26.32313196580245 ], [ 89.501827250911958, 26.322976064448081 ], [ 89.502832553380031, 26.3227831286023 ], [ 89.503614020704376, 26.32294991897896 ], [ 89.503869290920164, 26.323101940716349 ], [ 89.504137013752455, 26.323261341799011 ], [ 89.504398507682282, 26.323409347173865 ], [ 89.50451767550517, 26.323206278517933 ], [ 89.504531324313604, 26.322867045477754 ], [ 89.504543946822466, 26.322450909097117 ], [ 89.504772421154755, 26.322109389254678 ], [ 89.505126878783074, 26.321944979034562 ], [ 89.505504392009712, 26.321936599085028 ], [ 89.50591710803495, 26.321834945826854 ], [ 89.506219630837535, 26.321558826687838 ], [ 89.506577409686287, 26.321236186370541 ], [ 89.5074760292203, 26.321277001067738 ], [ 89.508525470437618, 26.321145456795026 ], [ 89.509370084383619, 26.321110692680787 ], [ 89.51014107016087, 26.321522481010589 ], [ 89.510452056125587, 26.321668257238567 ], [ 89.510609242185524, 26.321801112110258 ], [ 89.510680694212382, 26.32186151598027 ], [ 89.510864892305918, 26.321848604646025 ], [ 89.510977636736655, 26.321710855115658 ], [ 89.511080816978478, 26.321584672431079 ], [ 89.511382145485854, 26.321267067292471 ], [ 89.511750207851819, 26.321241283735649 ], [ 89.512075910577948, 26.321423591693499 ], [ 89.512211398042709, 26.321739759193388 ], [ 89.512305524085264, 26.322315854300737 ], [ 89.512369945718476, 26.322927693162558 ], [ 89.512522939266674, 26.323226646476442 ], [ 89.512893238495366, 26.323252428654161 ], [ 89.513061354046528, 26.323245502400336 ], [ 89.513388812882383, 26.323232022462889 ], [ 89.513677048681245, 26.323095589114896 ], [ 89.513758236420273, 26.322860471889253 ], [ 89.513752570861783, 26.322657541485878 ], [ 89.513747977950814, 26.322498144604079 ], [ 89.514486134326631, 26.322178910104167 ], [ 89.515207970066797, 26.321972169180743 ], [ 89.51560355939678, 26.321893869174982 ], [ 89.515884303182006, 26.321870051817054 ], [ 89.516050221847664, 26.321900711985666 ], [ 89.516127442966578, 26.322209696184544 ], [ 89.516262296446016, 26.322500070290353 ], [ 89.516657994093791, 26.323077882350447 ], [ 89.517330091510729, 26.323485244550643 ], [ 89.518124461670581, 26.32376029319262 ], [ 89.518605566107667, 26.323947714149345 ], [ 89.518943477158459, 26.324216135440135 ], [ 89.51899095292336, 26.324508495503757 ], [ 89.518815709538828, 26.324823328205692 ], [ 89.518418823648062, 26.325212500823451 ], [ 89.518271483509551, 26.325544564996576 ], [ 89.518174635958999, 26.326560523882858 ], [ 89.518243152336979, 26.327314344697839 ], [ 89.518472572963304, 26.327795452537796 ], [ 89.518875775913926, 26.327941250926102 ], [ 89.519239589839046, 26.328044519721242 ], [ 89.519358538548801, 26.328241592189034 ], [ 89.519517003828639, 26.32852478702306 ], [ 89.519674931806293, 26.328729640989401 ], [ 89.520078196396469, 26.328849224084731 ], [ 89.520212632092012, 26.328827988039446 ], [ 89.520481291748013, 26.328785503961431 ], [ 89.520902416266793, 26.328521021009955 ], [ 89.521072484457889, 26.328225520869832 ], [ 89.521159278892711, 26.327897070732046 ], [ 89.521616962538971, 26.327798442805317 ], [ 89.521940422277908, 26.327859483575008 ], [ 89.522200754280917, 26.327740565333936 ], [ 89.522378720780964, 26.327848635367204 ], [ 89.522474708637489, 26.328192257311755 ], [ 89.522692457070306, 26.328854090898108 ], [ 89.522915395699229, 26.329439038357002 ], [ 89.523122291056168, 26.330472415540573 ], [ 89.523149795555923, 26.330679378044277 ], [ 89.523167290957787, 26.330813454097065 ], [ 89.523335275178084, 26.330860744230264 ], [ 89.523637058809356, 26.33056986072987 ], [ 89.523935049983251, 26.330123317337332 ], [ 89.524051052250584, 26.329967667212081 ], [ 89.524283857204878, 26.329652405478583 ], [ 89.524771875834134, 26.329364496498261 ], [ 89.524916985190842, 26.329352574821176 ], [ 89.524945921954, 26.329671167617235 ], [ 89.525007466755156, 26.330109702430661 ], [ 89.525015477057337, 26.330769984052409 ], [ 89.524888518903282, 26.33142374494949 ], [ 89.524898739516445, 26.331794250142721 ], [ 89.525078794326333, 26.332115146954131 ], [ 89.525540542236058, 26.332124041890403 ], [ 89.526060449072659, 26.331952490196304 ], [ 89.526681188741406, 26.331846515832233 ], [ 89.527139095858644, 26.331621715374187 ], [ 89.527915236227159, 26.331355772294177 ], [ 89.528500138818231, 26.331259074953881 ], [ 89.528857186420353, 26.331056521457874 ], [ 89.529200544114104, 26.331026235660445 ], [ 89.529374937148489, 26.331110241661914 ], [ 89.529436942651174, 26.331308249500328 ], [ 89.529409890951811, 26.331998525461618 ], [ 89.529399142847097, 26.332733087909862 ], [ 89.529402434422764, 26.333229279722623 ], [ 89.529280882250745, 26.33365736214661 ], [ 89.529003384268393, 26.333796220347555 ], [ 89.528624357611292, 26.333846583536769 ], [ 89.528159059830415, 26.333958435157246 ], [ 89.527908683117488, 26.33413334213213 ], [ 89.527813276964935, 26.334358290460329 ], [ 89.52782661700104, 26.334582656195686 ], [ 89.528133841001008, 26.335455691848669 ], [ 89.528322376813094, 26.335655116119007 ], [ 89.528563936639472, 26.335685317775006 ], [ 89.528892766230456, 26.335622003155294 ], [ 89.529049461905174, 26.335609252375889 ], [ 89.529083546120333, 26.335741719515241 ], [ 89.529043442889702, 26.335983433427046 ], [ 89.52921811818976, 26.336254915539573 ], [ 89.529516627538158, 26.336328165397756 ], [ 89.529762684742153, 26.336509516228595 ], [ 89.529775925077274, 26.336695397432386 ], [ 89.529750199611726, 26.336882089559172 ], [ 89.529804713623847, 26.337048662134489 ], [ 89.530031980018208, 26.337095108729653 ], [ 89.530397582110268, 26.337041937331154 ], [ 89.530565634281345, 26.337089929076715 ], [ 89.530626480553622, 26.337323439072534 ], [ 89.530697697218713, 26.33748665244665 ], [ 89.530955123306214, 26.337593247820021 ], [ 89.531170647438685, 26.33751854626275 ], [ 89.531465367658527, 26.337424300946523 ], [ 89.531780193060413, 26.337303166235316 ], [ 89.532026621471118, 26.337296998130689 ], [ 89.532135065084191, 26.337311743072661 ], [ 89.532253809608832, 26.337465770781556 ], [ 89.532274561359458, 26.337639458965572 ], [ 89.532403289412215, 26.33774078009046 ], [ 89.532562614926746, 26.337766275105984 ], [ 89.53263967641297, 26.337778614632015 ], [ 89.532993101852028, 26.337683061037264 ], [ 89.533238244292789, 26.337476601280908 ], [ 89.533385884934034, 26.337219690458806 ], [ 89.533348249480028, 26.336887908290439 ], [ 89.533312960335579, 26.336546264617891 ], [ 89.533282078611933, 26.336132602319839 ], [ 89.533443454495057, 26.335960847688469 ], [ 89.533830095303045, 26.335775203433016 ], [ 89.534089771099602, 26.33553974378896 ], [ 89.534512866507455, 26.334896708833998 ], [ 89.536063248252489, 26.334829347514464 ], [ 89.537816743398309, 26.335003575712992 ], [ 89.539337778532115, 26.33485015388861 ], [ 89.539891264091182, 26.334964388674003 ], [ 89.540707007956726, 26.335761675023136 ], [ 89.540526847071575, 26.33536355064712 ], [ 89.540524191396358, 26.334915191390571 ], [ 89.540700584036983, 26.334751934231232 ], [ 89.540985634207885, 26.334842649901962 ], [ 89.541416795757755, 26.335442756695794 ], [ 89.541810973075044, 26.335851521450472 ], [ 89.542381654914337, 26.336000621138673 ], [ 89.542686113622722, 26.336017563895876 ], [ 89.542786319454564, 26.336023142322393 ], [ 89.543236393208304, 26.33604820941844 ], [ 89.543698979963295, 26.336039361739726 ], [ 89.544514400354132, 26.335768066280998 ], [ 89.544671828561917, 26.335541346163037 ], [ 89.544844744052071, 26.335154711615164 ], [ 89.544822831755766, 26.334851776173394 ], [ 89.544655258853311, 26.334328304461813 ], [ 89.544095816927168, 26.333748444200332 ], [ 89.543585360423918, 26.332944885305746 ], [ 89.543357630980154, 26.332136820006191 ], [ 89.54334155414233, 26.331325537114527 ], [ 89.543659732914634, 26.331288144954435 ], [ 89.544120949705743, 26.331311854636311 ], [ 89.545088784816002, 26.33183566587304 ], [ 89.54584022520946, 26.332172364465073 ], [ 89.546265621938431, 26.332164759529892 ], [ 89.5469345818302, 26.331930016094404 ], [ 89.547209436077594, 26.331511474489663 ], [ 89.547199849683366, 26.33106629984831 ], [ 89.546938535911949, 26.330466697208646 ], [ 89.546218571131902, 26.329970773621131 ], [ 89.545383334610221, 26.329095757101172 ], [ 89.545051725369902, 26.328561656299158 ], [ 89.544866962416293, 26.328247379896716 ], [ 89.545037940318096, 26.327990268075798 ], [ 89.545319821319183, 26.327921682637555 ], [ 89.545815840222318, 26.327912730435134 ], [ 89.546174771381217, 26.328096799012268 ], [ 89.546679973471839, 26.328468849022624 ], [ 89.547143626593538, 26.328587561439747 ], [ 89.547496457119422, 26.328517642575605 ], [ 89.547706797190045, 26.32841851946035 ], [ 89.547877891612842, 26.32816125451285 ], [ 89.547870997826905, 26.327875474303553 ], [ 89.547641313513239, 26.327180917196966 ], [ 89.547268019316078, 26.326425689789161 ], [ 89.547283480071599, 26.325631763833925 ], [ 89.548211326916643, 26.324471850068253 ], [ 89.548453078091214, 26.324100842121499 ], [ 89.548478191774279, 26.324062298822547 ], [ 89.549132443530738, 26.323058059652663 ], [ 89.549153072694992, 26.322486401407566 ], [ 89.548998036385257, 26.321981573090255 ], [ 89.548838963365824, 26.321235593045184 ], [ 89.548755376053307, 26.320843823803365 ], [ 89.548449982168705, 26.320024706161316 ], [ 89.547863342235615, 26.319306264476985 ], [ 89.547249592972335, 26.318905671718802 ], [ 89.546881475602916, 26.318405228583948 ], [ 89.546927805623241, 26.31748445046366 ], [ 89.546863425452358, 26.316407250328812 ], [ 89.546446359071581, 26.314100060000264 ], [ 89.546208788687622, 26.313157343566594 ], [ 89.546186012450406, 26.313066980991817 ], [ 89.546008884975137, 26.312364381458902 ], [ 89.545785689076027, 26.311988247913384 ], [ 89.545319327040616, 26.311807239093955 ], [ 89.544280988341313, 26.311479076234491 ], [ 89.542416069526453, 26.3107869951235 ], [ 89.541475142552599, 26.310140046714846 ], [ 89.541234146485976, 26.309959436789022 ], [ 89.540568723213639, 26.309460783805388 ], [ 89.540191928797157, 26.308675826967448 ], [ 89.540033329393211, 26.308076690846168 ], [ 89.540260754138885, 26.307311247405693 ], [ 89.540804155558646, 26.306412551095562 ], [ 89.541559827975831, 26.305477740412893 ], [ 89.542492536257598, 26.304507443532437 ], [ 89.543077526790725, 26.303797735590781 ], [ 89.543763665786585, 26.30286371880203 ], [ 89.544494052075649, 26.302245823719158 ], [ 89.545446807671013, 26.301972213057613 ], [ 89.546298722264325, 26.301922766521507 ], [ 89.547930030318966, 26.301761833761102 ], [ 89.548887889505522, 26.301678358123834 ], [ 89.550420557972103, 26.30183681159459 ], [ 89.55152828278824, 26.302067661132437 ], [ 89.551814083228209, 26.302125193740896 ], [ 89.551914543010298, 26.301869082001183 ], [ 89.552175995593188, 26.300910983903968 ], [ 89.552245126478425, 26.299321624555244 ], [ 89.552415459908744, 26.299000408540799 ], [ 89.552802098002118, 26.298801638579381 ], [ 89.553113996301775, 26.298445612477551 ], [ 89.553137141156014, 26.297905100989372 ], [ 89.553196645768992, 26.297395556732685 ], [ 89.55358491754707, 26.297260196453085 ], [ 89.554438350743382, 26.297241976201967 ], [ 89.554828786388271, 26.297201866629418 ], [ 89.554892779464751, 26.296882764874422 ], [ 89.554488097126224, 26.296287722289435 ], [ 89.554187299122717, 26.295563363797051 ], [ 89.553700266527628, 26.294461708461384 ], [ 89.553419214906683, 26.29300602963351 ], [ 89.553271351091581, 26.291102419568325 ], [ 89.553046246241266, 26.290567042121072 ], [ 89.552964244063787, 26.290060308278999 ], [ 89.552957520299344, 26.289742615721092 ], [ 89.553267935466593, 26.289259010825187 ], [ 89.553658941522883, 26.289218614166685 ], [ 89.554086212795539, 26.289209205177453 ], [ 89.55465194267147, 26.28900600610265 ], [ 89.554602558570991, 26.288339493559011 ], [ 89.554588869652235, 26.287672169153765 ], [ 89.554835570075198, 26.287539533642541 ], [ 89.555193641532966, 26.287626981774043 ], [ 89.555183967779627, 26.287150279549074 ], [ 89.554933370085777, 26.287092251773501 ], [ 89.554361561037908, 26.287009562649502 ], [ 89.553715233736256, 26.286769578435642 ], [ 89.553601883542186, 26.286454179616374 ], [ 89.553738553385784, 26.286165006347169 ], [ 89.554059165826601, 26.286157867992952 ], [ 89.55419651526222, 26.285900456709889 ], [ 89.554150635102843, 26.285392766074196 ], [ 89.554427371927588, 26.284973239392421 ], [ 89.554816758297065, 26.28483734193248 ], [ 89.555314932580913, 26.284794398256391 ], [ 89.55574687231443, 26.285007332994329 ], [ 89.555894410648861, 26.285258432866968 ], [ 89.556398798524171, 26.285533375109107 ], [ 89.556933737827904, 26.285553245208053 ], [ 89.557181828148089, 26.285484106594311 ], [ 89.557392431036348, 26.285320394887815 ], [ 89.557493700171818, 26.285031902128658 ], [ 89.558063636773639, 26.285019171156556 ], [ 89.558669170757511, 26.285005646783215 ], [ 89.559058524828359, 26.284869720575557 ], [ 89.559976102798501, 26.28440387501335 ], [ 89.560150579779446, 26.284209102144235 ], [ 89.560173599038066, 26.283540528919033 ], [ 89.560045292033479, 26.282398121245311 ], [ 89.559893894628047, 26.281924314923728 ], [ 89.55959937416273, 26.281421928617849 ], [ 89.5591195838917, 26.280541970183346 ], [ 89.558003915820166, 26.279994650538789 ], [ 89.557003268141571, 26.279890163084968 ], [ 89.555399330731873, 26.279958472663186 ], [ 89.554512116417541, 26.280201298215971 ], [ 89.553951399913473, 26.280722890946492 ], [ 89.553334487164364, 26.282008869107937 ], [ 89.552721293127362, 26.283453525082294 ], [ 89.552020010151267, 26.284041547289384 ], [ 89.551419312514156, 26.284309341864937 ], [ 89.550672187224194, 26.284389659525832 ], [ 89.549204312954828, 26.284104695826937 ], [ 89.546804664416285, 26.283618239464779 ], [ 89.546300179736264, 26.283375339328124 ], [ 89.546291458038141, 26.282962416470909 ], [ 89.546235094832909, 26.281978525790311 ], [ 89.546223795215099, 26.281438513252336 ], [ 89.546752823975609, 26.28114050282252 ], [ 89.547073815597983, 26.281133232450646 ], [ 89.547068563006363, 26.280879082170529 ], [ 89.54695565641525, 26.280595587653135 ], [ 89.546597646376483, 26.280540146172029 ], [ 89.545451538183201, 26.280343694250995 ], [ 89.545093478610994, 26.280288265142222 ], [ 89.544945462549805, 26.280037391845351 ], [ 89.544864815275403, 26.27959431005765 ], [ 89.544490774188247, 26.278776558315151 ], [ 89.544267395719714, 26.278336741194469 ], [ 89.544403549989326, 26.278015820266344 ], [ 89.544862273816648, 26.277751057237619 ], [ 89.546166709589485, 26.276926479643951 ], [ 89.547137684285886, 26.275473542759634 ], [ 89.548104624361045, 26.273765970001374 ], [ 89.54943479220438, 26.272303859106056 ], [ 89.550193208784052, 26.270791130759829 ], [ 89.550543059405371, 26.270369350603005 ], [ 89.550899865158684, 26.270329115264126 ], [ 89.551475646203741, 26.270538214421418 ], [ 89.552566341472939, 26.271562390069043 ], [ 89.553362442282449, 26.272116378980446 ], [ 89.553757595554288, 26.272234385944799 ], [ 89.554112492329594, 26.272098804991618 ], [ 89.554639264695794, 26.271577356710694 ], [ 89.555740237852334, 26.270042784654219 ], [ 89.555892892758067, 26.269829730032608 ], [ 89.556132394944655, 26.269283128127963 ], [ 89.556125185529041, 26.268901407781872 ], [ 89.55568588236801, 26.268307102925927 ], [ 89.553853658789478, 26.26574094835976 ], [ 89.553234948635676, 26.264802573984227 ], [ 89.553119092624456, 26.264626858926846 ], [ 89.552531588659946, 26.263735780065172 ], [ 89.548563296293111, 26.259503863558972 ], [ 89.544225414976196, 26.254710122583312 ], [ 89.542290884467349, 26.252658823728677 ], [ 89.54210771079353, 26.252672589629928 ], [ 89.541644136197078, 26.252707427197276 ], [ 89.540964634769381, 26.252979677033512 ], [ 89.540463583594459, 26.253151778407513 ], [ 89.540324550248229, 26.253473590176974 ], [ 89.540330873532014, 26.253887074672587 ], [ 89.539944911745209, 26.2545014865442 ], [ 89.539520757302654, 26.254957701129257 ], [ 89.538483194870636, 26.255270483786941 ], [ 89.537658122407976, 26.255386974272064 ], [ 89.536865094991526, 26.255280089187732 ], [ 89.536138818805895, 26.254885445778719 ], [ 89.535153312000631, 26.254084394613123 ], [ 89.534817123043197, 26.254048660738377 ], [ 89.534432063540251, 26.254007752657117 ], [ 89.534002327838664, 26.254018920824407 ], [ 89.5339666058956, 26.254019850095119 ], [ 89.53374836733488, 26.254025526978936 ], [ 89.53320568232985, 26.253880788338805 ], [ 89.532658870893414, 26.253513817046588 ], [ 89.532298846976715, 26.253523273611698 ], [ 89.531728638867946, 26.253855911669113 ], [ 89.531188606778144, 26.253870108488758 ], [ 89.530458274166733, 26.253349639180851 ], [ 89.529114206036624, 26.252782560794834 ], [ 89.52800157019945, 26.253035063949362 ], [ 89.527040835653139, 26.253664093634303 ], [ 89.526643277753095, 26.253611712549219 ], [ 89.526026540166527, 26.253406608994638 ], [ 89.525451473935135, 26.253452880484371 ], [ 89.52508928992026, 26.2533016382759 ], [ 89.52501251315438, 26.25301566726511 ], [ 89.525260492051586, 26.252786176625861 ], [ 89.525943887039361, 26.252770078221808 ], [ 89.526663321576251, 26.252752586932132 ], [ 89.52723652494663, 26.252578687787278 ], [ 89.527482342490316, 26.252189503974225 ], [ 89.528091765285851, 26.252014615600729 ], [ 89.528631832498093, 26.252000858036116 ], [ 89.528845367801097, 26.251835921644226 ], [ 89.528839559994779, 26.251453138027042 ], [ 89.528280081187077, 26.250158229628248 ], [ 89.528052723786985, 26.249493773110832 ], [ 89.528412115437973, 26.249389019520475 ], [ 89.528881232532569, 26.249377169943532 ], [ 89.528804477393479, 26.249091953443259 ], [ 89.528491580682612, 26.247792588775059 ], [ 89.528802865130572, 26.247051663489287 ], [ 89.529617229047034, 26.246074824708806 ], [ 89.529838111311989, 26.245820993639544 ], [ 89.529989179149254, 26.245647406166956 ], [ 89.530109557466645, 26.245509095130483 ], [ 89.530134689184663, 26.245480219866163 ], [ 89.530468143590198, 26.245097147387281 ], [ 89.532883715005283, 26.242390324835963 ], [ 89.533202538837401, 26.241967941243043 ], [ 89.53348998884627, 26.24176893299644 ], [ 89.53381798060542, 26.241759485666801 ], [ 89.534181190487459, 26.241701353482259 ], [ 89.534434741625958, 26.241630461853347 ], [ 89.534596075843297, 26.241498575377836 ], [ 89.534610292774644, 26.241291388231186 ], [ 89.534354006865428, 26.239662601103142 ], [ 89.534349721308104, 26.239504075583493 ], [ 89.534475119706528, 26.239389091381618 ], [ 89.534712716950452, 26.239349910381957 ], [ 89.535147711573202, 26.239145844009503 ], [ 89.535797453814027, 26.238728536121108 ], [ 89.536032890158509, 26.238609971544729 ], [ 89.536307417608, 26.238601403583509 ], [ 89.536505506719948, 26.238452195836658 ], [ 89.536496853084927, 26.238071096036585 ], [ 89.536478629721387, 26.237357232303825 ], [ 89.536651462507862, 26.236954979798792 ], [ 89.536978530385568, 26.236785436981879 ], [ 89.537152032203849, 26.236767159082167 ], [ 89.537378318488351, 26.236743349702916 ], [ 89.537639513017922, 26.23671590819907 ], [ 89.538318412172117, 26.236693858765697 ], [ 89.53908776103475, 26.236701210332281 ], [ 89.539856699042446, 26.236804674657517 ], [ 89.540173315500311, 26.236675750361925 ], [ 89.54036463361129, 26.236597840638741 ], [ 89.540577518347661, 26.236145041802128 ], [ 89.540865786525842, 26.233684749314751 ], [ 89.541229076003077, 26.233417925596918 ], [ 89.541746094760867, 26.233463650002069 ], [ 89.542330543582906, 26.233221082103544 ], [ 89.542545597952611, 26.232863597665439 ], [ 89.542787986236974, 26.231996456841866 ], [ 89.542851362775565, 26.231549928839151 ], [ 89.543479867473337, 26.231431080813682 ], [ 89.54407036939898, 26.231377941781624 ], [ 89.544693612404231, 26.231133031918244 ], [ 89.545532470935953, 26.230306140309843 ], [ 89.545934076519217, 26.229845004615424 ], [ 89.546374549496477, 26.2296057765138 ], [ 89.547212906898565, 26.229259419330937 ], [ 89.547546230727619, 26.228542112283424 ], [ 89.547861642978987, 26.22787193754257 ], [ 89.548084381782317, 26.227208592267854 ], [ 89.549056212768022, 26.226153340711765 ], [ 89.549197682141653, 26.225857589715684 ], [ 89.549299755041261, 26.225644408829336 ], [ 89.549196589164623, 26.224930497896967 ], [ 89.549029329355776, 26.224513976090027 ], [ 89.549782261833613, 26.223815784302207 ], [ 89.550411835408141, 26.223032146883309 ], [ 89.551037207590639, 26.222251484750831 ], [ 89.551430970073611, 26.221832493212329 ], [ 89.551546925183416, 26.221379948715594 ], [ 89.551548252501036, 26.221107416587234 ], [ 89.551905505239517, 26.220961670238413 ], [ 89.552315137541598, 26.220967201838061 ], [ 89.552619912951414, 26.220939838981497 ], [ 89.552636020312363, 26.220649906739983 ], [ 89.554900649029378, 26.217304678959692 ], [ 89.556881540283797, 26.21538248507391 ], [ 89.558888214784332, 26.214058779375669 ], [ 89.559647635808986, 26.213745059968545 ], [ 89.560862205738914, 26.213511656899048 ], [ 89.560869571308459, 26.213510260468542 ], [ 89.562647167268977, 26.21341009739514 ], [ 89.56287782400338, 26.212553931437366 ], [ 89.563803156488135, 26.2113918748638 ], [ 89.565118703015429, 26.210385753704507 ], [ 89.566948391992298, 26.209421131144442 ], [ 89.568635656370816, 26.209265208330056 ], [ 89.571458836004112, 26.209013652763122 ], [ 89.571484801179267, 26.209012389563835 ], [ 89.572048146807987, 26.208879300790077 ], [ 89.572127309061599, 26.208860927948688 ], [ 89.572383078745787, 26.208801767652325 ], [ 89.572423337405951, 26.208792459829802 ], [ 89.573463889587302, 26.208230674689737 ], [ 89.574472712024075, 26.20800023748096 ], [ 89.573653681452228, 26.207047220258701 ], [ 89.572842159567912, 26.20631031543855 ], [ 89.572720919988029, 26.20620062035335 ], [ 89.572720514586038, 26.206200836064568 ], [ 89.570197529183929, 26.20753970783915 ], [ 89.566908326089134, 26.208638700336348 ], [ 89.566757848372546, 26.20861516938621 ], [ 89.566460411444794, 26.208652577749195 ], [ 89.566214870484444, 26.208683528057723 ], [ 89.565955959723013, 26.208716232691529 ], [ 89.565504289413056, 26.208773449887417 ], [ 89.564268842550518, 26.2090161457979 ], [ 89.562968262449431, 26.209847627422956 ], [ 89.561842362243894, 26.209915476736494 ], [ 89.56103542521312, 26.209776701299713 ], [ 89.560743837004864, 26.209883002643828 ], [ 89.560539427766159, 26.21022528429511 ], [ 89.560254275215058, 26.210546466558743 ], [ 89.559595214807615, 26.210906902261797 ], [ 89.558586978831016, 26.21126117289921 ], [ 89.557971791177025, 26.211338626064911 ], [ 89.557215080917999, 26.210396264653991 ], [ 89.556539698003263, 26.210336428080609 ], [ 89.55579120082372, 26.210550433866977 ], [ 89.555327330600036, 26.210411121511832 ], [ 89.554550171110193, 26.20983008506375 ], [ 89.553950347031034, 26.20975293206622 ], [ 89.553496572054883, 26.209989911105882 ], [ 89.552760974969388, 26.209961779373831 ], [ 89.552532628575193, 26.209711117376827 ], [ 89.55234060535166, 26.209019354483125 ], [ 89.551982077384679, 26.208265010187375 ], [ 89.551190714427776, 26.207192679096881 ], [ 89.550414162053613, 26.206419555805414 ], [ 89.55040052402174, 26.206405977377639 ], [ 89.55040321660708, 26.206476975511286 ], [ 89.550403552843903, 26.206485834830119 ], [ 89.550407086135479, 26.206578917186441 ], [ 89.550420777327233, 26.206942762754288 ], [ 89.550411790548225, 26.207112529443187 ], [ 89.550357950933787, 26.208108564209912 ], [ 89.55030698631596, 26.208914359405458 ], [ 89.549999127964227, 26.209946931478825 ], [ 89.549478740265414, 26.210709073221604 ], [ 89.549252570668173, 26.210904550683399 ], [ 89.548590081083063, 26.211325466479291 ], [ 89.547966626508398, 26.21159012337932 ], [ 89.547745232959045, 26.211684784116262 ], [ 89.547635822328601, 26.211731345269236 ], [ 89.547136913728266, 26.211751450859254 ], [ 89.547057399677016, 26.211745167078657 ], [ 89.546635949407374, 26.211714110211492 ], [ 89.546350556254609, 26.211814083831122 ], [ 89.546524627467278, 26.212048702002367 ], [ 89.5466623247152, 26.212226438444937 ], [ 89.546459331549755, 26.212572470202932 ], [ 89.546054126724499, 26.212353106337339 ], [ 89.545535091191795, 26.212163698055214 ], [ 89.545152456443546, 26.212141537480338 ], [ 89.544798646847624, 26.212236592414261 ], [ 89.544267460153804, 26.212519318662618 ], [ 89.544089505246134, 26.212613758127528 ], [ 89.543452257625304, 26.212543778372101 ], [ 89.543412828053434, 26.212539880225535 ], [ 89.542969971324609, 26.212420055649041 ], [ 89.542514194503866, 26.212298140836545 ], [ 89.542498598944718, 26.211995119996789 ], [ 89.542534464117381, 26.21182216956435 ], [ 89.542568891350257, 26.21166457477106 ], [ 89.542679714440567, 26.211257062977694 ], [ 89.542553884210875, 26.210845820310684 ], [ 89.542063573441439, 26.21067018208462 ], [ 89.54204358279317, 26.210315936559116 ], [ 89.542206978074177, 26.20987565527728 ], [ 89.542291200173651, 26.209519754064853 ], [ 89.542302944076454, 26.209469096863707 ], [ 89.542180247809995, 26.208873074879772 ], [ 89.541362444582603, 26.208400668966469 ], [ 89.540777757769902, 26.208022451690901 ], [ 89.540382845724579, 26.207770555628446 ], [ 89.540308948577874, 26.207751140484739 ], [ 89.538899178040481, 26.207473876603462 ], [ 89.537149429593256, 26.207117878666494 ], [ 89.53646997384206, 26.207033952133369 ], [ 89.536092500427358, 26.207153167021421 ], [ 89.535744525398215, 26.207501096148267 ], [ 89.535576630997568, 26.208070393497184 ], [ 89.535171601062657, 26.208661749741676 ], [ 89.535004560817612, 26.208765597172409 ], [ 89.534703639091788, 26.208562922557746 ], [ 89.534098824044008, 26.207765749617231 ], [ 89.532760084132519, 26.206339382537426 ], [ 89.531092680052069, 26.204828829239162 ], [ 89.527967512048633, 26.204131263034743 ], [ 89.52781664703673, 26.204095413498294 ], [ 89.52751574006696, 26.204020126776403 ], [ 89.526927748668257, 26.203861519582404 ], [ 89.526504620411814, 26.203741194284252 ], [ 89.525244376580687, 26.203359638132511 ], [ 89.521672126392673, 26.202748470596156 ], [ 89.517238770540587, 26.20262714437634 ], [ 89.515513026398395, 26.202716294287193 ], [ 89.515357785661564, 26.202774330453121 ], [ 89.514859003511077, 26.202963183569523 ], [ 89.514616882576348, 26.203056152153568 ], [ 89.514197673692848, 26.203219084914103 ], [ 89.51415766742268, 26.203234777554172 ], [ 89.513172013682762, 26.203410036546373 ], [ 89.512134656292986, 26.203531520746473 ], [ 89.511565863231169, 26.203646469181717 ], [ 89.51093540543809, 26.203648735214731 ], [ 89.509573949955723, 26.203477546260114 ], [ 89.508817835882368, 26.203222351560782 ], [ 89.50857169166531, 26.203370608206278 ], [ 89.50845871820637, 26.203618449228696 ], [ 89.508267458217802, 26.204272909226791 ], [ 89.508378819588714, 26.204439261777242 ], [ 89.508804134113802, 26.204506551294816 ], [ 89.511356777711228, 26.204908963961408 ], [ 89.515320962972012, 26.205177036586594 ], [ 89.518123369197355, 26.205513812926583 ], [ 89.520922315728882, 26.206168722053878 ], [ 89.521207716730657, 26.206276756487213 ], [ 89.521501665006539, 26.206453955514348 ], [ 89.521603924875677, 26.206608730181209 ], [ 89.521465905276258, 26.206896559091689 ], [ 89.520867684289641, 26.208721088592455 ], [ 89.520927715133823, 26.209160620387486 ], [ 89.521341542236627, 26.209636668341034 ], [ 89.521833173200605, 26.210004578638593 ], [ 89.522156285519557, 26.210266716145107 ], [ 89.522469535708495, 26.210373693751126 ], [ 89.52265912046461, 26.210607685190542 ], [ 89.522717004836025, 26.2108979918379 ], [ 89.522681065277681, 26.212670453028792 ], [ 89.522706328921061, 26.212867418909887 ], [ 89.521929935325971, 26.212732458342973 ], [ 89.521571078183669, 26.212856518845069 ], [ 89.521349574846752, 26.212984016402881 ], [ 89.521266386967156, 26.214567040221123 ], [ 89.520975082258204, 26.215896681717904 ], [ 89.520241138945437, 26.216928145787257 ], [ 89.519671691268428, 26.217340026276283 ], [ 89.519563991052394, 26.217425226475278 ], [ 89.519110752848306, 26.217691557581343 ], [ 89.518557209519415, 26.217715410032277 ], [ 89.517352272541771, 26.217200694170842 ], [ 89.516718738129541, 26.216900467001423 ], [ 89.51612507210487, 26.216982278659653 ], [ 89.515110178159262, 26.217190612170999 ], [ 89.514544756080994, 26.217207229097912 ], [ 89.513599469725364, 26.217187811697613 ], [ 89.512351088144925, 26.217528898872416 ], [ 89.511237392917621, 26.218067959537994 ], [ 89.510261804948527, 26.218253089676569 ], [ 89.509832541820515, 26.218472797619572 ], [ 89.509462618798096, 26.218699700858991 ], [ 89.509161860019731, 26.219216682719885 ], [ 89.508983479192466, 26.219345401993067 ], [ 89.50853341334718, 26.219594540419941 ], [ 89.508239866119368, 26.219734543689512 ], [ 89.508096236925809, 26.219993495572655 ], [ 89.50827092321731, 26.220758523903573 ], [ 89.508454473343306, 26.22276878911601 ], [ 89.508466074117976, 26.223321614695511 ], [ 89.508415607042792, 26.223366692207264 ], [ 89.508053087442306, 26.223740421899805 ], [ 89.506624197318047, 26.224230711512845 ], [ 89.50293218509826, 26.225280364509135 ], [ 89.500783952030559, 26.224601983197005 ], [ 89.497745467448581, 26.222793263483165 ], [ 89.496473902557028, 26.221966655246046 ], [ 89.494597230319272, 26.220142746007056 ], [ 89.494294049668724, 26.220060522128531 ], [ 89.494219601830466, 26.220077235279096 ], [ 89.493993072244038, 26.220112917773758 ], [ 89.493421033784358, 26.220723191700429 ], [ 89.492710137951974, 26.221339164835211 ], [ 89.492251546372401, 26.222192321152885 ], [ 89.490892184784286, 26.224107020358609 ], [ 89.490084217869935, 26.225099899238334 ], [ 89.489733817985027, 26.2263941689449 ], [ 89.489202867300449, 26.227531120073515 ], [ 89.489142688175178, 26.227587854783291 ], [ 89.488564006127788, 26.22818695497941 ], [ 89.488565058885044, 26.228515043162552 ], [ 89.48848265092353, 26.228877833698416 ], [ 89.488266488072071, 26.229223764402541 ], [ 89.487769895685645, 26.229180497081028 ], [ 89.487563719165067, 26.22908523736902 ], [ 89.487158350992843, 26.228705543031108 ], [ 89.486574926870858, 26.227689048396524 ], [ 89.484804929752556, 26.225613250436663 ], [ 89.484365352830764, 26.225318889150234 ], [ 89.48377182489665, 26.225234041145356 ], [ 89.483175826818723, 26.225194990526138 ], [ 89.482857317766474, 26.225211491652662 ], [ 89.4826531226322, 26.225286990788383 ], [ 89.482582379060688, 26.225416112188697 ], [ 89.48251046437629, 26.225683747322009 ], [ 89.482374830561824, 26.225949567687547 ], [ 89.482311075737869, 26.226090531840367 ], [ 89.482053977803176, 26.226187011825122 ], [ 89.481543675700365, 26.22622324626839 ], [ 89.481151079279172, 26.226205031555789 ], [ 89.480553444892166, 26.226389109310425 ], [ 89.480197939317904, 26.226785208221145 ], [ 89.479760790149641, 26.228511683999606 ], [ 89.478844583645937, 26.228654942014224 ], [ 89.478150486196213, 26.228720078530404 ], [ 89.477849785980737, 26.228676523973473 ], [ 89.477698379539618, 26.228508848772428 ], [ 89.477696598753951, 26.228506879681138 ], [ 89.47767233141299, 26.228480268369001 ], [ 89.477691656545474, 26.228441603933803 ], [ 89.477173092237919, 26.226684628393006 ], [ 89.475810728567239, 26.223985886076431 ], [ 89.474516204114394, 26.222509474969971 ], [ 89.474472895811346, 26.222500744321021 ], [ 89.473567839340546, 26.222319064143012 ], [ 89.472526858638801, 26.222512648854565 ], [ 89.471852738919239, 26.222815339223146 ], [ 89.471560301382297, 26.223285694878587 ], [ 89.47142781255026, 26.224177499072663 ], [ 89.471277410618228, 26.224232214030138 ], [ 89.470903101322449, 26.224095418172325 ], [ 89.470359367492634, 26.223742397031618 ], [ 89.47005259011091, 26.223607819065975 ], [ 89.469807717215019, 26.223579703271913 ], [ 89.469578285440562, 26.223763513161085 ], [ 89.469529804029037, 26.224078252426139 ], [ 89.469528242398027, 26.224165630376014 ], [ 89.469528261232369, 26.224165811443392 ], [ 89.469573243165186, 26.224585287167663 ], [ 89.469505278584535, 26.225467444061152 ], [ 89.468749396944347, 26.225963633267757 ], [ 89.468241024754988, 26.226290277673289 ], [ 89.467968514277388, 26.228119844133268 ], [ 89.467821600292126, 26.228611184765683 ], [ 89.467448034624468, 26.228771269925122 ], [ 89.467126356856411, 26.228909540770196 ], [ 89.46691271138215, 26.229515827631587 ], [ 89.466380249921826, 26.230478466972443 ], [ 89.466323976176312, 26.230579386979908 ], [ 89.466124340414126, 26.230919462260356 ], [ 89.465382417446506, 26.231041017362962 ], [ 89.46419406800851, 26.231043984812825 ], [ 89.463138103560269, 26.231972270659579 ], [ 89.462948112990304, 26.232098875618323 ], [ 89.462170259245696, 26.232771054200185 ], [ 89.461762499724756, 26.232907897090517 ], [ 89.461733110077716, 26.232909945778371 ], [ 89.461727172386716, 26.232910045737139 ], [ 89.461030244531941, 26.23292176909866 ], [ 89.459967757412073, 26.232510829137855 ], [ 89.459108907930784, 26.231775589310118 ], [ 89.458772184169518, 26.23101227818508 ], [ 89.458056179851241, 26.227134101182926 ], [ 89.457854320271977, 26.226956690819147 ], [ 89.455686285811922, 26.225832354980355 ], [ 89.454636446999814, 26.225203229193152 ], [ 89.453131380802418, 26.224327542923021 ], [ 89.451497514775483, 26.224054225842526 ], [ 89.449315828245744, 26.224565038958758 ], [ 89.449293419727837, 26.22460095863072 ], [ 89.449187406199229, 26.22472740534371 ], [ 89.449115655847535, 26.224812295694608 ], [ 89.448811380508019, 26.224884443375188 ], [ 89.448522041702617, 26.224855309972167 ], [ 89.448490162296252, 26.224806927748592 ], [ 89.446660919327996, 26.223780893806122 ], [ 89.445670003524157, 26.223249750279955 ], [ 89.445103064348146, 26.22286561409269 ], [ 89.444878726135101, 26.222482061572041 ], [ 89.44483959647242, 26.221038940177014 ], [ 89.444701857713667, 26.220017738445343 ], [ 89.444318499197479, 26.219136441186084 ], [ 89.443726671412222, 26.218455226361787 ], [ 89.443081501643405, 26.218040620000171 ], [ 89.44308221525695, 26.218044030879206 ], [ 89.4429132522733, 26.218066005728339 ], [ 89.442617667083539, 26.21810923420745 ], [ 89.442051256372352, 26.218367187244233 ], [ 89.441543283955355, 26.219119059070284 ], [ 89.441557410626501, 26.219471888500646 ], [ 89.441505597575116, 26.219814776052932 ], [ 89.441291664179104, 26.219993733722223 ], [ 89.440770999020515, 26.220048169271017 ], [ 89.440091768323654, 26.21991119013737 ], [ 89.440072216550888, 26.219907247227173 ], [ 89.44003425743368, 26.219899591944831 ], [ 89.439967717008756, 26.219786673091757 ], [ 89.43986620397267, 26.21961440690739 ], [ 89.439866387279096, 26.219611396810937 ], [ 89.439512015033173, 26.218467625608341 ], [ 89.439088209900319, 26.218455717692208 ], [ 89.437407565581225, 26.218490793615413 ], [ 89.436547852701096, 26.218690264032297 ], [ 89.436452247240709, 26.218519652905059 ], [ 89.436408641217852, 26.216935155715362 ], [ 89.437018040161888, 26.216676146355258 ], [ 89.438104944594059, 26.215989138475706 ], [ 89.438412139314863, 26.21548727245515 ], [ 89.438509181467381, 26.214909524216619 ], [ 89.438548477438388, 26.214870354982153 ], [ 89.438577225247528, 26.214568977107639 ], [ 89.438711718334901, 26.213159024028577 ], [ 89.438442500613917, 26.212690989663823 ], [ 89.438151433177254, 26.212557370915885 ], [ 89.43759482377142, 26.212597850043636 ], [ 89.437077309907693, 26.212428280272221 ], [ 89.436709949247899, 26.212425633628232 ], [ 89.436073777685962, 26.212361751736651 ], [ 89.435876674097528, 26.212254312196546 ], [ 89.435719969887529, 26.21216939531309 ], [ 89.435710608789648, 26.212164271873213 ], [ 89.435655192064374, 26.212133939057662 ], [ 89.435636368665712, 26.212123636125895 ], [ 89.435626631793397, 26.212126601468292 ], [ 89.434529404100488, 26.212086074840094 ], [ 89.433947249651425, 26.212095935095086 ], [ 89.433126981094915, 26.212324816479043 ], [ 89.432762933067977, 26.212426396386618 ], [ 89.432235684674254, 26.212530830414195 ], [ 89.431967592311764, 26.212368223558727 ], [ 89.431883243447757, 26.212130875246284 ], [ 89.43156349819246, 26.211635847609571 ], [ 89.430284490978636, 26.211746534975873 ], [ 89.429177210188556, 26.211842351003341 ], [ 89.428350403323662, 26.21184133265017 ], [ 89.427928061614665, 26.211600804568175 ], [ 89.427600612928217, 26.211128781865622 ], [ 89.427110434812704, 26.210468484897046 ], [ 89.426457429814477, 26.209690811695182 ], [ 89.425509115029243, 26.208561422869082 ], [ 89.425162647778365, 26.208447880447999 ], [ 89.42452758523072, 26.208458594234862 ], [ 89.42426792308747, 26.208701751495159 ], [ 89.423747111569583, 26.209116456768452 ], [ 89.423402127753349, 26.209074518162058 ], [ 89.423159031691029, 26.208839839156742 ], [ 89.423044286706642, 26.208411974110842 ], [ 89.42289863100055, 26.207769730646014 ], [ 89.422654056574615, 26.207463441453211 ], [ 89.422230683355849, 26.20747057667284 ], [ 89.422020974313057, 26.207569621943374 ], [ 89.421396292363951, 26.208081579695467 ], [ 89.420919501337053, 26.208065733624608 ], [ 89.420673449117047, 26.207687833435976 ], [ 89.42030328004077, 26.206428544177466 ], [ 89.420188053575615, 26.205976806720987 ], [ 89.419920485673572, 26.205838044143309 ], [ 89.419655880944248, 26.205842498510055 ], [ 89.417999005594254, 26.206270507723765 ], [ 89.418022364472378, 26.206073337380442 ], [ 89.417841780492338, 26.205808814436036 ], [ 89.417834133799545, 26.205797613491015 ], [ 89.417545753829742, 26.205375186477955 ], [ 89.417544922934781, 26.20537414366353 ], [ 89.416892571102906, 26.204326021513857 ], [ 89.416824587863928, 26.204167920569326 ], [ 89.416815601572722, 26.204147022507577 ], [ 89.416479289777868, 26.20336488644185 ], [ 89.416627695435324, 26.202860956443097 ], [ 89.417091396883464, 26.202244276735001 ], [ 89.417315477494896, 26.201559990907821 ], [ 89.417343330624576, 26.20098645403387 ], [ 89.416980950119097, 26.200741829748594 ], [ 89.416542152371477, 26.200641755723698 ], [ 89.415826271591882, 26.200582153851794 ], [ 89.415672145978149, 26.200584743708077 ], [ 89.415230935791897, 26.200592156688504 ], [ 89.414867822557383, 26.200311722802351 ], [ 89.414262144443242, 26.199820460223521 ], [ 89.413976197052946, 26.199431276411982 ], [ 89.413496239935455, 26.199260250263762 ], [ 89.412306318604678, 26.199316038065227 ], [ 89.410322619588285, 26.199385125195914 ], [ 89.408017279256768, 26.199864659459124 ], [ 89.407968388116132, 26.199967342982351 ], [ 89.407915726710669, 26.200616011622078 ], [ 89.407994845978195, 26.201173555210776 ], [ 89.407987150862084, 26.201331713107084 ], [ 89.407885994517443, 26.201483389096531 ], [ 89.406360666186288, 26.201605467313019 ], [ 89.406100226551359, 26.201544982973658 ], [ 89.405921002028194, 26.200442203471262 ], [ 89.405778202381896, 26.200181114627707 ], [ 89.40547132807518, 26.200153021386274 ], [ 89.404678382248747, 26.200195512259604 ], [ 89.404187869398598, 26.200288791977851 ], [ 89.403502344856989, 26.200369539858681 ], [ 89.401692310676566, 26.200459012836333 ], [ 89.399919340520825, 26.200755994714136 ], [ 89.398875022159842, 26.200852265226306 ], [ 89.398389094991401, 26.200852700717942 ], [ 89.398185656367957, 26.200496780338955 ], [ 89.398228027697414, 26.20027104496269 ], [ 89.398159007619427, 26.200031583776124 ], [ 89.397814172434039, 26.20007137234531 ], [ 89.397037579508549, 26.200109689370162 ], [ 89.396440685069862, 26.200107638137734 ], [ 89.396101098411236, 26.199919327280643 ], [ 89.396015000298618, 26.199686899059017 ], [ 89.396043008487965, 26.19938594563903 ], [ 89.396223816695382, 26.19904435748925 ], [ 89.396268142215433, 26.198819790206361 ], [ 89.39623952816379, 26.198693356413184 ], [ 89.396118993648983, 26.198641417070615 ], [ 89.395750767140868, 26.198544274059717 ], [ 89.395459819239889, 26.198508072793874 ], [ 89.395308230940714, 26.198547728966115 ], [ 89.395087072122976, 26.198648217515945 ], [ 89.394970641445681, 26.198755649360852 ], [ 89.394829946547503, 26.198895641440743 ], [ 89.394560385256327, 26.199173083590711 ], [ 89.394361014069986, 26.199377854925125 ], [ 89.393932329245942, 26.199675633625912 ], [ 89.393134528299058, 26.199695421716275 ], [ 89.392469746206359, 26.199553368865399 ], [ 89.3921631131889, 26.199431629773702 ], [ 89.391238160463757, 26.199083281208889 ], [ 89.39048019227792, 26.198535444057267 ], [ 89.390184448727723, 26.198088118120353 ], [ 89.389998186657053, 26.197689410209186 ], [ 89.389685548366174, 26.197515141686022 ], [ 89.388503288387767, 26.197059065521646 ], [ 89.388308190395705, 26.197010114208215 ], [ 89.387950201230595, 26.196921851319601 ], [ 89.387239901930386, 26.196752264218194 ], [ 89.38720600613479, 26.196744345489442 ], [ 89.385847865757967, 26.196251001601677 ], [ 89.383162166442432, 26.195665758049632 ], [ 89.382465157792595, 26.195307516872063 ], [ 89.382422031960971, 26.195285669383981 ], [ 89.380978897505884, 26.194578034669075 ], [ 89.379305260993277, 26.194045860997306 ], [ 89.378682390964983, 26.19403917151358 ], [ 89.378526630440518, 26.194047098022583 ], [ 89.378348586084087, 26.194108870524843 ], [ 89.378303190072302, 26.194198345464446 ], [ 89.37824154250832, 26.194410156441485 ], [ 89.378163286183224, 26.194726293064289 ], [ 89.377656924815739, 26.195113546012127 ], [ 89.376855069318296, 26.195325442633862 ], [ 89.375574843344225, 26.19539732909649 ], [ 89.374281522722171, 26.195594670058764 ], [ 89.373775596483767, 26.195631880276977 ], [ 89.373249643802566, 26.195930491233156 ], [ 89.372622617933629, 26.196562320814241 ], [ 89.371956289283375, 26.196838491236388 ], [ 89.371153723249193, 26.196957457849404 ], [ 89.370344165600585, 26.197027428308839 ], [ 89.369886646524137, 26.196973422334832 ], [ 89.369656055649486, 26.196934845699161 ], [ 89.369520471547133, 26.196911745572169 ], [ 89.369041326112367, 26.196724667736838 ], [ 89.367561254698316, 26.196491399865117 ], [ 89.366832564748321, 26.196241304245802 ], [ 89.366276494633482, 26.195704641538541 ], [ 89.366064504973451, 26.194958812732793 ], [ 89.365914964065112, 26.193827733036649 ], [ 89.366466585276413, 26.192647938551126 ], [ 89.367226805685959, 26.191949464997109 ], [ 89.368693377854655, 26.191551656180547 ], [ 89.369782345834253, 26.19173215187433 ], [ 89.371081296927002, 26.191800018436879 ], [ 89.372169184000981, 26.191033799708048 ], [ 89.373106444521426, 26.189614600439914 ], [ 89.373991001184592, 26.187633740039452 ], [ 89.375360110876571, 26.186684407117589 ], [ 89.375634213431482, 26.185886570438903 ], [ 89.375549190084428, 26.185650091277662 ], [ 89.375474511404079, 26.185437496946633 ], [ 89.37535827127796, 26.18509851263239 ], [ 89.374196554528979, 26.183173782442449 ], [ 89.373225273521697, 26.182026337897909 ], [ 89.371335800449998, 26.180703119470888 ], [ 89.368776677625789, 26.179640794504785 ], [ 89.367923113868585, 26.179552517183978 ], [ 89.367070343766429, 26.179649094898831 ], [ 89.366650892097411, 26.18007316616859 ], [ 89.365970856979828, 26.180253333354067 ], [ 89.365764224480316, 26.180398569059111 ], [ 89.36562757903549, 26.180580553605232 ], [ 89.365179445172743, 26.181659520060432 ], [ 89.365195493112765, 26.182403770999084 ], [ 89.365118954809461, 26.182658849519978 ], [ 89.365026879873696, 26.18278049397156 ], [ 89.364333326329799, 26.182711706130679 ], [ 89.363488571646698, 26.182506764220502 ], [ 89.363180939393473, 26.182368249607613 ], [ 89.363088845740421, 26.182096458520984 ], [ 89.362665304827559, 26.18118157621528 ], [ 89.362608769109315, 26.181062388623022 ], [ 89.359582934058551, 26.177261041072281 ], [ 89.358620566041054, 26.176934973569658 ], [ 89.358586775567318, 26.176883491600247 ], [ 89.358558566253194, 26.176764259081647 ], [ 89.358269526509972, 26.176479192384981 ], [ 89.357553638906467, 26.176255458009809 ], [ 89.355506352526803, 26.176487078486051 ], [ 89.354783260348682, 26.176608387920936 ], [ 89.354558294379544, 26.176567500368368 ], [ 89.352581176159987, 26.176313584240681 ], [ 89.351540111508967, 26.176331950630274 ], [ 89.350867359527285, 26.176101847334344 ], [ 89.350264349620645, 26.175201071399176 ], [ 89.349941677329866, 26.174732215461415 ], [ 89.349680772397789, 26.174543588793313 ], [ 89.349548437189554, 26.174589559965714 ], [ 89.349197352627399, 26.175169979161215 ], [ 89.348496571110857, 26.177189716798541 ], [ 89.348411392326497, 26.177547452136999 ], [ 89.347944804460184, 26.177959819450948 ], [ 89.347727469268378, 26.178079452990072 ], [ 89.347104046938227, 26.177899500256601 ], [ 89.345448277650235, 26.177425161250714 ], [ 89.343026045680077, 26.177373781541654 ], [ 89.342380328810577, 26.177805153315241 ], [ 89.341852698835766, 26.178538165900108 ], [ 89.341618761098303, 26.178988578013215 ], [ 89.341628692921304, 26.179025323179811 ], [ 89.341650244815256, 26.179107509593024 ], [ 89.341972044670271, 26.179228307739265 ], [ 89.342207794402938, 26.179499563995964 ], [ 89.342248933969671, 26.1797996260037 ], [ 89.342511375737075, 26.180169979193703 ], [ 89.343242428172687, 26.180507317978005 ], [ 89.344699710025139, 26.180739478793569 ], [ 89.345348589767227, 26.180985689290104 ], [ 89.346074266955512, 26.181225996304786 ], [ 89.346763533099832, 26.181250647853673 ], [ 89.34833428331855, 26.180713371102726 ], [ 89.349053130732926, 26.18058131476792 ], [ 89.35014763555094, 26.180524070090119 ], [ 89.351275874370472, 26.180749115193944 ], [ 89.35185181972362, 26.181167866269192 ], [ 89.352113357993915, 26.181350977740777 ], [ 89.352571390059367, 26.181473156931354 ], [ 89.353242973341892, 26.181365044052257 ], [ 89.353735189730273, 26.181057554529566 ], [ 89.354629810521743, 26.180514572721677 ], [ 89.355296916080576, 26.180266178789697 ], [ 89.355691947916355, 26.18046564760515 ], [ 89.356275261616744, 26.180920058761995 ], [ 89.35644126051092, 26.181485612825092 ], [ 89.356395067196516, 26.182283902485811 ], [ 89.355902210518522, 26.183642073252162 ], [ 89.355802003334801, 26.184257667595062 ], [ 89.356342400475285, 26.186713215678711 ], [ 89.356902718578922, 26.188465585420523 ], [ 89.356977503320778, 26.188719207556115 ], [ 89.356756995351958, 26.188940856390687 ], [ 89.35634912037095, 26.188886860783022 ], [ 89.355762179421617, 26.18858468033913 ], [ 89.354847625282289, 26.188107546492912 ], [ 89.352115549618219, 26.186529207523318 ], [ 89.351186828092409, 26.186442999504674 ], [ 89.350543369491746, 26.186730360423553 ], [ 89.349909236623219, 26.187045741256416 ], [ 89.349683284376681, 26.187203025119825 ], [ 89.349176343663302, 26.187646861899438 ], [ 89.349042959726205, 26.187816676524516 ], [ 89.349011320209328, 26.187978452220783 ], [ 89.349074716613785, 26.188096252914125 ], [ 89.349111226981705, 26.188301543895385 ], [ 89.349195341590942, 26.188609039275594 ], [ 89.349800338205611, 26.189703127066661 ], [ 89.350826172608024, 26.191275997824334 ], [ 89.350868784625419, 26.191335459741335 ], [ 89.350963413127417, 26.192187009683263 ], [ 89.350864286447745, 26.19248967819696 ], [ 89.350703105511684, 26.192780723444791 ], [ 89.349916649620141, 26.193801605235269 ], [ 89.349226526430456, 26.194448864775783 ], [ 89.348040778899488, 26.195231732800863 ], [ 89.347618607092244, 26.195376672798723 ], [ 89.347434252197047, 26.195266810138754 ], [ 89.347324916564119, 26.195148536903588 ], [ 89.346191674288775, 26.193529804107875 ], [ 89.34595074705814, 26.193278320172404 ], [ 89.345638219620355, 26.19316793498416 ], [ 89.345292325998159, 26.193148006355393 ], [ 89.34500518552619, 26.193253620904745 ], [ 89.34448526463072, 26.193219021569863 ], [ 89.34250790323037, 26.193068393627701 ], [ 89.342146887970685, 26.192963798467304 ], [ 89.342021588248059, 26.193043797967391 ], [ 89.342019788729885, 26.19274549739831 ], [ 89.342187354814911, 26.192485182531517 ], [ 89.342305030453943, 26.192302370847461 ], [ 89.342403018684521, 26.191441228063098 ], [ 89.342396775169291, 26.191129235874762 ], [ 89.34239346475448, 26.190963810385792 ], [ 89.342064498430162, 26.190396080845556 ], [ 89.341582038229262, 26.190093514759749 ], [ 89.340782080853998, 26.189796115095472 ], [ 89.340325394413895, 26.189758673679084 ], [ 89.340291625569989, 26.18978674854533 ], [ 89.340142074751199, 26.189831367695525 ], [ 89.340122232617546, 26.189837287873942 ], [ 89.339740045830808, 26.189951315383897 ], [ 89.339307865407449, 26.18989027328173 ], [ 89.338905460209205, 26.189924712935202 ], [ 89.338795350547159, 26.189867298788499 ], [ 89.33876470642636, 26.189851320207044 ], [ 89.338696133976129, 26.18981556463083 ], [ 89.338679468819748, 26.189209477417695 ], [ 89.338511182374901, 26.188734639739845 ], [ 89.33792671854863, 26.188624748637999 ], [ 89.33652316842732, 26.188682489752132 ], [ 89.336458922658622, 26.18864898848306 ], [ 89.336445498732118, 26.188642990142686 ], [ 89.335866074159128, 26.18838409413452 ], [ 89.335882425041575, 26.188039920502543 ], [ 89.335989942486137, 26.187795931989008 ], [ 89.336514225542842, 26.187426145032941 ], [ 89.337162271883003, 26.187195415089736 ], [ 89.338220975639331, 26.186802982255976 ], [ 89.339032330702523, 26.186550390221779 ], [ 89.339300569671892, 26.186044769924496 ], [ 89.339238148064084, 26.185578098723298 ], [ 89.338582034910317, 26.184901390544407 ], [ 89.339298949602167, 26.184580504900296 ], [ 89.339887161024478, 26.184350992220441 ], [ 89.340557419721122, 26.183460852381248 ], [ 89.340680094250772, 26.183000367181826 ], [ 89.34069020255987, 26.182908626917033 ], [ 89.340503023521819, 26.18271474185406 ], [ 89.34049569554449, 26.182719143455756 ], [ 89.339161662407335, 26.182449013455948 ], [ 89.334076329710072, 26.181398276088725 ], [ 89.323624677462945, 26.180369198566478 ], [ 89.323624612324252, 26.180369192398636 ], [ 89.323631918886917, 26.180364087120097 ], [ 89.323619474955549, 26.180360920876616 ], [ 89.322107568030887, 26.179975826782545 ], [ 89.319284275465108, 26.179734826729412 ], [ 89.316620436918654, 26.179527021579283 ], [ 89.313687341147485, 26.179402538410798 ], [ 89.313317782085889, 26.179443519995793 ], [ 89.313316126302823, 26.179443703659572 ], [ 89.312120941528178, 26.179925294224731 ], [ 89.311946578204584, 26.179814061612547 ], [ 89.309589473422619, 26.179640244380121 ], [ 89.306630665438874, 26.178527027937243 ], [ 89.304214364524626, 26.178361427157583 ], [ 89.302228958865726, 26.178525748723757 ], [ 89.298193643582934, 26.178623271187828 ], [ 89.298165601189609, 26.178453501740776 ], [ 89.297480744350821, 26.1785227227405 ], [ 89.294091398489556, 26.178456001276995 ], [ 89.292515961517836, 26.178460674836575 ], [ 89.290449669446303, 26.178583002786894 ], [ 89.288897849979975, 26.178629742353017 ], [ 89.2881854313095, 26.178347356628919 ], [ 89.287091873917092, 26.178438135768356 ], [ 89.285750951484488, 26.178571013910762 ], [ 89.28431093059082, 26.178970183887039 ], [ 89.283818516880089, 26.179234629907448 ], [ 89.283664273906098, 26.180694215702509 ], [ 89.283619292390895, 26.181505128736287 ], [ 89.283737634199809, 26.181783586961132 ], [ 89.283225829932505, 26.184353612659347 ], [ 89.282422687951467, 26.186767597093322 ], [ 89.282068360679801, 26.188353874730645 ], [ 89.282289485168519, 26.189610322018609 ], [ 89.282581719666197, 26.190961095119867 ], [ 89.284067782610109, 26.192376566885351 ], [ 89.285882219385456, 26.193389735160554 ], [ 89.286695529919982, 26.193919926436205 ], [ 89.288474072997317, 26.194972669581798 ], [ 89.289747403074273, 26.196222234598128 ], [ 89.290689581174959, 26.197565616113945 ], [ 89.29200184179534, 26.199415568422936 ], [ 89.292274796911272, 26.200090648069853 ], [ 89.292214966269583, 26.200541131312136 ], [ 89.292130039462563, 26.201393378419827 ], [ 89.291878352510295, 26.201465594080222 ], [ 89.290915199511872, 26.201305213808403 ], [ 89.290578791246162, 26.202112787550266 ], [ 89.290422223974886, 26.203371127062105 ], [ 89.289815303307009, 26.205299658756775 ], [ 89.289780002371828, 26.20560551655619 ], [ 89.289064599122923, 26.207723766302955 ], [ 89.28860178063772, 26.20898657025942 ], [ 89.289009595736957, 26.209389456664827 ], [ 89.28905951064435, 26.209395040767191 ], [ 89.289486317045913, 26.209433164192998 ], [ 89.289914754617541, 26.210040876751162 ], [ 89.290074579938562, 26.210371185893745 ], [ 89.290143125968399, 26.210426738429035 ], [ 89.291518687371081, 26.210541055175366 ], [ 89.292228919609585, 26.212748155178563 ], [ 89.292396857245294, 26.213541509106555 ], [ 89.292281574596231, 26.214452423883237 ], [ 89.292066752843482, 26.215283724968078 ], [ 89.292225573729155, 26.216682979861964 ], [ 89.291774506956742, 26.217624942509346 ], [ 89.291038037425636, 26.218988561026286 ], [ 89.289960495246504, 26.221505161939948 ], [ 89.28903577712687, 26.223642417584418 ], [ 89.288698411274794, 26.224213595290752 ], [ 89.288704297569311, 26.22460292001356 ], [ 89.288745408885944, 26.225003182556776 ], [ 89.289173026178062, 26.22594917129031 ], [ 89.289266381073531, 26.225999831191949 ], [ 89.288187040183146, 26.228732508267022 ], [ 89.287312696005742, 26.231221552479976 ], [ 89.288065920584899, 26.232018146349468 ], [ 89.289154437663612, 26.233226788914074 ], [ 89.290466512738845, 26.235363977570913 ], [ 89.291494451088596, 26.236861926307984 ], [ 89.292541054065524, 26.238672089467027 ], [ 89.293799064554747, 26.241951356851359 ], [ 89.293854900561897, 26.242069055118392 ], [ 89.294520342051683, 26.243580236576129 ], [ 89.296056304408054, 26.245418433769672 ], [ 89.297901093526235, 26.247695113663593 ], [ 89.2985584757715, 26.248854458407511 ], [ 89.29861998643598, 26.250120100641652 ], [ 89.298590733262628, 26.250395728729291 ], [ 89.298487518135914, 26.251816083347265 ], [ 89.297983759696137, 26.254153069745904 ], [ 89.296995424792172, 26.256089187973359 ], [ 89.296197106824678, 26.257644975295261 ], [ 89.296171140770028, 26.257698443752432 ], [ 89.29600240224859, 26.258051475235224 ], [ 89.294923078513634, 26.259431550286827 ], [ 89.294487048460383, 26.260477740934103 ], [ 89.293898772959892, 26.261977553659406 ], [ 89.293142178941864, 26.262403560342502 ], [ 89.292495916664777, 26.262701649122072 ], [ 89.291975357061162, 26.262932717396055 ], [ 89.291197107937549, 26.263027560741399 ], [ 89.289773992857832, 26.263117047460884 ], [ 89.288502392838026, 26.263320867838416 ], [ 89.287161458716838, 26.263951386981947 ], [ 89.28693028538126, 26.264137123568133 ], [ 89.286558424366021, 26.264433689688982 ], [ 89.284995669814066, 26.265786757314487 ], [ 89.284585471261863, 26.266252733374962 ], [ 89.283896682154236, 26.26723164599111 ], [ 89.283478760610052, 26.268489480135763 ], [ 89.283568079992534, 26.269674718486979 ], [ 89.283933990703275, 26.271191443820594 ], [ 89.284826253387976, 26.272031087296245 ], [ 89.285556457198282, 26.272674814522411 ], [ 89.286515734145027, 26.274119671603092 ], [ 89.287074491058604, 26.275731738348597 ], [ 89.287169818803619, 26.276793498717947 ], [ 89.286093372830578, 26.277958791821195 ], [ 89.284049569804665, 26.279849384398837 ], [ 89.283022632233042, 26.280777130768641 ], [ 89.281835902445621, 26.282264414885301 ], [ 89.280637673470821, 26.284364442019903 ], [ 89.280093887763314, 26.285445464645683 ], [ 89.278833777876088, 26.286619563677032 ], [ 89.277363325540719, 26.288413957036795 ], [ 89.276936249111728, 26.288958222835973 ], [ 89.27561898648753, 26.29062669215805 ], [ 89.274978094617268, 26.292032996966768 ], [ 89.274940285195257, 26.293236315767221 ], [ 89.27463179128803, 26.295773163876824 ], [ 89.274621362169569, 26.295859075326337 ], [ 89.274573970987902, 26.296249424153935 ], [ 89.274438129350656, 26.297922247132988 ], [ 89.274329428867389, 26.29926081766515 ], [ 89.273956110973572, 26.301891478665983 ], [ 89.273556103658279, 26.303155509593498 ], [ 89.273565706880959, 26.303647496076085 ], [ 89.273637028592063, 26.304193186203388 ], [ 89.274557465101779, 26.304725407153661 ], [ 89.276270651383385, 26.305463766118084 ], [ 89.277483143600918, 26.305417169974149 ], [ 89.278084310673563, 26.305134209573698 ], [ 89.278653544289497, 26.30476973046714 ], [ 89.278929147427618, 26.304902055217884 ], [ 89.279555450999524, 26.305903714215987 ], [ 89.280052434536259, 26.306497313101772 ], [ 89.280786678825905, 26.306813725541161 ], [ 89.281666130291995, 26.306799731858099 ], [ 89.282545582113286, 26.306785732774014 ], [ 89.283120702110679, 26.306721892973727 ], [ 89.283540441240078, 26.306469139758708 ], [ 89.284762227403689, 26.305244194845919 ], [ 89.285085358006626, 26.304579897787811 ], [ 89.285285173314421, 26.303751918318397 ], [ 89.285278546208929, 26.303339840005592 ], [ 89.285086846769403, 26.302766190230848 ], [ 89.284990146300572, 26.30243822794888 ], [ 89.285106994476891, 26.3021891757544 ], [ 89.285493172465394, 26.301771329517386 ], [ 89.286484925416858, 26.301399944081457 ], [ 89.288414742702855, 26.301098831331014 ], [ 89.289438927820839, 26.300920852906049 ], [ 89.290284345826038, 26.300854733016028 ], [ 89.291070096083104, 26.300816712582353 ], [ 89.291378614617145, 26.301030469167117 ], [ 89.291638023733427, 26.301681300591465 ], [ 89.292169784649488, 26.302356086619497 ], [ 89.292856860130115, 26.30324806658956 ], [ 89.293333468791531, 26.304364225343093 ], [ 89.293579826376728, 26.304579907496873 ], [ 89.293944003792092, 26.304601792666158 ], [ 89.294397670513689, 26.304540025709283 ], [ 89.294761335386383, 26.304534529577641 ], [ 89.295038607006632, 26.304804841080752 ], [ 89.295195579202257, 26.305131785897835 ], [ 89.295565869317556, 26.305510043920147 ], [ 89.295993627557564, 26.305695274317639 ], [ 89.29635785537063, 26.305717044938682 ], [ 89.296809482576862, 26.305545789380986 ], [ 89.297044956497373, 26.30515873417254 ], [ 89.297036834437549, 26.304692793063733 ], [ 89.297213626905247, 26.304388265982908 ], [ 89.297635981844522, 26.304272181498916 ], [ 89.298061458873434, 26.304348229462061 ], [ 89.298549024941948, 26.304505523202199 ], [ 89.2988270901471, 26.30480278642861 ], [ 89.298870088916345, 26.305458611427298 ], [ 89.298879799987432, 26.305950589036346 ], [ 89.299095853934958, 26.306138509360267 ], [ 89.299459758461254, 26.306132673207927 ], [ 89.299557750378213, 26.306486530687348 ], [ 89.299690385990871, 26.307058558461407 ], [ 89.29990266589941, 26.30705515315055 ], [ 89.300144730205204, 26.307023929246334 ], [ 89.300594754541535, 26.306770641892911 ], [ 89.301703293072464, 26.306069331506269 ], [ 89.303607350786791, 26.304179583178712 ], [ 89.304929776274392, 26.302025756839683 ], [ 89.305256310795031, 26.301665078818335 ], [ 89.305279061867935, 26.301281944139546 ], [ 89.305181599405159, 26.300955422881444 ], [ 89.304783062726841, 26.300743103651268 ], [ 89.304387771498583, 26.300694775226606 ], [ 89.304259987675223, 26.300368740454473 ], [ 89.304119366259116, 26.299386569900239 ], [ 89.304195155396854, 26.298479849143288 ], [ 89.304282811067822, 26.298314472217214 ], [ 89.30442879678084, 26.298038957840106 ], [ 89.304663224698402, 26.297653146818327 ], [ 89.304607524068473, 26.296923732782549 ], [ 89.304587399156247, 26.296467773665114 ], [ 89.304704626182485, 26.296302758838962 ], [ 89.305255001596805, 26.295986058287529 ], [ 89.3055149810899, 26.295520759064448 ], [ 89.306240912904201, 26.294092925197916 ], [ 89.30646945284235, 26.292766212901142 ], [ 89.30701527726761, 26.291566517866787 ], [ 89.30699676198924, 26.290467191195901 ], [ 89.30659599332094, 26.28960685854998 ], [ 89.3055292630211, 26.288576564796539 ], [ 89.305039801881321, 26.287742146224666 ], [ 89.305017016303907, 26.287539453730375 ], [ 89.305503251038132, 26.287379565725089 ], [ 89.307817470533465, 26.286477815903737 ], [ 89.308638783038745, 26.286390056584569 ], [ 89.310027063546244, 26.28691174650108 ], [ 89.311058552566578, 26.287241236669228 ], [ 89.312017835939756, 26.287883087616411 ], [ 89.31291467031555, 26.288993799879393 ], [ 89.31321387423742, 26.289797960067169 ], [ 89.312817111083987, 26.290554186788643 ], [ 89.312504972799189, 26.290815671437969 ], [ 89.311196705888293, 26.291443282614399 ], [ 89.310002560265403, 26.29196281742464 ], [ 89.309318342210034, 26.292454986348925 ], [ 89.309311610463652, 26.292795079420628 ], [ 89.309458749581921, 26.293215825904284 ], [ 89.310540731443737, 26.294776491331202 ], [ 89.311266848741766, 26.295413639340385 ], [ 89.311789822643561, 26.295626045079874 ], [ 89.312884438198068, 26.295810191285845 ], [ 89.314341068208293, 26.295937189946734 ], [ 89.315159197710685, 26.295959029219741 ], [ 89.316367762724298, 26.295897479983161 ], [ 89.317094177939722, 26.295865017945268 ], [ 89.317924186751824, 26.295566435375079 ], [ 89.318904990335284, 26.295266120192032 ], [ 89.319538662111256, 26.295206637543572 ], [ 89.319911456716511, 26.295308035095861 ], [ 89.32053157168842, 26.295828578702647 ], [ 89.320577386416034, 26.29760234295285 ], [ 89.32059818547809, 26.298320254960998 ], [ 89.320405068336143, 26.299096469717551 ], [ 89.320146781669408, 26.299875845196233 ], [ 89.320226731950285, 26.300706534358714 ], [ 89.320381439680702, 26.30126942179097 ], [ 89.32076119742031, 26.302723556494907 ], [ 89.320963837847529, 26.303346696462775 ], [ 89.321272725318096, 26.303343324918686 ], [ 89.322013763512928, 26.303088933581702 ], [ 89.32339959963241, 26.302634567530294 ], [ 89.324362303270448, 26.302566871298556 ], [ 89.325486107275708, 26.302579413766107 ], [ 89.32627939311422, 26.302820679152951 ], [ 89.326508501672109, 26.302840419348502 ], [ 89.327368011933856, 26.302922611727176 ], [ 89.328168197818115, 26.303115857239753 ], [ 89.328727812633531, 26.303538424754482 ], [ 89.329192106554956, 26.30364748574036 ], [ 89.32964342852577, 26.303609576704133 ], [ 89.330161819078995, 26.303197710994656 ], [ 89.330508007545802, 26.302576860432247 ], [ 89.330810145010034, 26.301254513824439 ], [ 89.330800205425575, 26.299807953443896 ], [ 89.330813493512821, 26.299049297882135 ], [ 89.330807299818545, 26.29853979576583 ], [ 89.331112686341839, 26.29832109624811 ], [ 89.331651319815734, 26.298556794989899 ], [ 89.332344491514235, 26.29918938723587 ], [ 89.332745037854309, 26.299494617231399 ], [ 89.333184708099878, 26.299441555017886 ], [ 89.333498041972305, 26.299057041989975 ], [ 89.334004371649883, 26.298158188516222 ], [ 89.334247717229999, 26.297968635713609 ], [ 89.334604585128503, 26.297846430101174 ], [ 89.335565357076078, 26.298651319682243 ], [ 89.336709658613884, 26.300051557280742 ], [ 89.338109141192149, 26.301305300714791 ], [ 89.339443425914936, 26.30177972382721 ], [ 89.340111802095478, 26.302216837119225 ], [ 89.34053284081692, 26.303646154429913 ], [ 89.340677176219671, 26.303965066487816 ], [ 89.34097939156031, 26.304128990343798 ], [ 89.341923893196352, 26.304178318916954 ], [ 89.342891019347647, 26.30420209122742 ], [ 89.343505348567874, 26.304201092983821 ], [ 89.344214548286175, 26.303993933855288 ], [ 89.344804102149027, 26.303599633904739 ], [ 89.345602971187759, 26.303094863706569 ], [ 89.346187123197382, 26.303100497468279 ], [ 89.34675214256157, 26.303295335725341 ], [ 89.347686713096294, 26.303500970309102 ], [ 89.348399547901963, 26.303607584858806 ], [ 89.348929845249216, 26.304929559149251 ], [ 89.3490428847457, 26.30722299686602 ], [ 89.349209673086463, 26.310380500094574 ], [ 89.349015339984433, 26.311930648464038 ], [ 89.348345614717971, 26.313581981185692 ], [ 89.347099632457429, 26.31471708303355 ], [ 89.344850514081514, 26.315425921355402 ], [ 89.343902453534241, 26.315524845031142 ], [ 89.34367057544803, 26.315553438901794 ], [ 89.342420537851027, 26.315274189828649 ], [ 89.339863174440993, 26.313922979901573 ], [ 89.337992398121088, 26.313466296431212 ], [ 89.336533889851196, 26.31349807945065 ], [ 89.335014175628231, 26.313638543186364 ], [ 89.33313103862281, 26.314277108340882 ], [ 89.331376600616906, 26.315457292064458 ], [ 89.330174421629323, 26.316900438389329 ], [ 89.329882771777363, 26.31844061235125 ], [ 89.329889919568274, 26.319373634703275 ], [ 89.330569645746294, 26.321452736842271 ], [ 89.331965438159756, 26.323032945593852 ], [ 89.334254254072377, 26.324501497266866 ], [ 89.337187273644219, 26.325756797377093 ], [ 89.339046488027961, 26.326961877104996 ], [ 89.339769695554992, 26.328113333137804 ], [ 89.340390343837896, 26.329096596964671 ], [ 89.340602633503849, 26.329790003439349 ], [ 89.340695623547063, 26.32980106401796 ], [ 89.34581852548952, 26.330098968868104 ], [ 89.349523992375126, 26.33045735904858 ], [ 89.353012227589389, 26.331057804829069 ], [ 89.354976448559412, 26.331868607469609 ], [ 89.357611023289039, 26.332133471966824 ], [ 89.360311972503652, 26.332883747766328 ], [ 89.362963329030578, 26.333469456100708 ], [ 89.364223238998676, 26.333844680666573 ], [ 89.364989129555937, 26.333894558770108 ], [ 89.365404290580827, 26.334258493261746 ], [ 89.366885694681827, 26.334409836953828 ], [ 89.367388358016342, 26.334236103097837 ], [ 89.368048715865854, 26.334031949411308 ], [ 89.368073856385465, 26.334024203946274 ], [ 89.371529980814927, 26.332957664575925 ], [ 89.374623427181646, 26.331746497405586 ], [ 89.376248876387805, 26.33059749138479 ], [ 89.376797352548834, 26.330009218658407 ], [ 89.379315374825936, 26.3302035640864 ], [ 89.381208008216504, 26.329926892638678 ], [ 89.382837358632258, 26.329688750271082 ], [ 89.382601805279009, 26.330378564095788 ], [ 89.382572695664265, 26.330955459862828 ], [ 89.382545634659436, 26.331476832393921 ], [ 89.382954695282365, 26.331486183202664 ], [ 89.383955757849634, 26.331514221809545 ], [ 89.384512263051377, 26.33150902783623 ], [ 89.384564266031688, 26.332276177943104 ], [ 89.38459764426436, 26.333738358707603 ], [ 89.384639640894576, 26.33437831626637 ], [ 89.384677505837018, 26.334916029879402 ], [ 89.385818295054179, 26.334997182576991 ], [ 89.387381148928327, 26.335042580795658 ], [ 89.387901140111865, 26.335179330823991 ], [ 89.388034065035797, 26.335517511348055 ], [ 89.388832799218989, 26.335394197879815 ], [ 89.390282244790839, 26.335324207917814 ], [ 89.391023237362901, 26.335247634178931 ], [ 89.391352798123364, 26.335213237958886 ], [ 89.391843653484116, 26.335430581367245 ], [ 89.392627125647309, 26.336080766664772 ], [ 89.392857429722184, 26.336271620796193 ], [ 89.393983159966183, 26.336705900325043 ], [ 89.396372541971502, 26.336611764965067 ], [ 89.398495433045881, 26.33611204255374 ], [ 89.400396541435583, 26.335151300403524 ], [ 89.401473520475193, 26.334324059146006 ], [ 89.40230969657496, 26.333649611138199 ], [ 89.403339205691765, 26.33229308548524 ], [ 89.403365479892216, 26.332258779920103 ], [ 89.402557014351771, 26.332230349077509 ], [ 89.403019916555877, 26.33060698218797 ], [ 89.403206312876563, 26.329578169607821 ], [ 89.403775150339584, 26.329436615143631 ], [ 89.404395737205959, 26.328995379444944 ], [ 89.404392843469424, 26.328497687383543 ], [ 89.404356349803507, 26.327162370114589 ], [ 89.405033995270358, 26.326581089566858 ], [ 89.405723907181198, 26.326420972750796 ], [ 89.405818770816481, 26.325987117425676 ], [ 89.405327859109917, 26.325614383317443 ], [ 89.404830900935409, 26.325048658578897 ], [ 89.404973728464483, 26.324467819153231 ], [ 89.405607201418974, 26.32426047386933 ], [ 89.406192922686415, 26.324246744457987 ], [ 89.406882352128463, 26.324305409492222 ], [ 89.406753109987434, 26.32363572856546 ], [ 89.407974144276892, 26.322352705311566 ], [ 89.409034790624148, 26.321447139324484 ], [ 89.410267493686931, 26.321301871122834 ], [ 89.411459046804438, 26.321356455429765 ], [ 89.41168267418125, 26.320761838034183 ], [ 89.410979475871827, 26.320104304189492 ], [ 89.41099686866967, 26.319280582171825 ], [ 89.411618956108285, 26.318887619304682 ], [ 89.413287867564762, 26.318788035567213 ], [ 89.416168593944306, 26.319023293896741 ], [ 89.419488508100002, 26.319442034263368 ], [ 89.421537671269363, 26.319749545413991 ], [ 89.423030411210519, 26.319864636474399 ], [ 89.424300750437141, 26.319697025136456 ], [ 89.424605678007254, 26.319214992680351 ], [ 89.424256859339295, 26.318175585070108 ], [ 89.424126224398123, 26.317370472541441 ], [ 89.42522202726073, 26.316683246166619 ], [ 89.425378732375123, 26.315632925921339 ], [ 89.425905069075981, 26.315721372756585 ], [ 89.426520775383949, 26.315712242190337 ], [ 89.42674699804175, 26.315709051792975 ], [ 89.427000718466132, 26.315823782598741 ], [ 89.427074988331555, 26.316044673259345 ], [ 89.427243292637243, 26.316508184610086 ], [ 89.427298253193129, 26.316731295453838 ], [ 89.427397849132817, 26.316841307724882 ], [ 89.427483052958735, 26.316839464807117 ], [ 89.427772943665317, 26.316833221510599 ], [ 89.42804976929483, 26.31675823186346 ], [ 89.428269537775066, 26.31674490638181 ], [ 89.428194413914255, 26.317027901812295 ], [ 89.428233693194528, 26.31773871321548 ], [ 89.428278686235572, 26.317953694369479 ], [ 89.428578858968621, 26.318007930592458 ], [ 89.428798937899984, 26.317960186672558 ], [ 89.428840791566628, 26.317751999461208 ], [ 89.428864417931635, 26.317578747278048 ], [ 89.429072477945525, 26.317453490346377 ], [ 89.42943879037405, 26.317463176978425 ], [ 89.429561814451375, 26.317391517058688 ], [ 89.42944284075412, 26.317281668868546 ], [ 89.429452479665571, 26.316970468730723 ], [ 89.42946877737279, 26.316875103065865 ], [ 89.429228429535698, 26.316888761167124 ], [ 89.42902418786548, 26.316823941685584 ], [ 89.428979780699336, 26.316592491963913 ], [ 89.42900010860798, 26.316505106983961 ], [ 89.429048384411487, 26.316365685010055 ], [ 89.428969221905419, 26.316377202701648 ], [ 89.42877044411297, 26.31640612883038 ], [ 89.428441192019847, 26.316344086577615 ], [ 89.428245028295905, 26.316227449274848 ], [ 89.428208293059996, 26.315977929397757 ], [ 89.428229738168454, 26.31574442777395 ], [ 89.428290679875403, 26.315689295128085 ], [ 89.428444828513165, 26.315549815815963 ], [ 89.428889219854824, 26.315600553066322 ], [ 89.429164973752407, 26.315616038550722 ], [ 89.429557757773338, 26.315638165314923 ], [ 89.429690240413109, 26.31606480179272 ], [ 89.430156347089024, 26.316686576619183 ], [ 89.430633560307271, 26.31695210325746 ], [ 89.430633722392358, 26.316952192558414 ], [ 89.4307663935177, 26.317026023460997 ], [ 89.430978690424141, 26.316719295127136 ], [ 89.430979020936221, 26.316718818442183 ], [ 89.431464196672039, 26.316017263053048 ], [ 89.432313067848767, 26.315214697038844 ], [ 89.433718112914676, 26.31452447548228 ], [ 89.435033761322941, 26.313918697459023 ], [ 89.437306739794082, 26.313003822122106 ], [ 89.437825966548587, 26.310962773152063 ], [ 89.43875053801311, 26.309695487596667 ], [ 89.439385064823696, 26.30939449095392 ], [ 89.439709656200563, 26.309553837602177 ], [ 89.440394630617249, 26.309499565191039 ], [ 89.44098216899971, 26.309219612579756 ], [ 89.441909890011217, 26.308747047743491 ], [ 89.442841753856797, 26.308377779123582 ], [ 89.444096390425315, 26.308002349426683 ], [ 89.445239637053405, 26.307546300489655 ], [ 89.446339025743015, 26.306802165747037 ], [ 89.446793051414716, 26.306332112935451 ], [ 89.447549045180295, 26.306277226063695 ], [ 89.44830201841016, 26.306277646158748 ], [ 89.448605068239559, 26.306402855303812 ], [ 89.448742392588613, 26.306792504976727 ], [ 89.448695140799387, 26.307309224635588 ], [ 89.448704979422303, 26.308094543363719 ], [ 89.448300070953309, 26.308106220727407 ], [ 89.447838240274578, 26.308277151280436 ], [ 89.447745336365514, 26.308485744747024 ], [ 89.447860264384914, 26.308793352029824 ], [ 89.448463774237567, 26.308777737708073 ], [ 89.449114190376235, 26.308718697965478 ], [ 89.449793516615472, 26.308926294258239 ], [ 89.450181836030467, 26.309394980252435 ], [ 89.450420014390176, 26.310707724132453 ], [ 89.450284709647619, 26.313321801893636 ], [ 89.450551417024968, 26.315557846850698 ], [ 89.451306652244, 26.316570374143534 ], [ 89.451847888491827, 26.317320243042428 ], [ 89.45247875091674, 26.317760283878275 ], [ 89.453188868277678, 26.317746604937192 ], [ 89.454015159446044, 26.317792432724371 ], [ 89.454914447055899, 26.318001438871214 ], [ 89.455607996272974, 26.318235007706605 ], [ 89.455821562523383, 26.318518843671786 ], [ 89.455218565568316, 26.319067100942497 ], [ 89.455154099073383, 26.320146168574453 ], [ 89.455048756295213, 26.321433022807422 ], [ 89.455883619555635, 26.323364589534879 ], [ 89.457396568100066, 26.324744412369313 ], [ 89.458687557502913, 26.326459022043615 ], [ 89.459178278804629, 26.327567169636925 ], [ 89.459349629865528, 26.328805015218869 ], [ 89.45903723290624, 26.330919828237487 ], [ 89.458264632068861, 26.3322088537656 ], [ 89.45852051343617, 26.332602995045853 ], [ 89.459208848835843, 26.332466286762852 ], [ 89.459623856122604, 26.332458644857912 ], [ 89.459620348432779, 26.334029482159568 ], [ 89.459839636349727, 26.335306670703861 ], [ 89.460471790184144, 26.33649339477968 ], [ 89.461136595751512, 26.337183528827126 ], [ 89.461880055931843, 26.337376359877823 ], [ 89.46248518956709, 26.337571742838705 ], [ 89.46281820378708, 26.337937403484705 ], [ 89.463488831945568, 26.338833823605327 ], [ 89.464005201572448, 26.33915472243222 ], [ 89.465244549829535, 26.338925238514278 ], [ 89.465855442662118, 26.339326984015745 ], [ 89.466891679379358, 26.34009254757563 ], [ 89.467261744424619, 26.340126987542035 ], [ 89.467853220113312, 26.339826916324483 ] ] ] } },
{ "type": "Feature", "properties": { "BLOCK_NAME": "Coochbehar-II", "SUBDIV_NAM": "Cooch Behar (Sadar)", "DIST_NAME": "Cooch Behar", "AREA_SQKM": 381.988 }, "geometry": { "type": "Polygon", "coordinates": [ [ [ 89.367719880769314, 26.488792029038216 ], [ 89.372300399176723, 26.482522698040736 ], [ 89.372615975292362, 26.482090742114824 ], [ 89.372702881718567, 26.48200428665589 ], [ 89.375642643408924, 26.479087994637688 ], [ 89.375762821766571, 26.47896877140488 ], [ 89.376682012993896, 26.478064528327117 ], [ 89.378289178645588, 26.476658007163696 ], [ 89.378416480878229, 26.476546595784558 ], [ 89.378323274727592, 26.475275690073097 ], [ 89.378276644121399, 26.474639839561526 ], [ 89.380030525205484, 26.473969092210147 ], [ 89.380500901423787, 26.473785410977367 ], [ 89.382587140495588, 26.472974121702141 ], [ 89.383520297805887, 26.47183168681979 ], [ 89.384764564470132, 26.470520299237926 ], [ 89.386134126784285, 26.469066352708037 ], [ 89.387621852704598, 26.467479885788645 ], [ 89.388993833447884, 26.466798157915086 ], [ 89.390925118137417, 26.465837924364529 ], [ 89.396721728014782, 26.463973122390634 ], [ 89.400114940039657, 26.465139031890129 ], [ 89.402188061172637, 26.466219907521744 ], [ 89.402237361552324, 26.466245610734859 ], [ 89.402266496336992, 26.466260711118036 ], [ 89.403521456472461, 26.466194541766725 ], [ 89.404002670789353, 26.466358368285366 ], [ 89.404357839177166, 26.466479040437196 ], [ 89.404736133097671, 26.466607568649994 ], [ 89.406896795462629, 26.468635035461695 ], [ 89.40821405818086, 26.470351204773877 ], [ 89.409600425977459, 26.471061834097721 ], [ 89.410490154441689, 26.471517881713375 ], [ 89.412639068261655, 26.472203527029858 ], [ 89.416287745670019, 26.471538772294437 ], [ 89.417982495336119, 26.471502333300741 ], [ 89.419137925695992, 26.471919505656913 ], [ 89.419497675403605, 26.471754324271579 ], [ 89.420821872091068, 26.471146297577544 ], [ 89.421187810506765, 26.470165974963148 ], [ 89.421577372032871, 26.469136104100002 ], [ 89.422668354936519, 26.469121219684567 ], [ 89.423913635391941, 26.469104531720763 ], [ 89.42582733298859, 26.469311353995842 ], [ 89.429744913977245, 26.469585493207088 ], [ 89.43016517082097, 26.469600746400356 ], [ 89.430433207153129, 26.469610473777568 ], [ 89.432291039943522, 26.469679837050862 ], [ 89.432850603613318, 26.470615244208375 ], [ 89.433910804080583, 26.470709893672872 ], [ 89.434884028722735, 26.470796770742961 ], [ 89.435094993619387, 26.470349037992126 ], [ 89.43542375137099, 26.470573884020471 ], [ 89.435535285835286, 26.47065016584644 ], [ 89.435910050612733, 26.470906474923712 ], [ 89.436904747845517, 26.470776344701726 ], [ 89.438999744439855, 26.471114330564859 ], [ 89.439987768678492, 26.471809416389782 ], [ 89.441652177726382, 26.47148279110252 ], [ 89.442187358535733, 26.472649779142174 ], [ 89.442882377899721, 26.474249069746968 ], [ 89.443458796422178, 26.475497106364934 ], [ 89.444114810537002, 26.476733500737851 ], [ 89.445558478833789, 26.476684691425703 ], [ 89.447466494313858, 26.476420545384954 ], [ 89.449098900967343, 26.47568993401714 ], [ 89.44958566952667, 26.476579333852161 ], [ 89.450149542943578, 26.477434619045681 ], [ 89.451078528415835, 26.477338427419348 ], [ 89.452275668242947, 26.477771353973818 ], [ 89.452401467223837, 26.478091425410728 ], [ 89.452700856443244, 26.479056753469823 ], [ 89.452922111971603, 26.480250047543361 ], [ 89.453081272724447, 26.4810802298291 ], [ 89.453340246167713, 26.482431004013279 ], [ 89.453910783076907, 26.484223828053405 ], [ 89.454095686212256, 26.484885973755496 ], [ 89.454213880502678, 26.488152573846715 ], [ 89.454208916487062, 26.48881190780752 ], [ 89.454203876539367, 26.489719679931806 ], [ 89.454199897984324, 26.49109913798253 ], [ 89.456753026475539, 26.491089946055258 ], [ 89.460115214637113, 26.49072527656304 ], [ 89.46478128390217, 26.4903577296135 ], [ 89.468827086650577, 26.489736647334357 ], [ 89.46918347047891, 26.48968193225652 ], [ 89.469445313325593, 26.489572543837575 ], [ 89.471081575056829, 26.488888474744151 ], [ 89.47220090227151, 26.488420503885727 ], [ 89.4739152529975, 26.488042058436292 ], [ 89.47465396633217, 26.487878949938576 ], [ 89.478413028806884, 26.4871160328032 ], [ 89.479450351410904, 26.486847229772497 ], [ 89.479890744653602, 26.48663709153287 ], [ 89.48039958862789, 26.485651358001959 ], [ 89.48067884373728, 26.485036751287172 ], [ 89.481816304543017, 26.484463949138348 ], [ 89.483414303055184, 26.483659115323423 ], [ 89.483748441375738, 26.484402096359322 ], [ 89.483756402100511, 26.485350171332939 ], [ 89.483702767027495, 26.485732381668974 ], [ 89.483755853101641, 26.486121332344975 ], [ 89.483880743130086, 26.486428444037035 ], [ 89.48421797982418, 26.486558757988586 ], [ 89.484590342189804, 26.486358696129752 ], [ 89.484768961966054, 26.485870897305627 ], [ 89.485163027551266, 26.485067756239694 ], [ 89.485335762090571, 26.484916514875536 ], [ 89.485897788612633, 26.484814836842464 ], [ 89.486383330841207, 26.484800661503009 ], [ 89.486498062050174, 26.485395534797043 ], [ 89.486614258396628, 26.485908197220624 ], [ 89.486960889148989, 26.486386961448499 ], [ 89.487076678078282, 26.486367137638673 ], [ 89.487626233435876, 26.486273047092784 ], [ 89.487622825979969, 26.485771582737133 ], [ 89.487399486122854, 26.485091735561696 ], [ 89.487338897076881, 26.484907298894505 ], [ 89.487057988741284, 26.484282123503302 ], [ 89.487289234831081, 26.483971840931151 ], [ 89.487841236864199, 26.484070953005851 ], [ 89.488560361619804, 26.484251519770542 ], [ 89.489493916218805, 26.484488305716805 ], [ 89.489512485283129, 26.484467836356739 ], [ 89.489524982219066, 26.484454061426334 ], [ 89.490179929702464, 26.483732115760464 ], [ 89.490474169488024, 26.483288677908178 ], [ 89.490621118827974, 26.483067713924797 ], [ 89.490897229427503, 26.482652530342421 ], [ 89.491155555603214, 26.482264966375858 ], [ 89.492174476215752, 26.481156536562867 ], [ 89.492687851889912, 26.480938513167008 ], [ 89.493168074675296, 26.480734275805631 ], [ 89.494568555347314, 26.4810938639644 ], [ 89.495569708905464, 26.481638108842677 ], [ 89.496121718954598, 26.481777715959343 ], [ 89.496212696092513, 26.48161117636884 ], [ 89.496346610410939, 26.481366037713965 ], [ 89.496615689245587, 26.480625691481492 ], [ 89.496302318395692, 26.479972168451777 ], [ 89.494983903765259, 26.479875046488072 ], [ 89.494004380451273, 26.479719225891944 ], [ 89.493830102056194, 26.479283711773647 ], [ 89.493712992984513, 26.478991057387429 ], [ 89.494084256220475, 26.478399342683012 ], [ 89.494897975601006, 26.477956850806095 ], [ 89.495436220410284, 26.477750653688936 ], [ 89.496085984339402, 26.477501353455263 ], [ 89.496456476797448, 26.477150858252859 ], [ 89.49683574995548, 26.476792054423168 ], [ 89.496844371483888, 26.476344775743662 ], [ 89.496849395845359, 26.476081245676887 ], [ 89.496099626540641, 26.475326809612287 ], [ 89.495701592602202, 26.474567405317615 ], [ 89.495687373010725, 26.474540276754404 ], [ 89.496048339744149, 26.473689955678491 ], [ 89.497158397315204, 26.472736083056258 ], [ 89.497466094310099, 26.472691985008858 ], [ 89.498910429504704, 26.472483145630289 ], [ 89.4996272578434, 26.473224198297491 ], [ 89.49973733681658, 26.474147104921951 ], [ 89.499362625934594, 26.475162025202614 ], [ 89.499723484348095, 26.475927625091312 ], [ 89.500541049160802, 26.475255987175871 ], [ 89.501281332850795, 26.474643855847216 ], [ 89.501963641327762, 26.474401638481297 ], [ 89.502866370383543, 26.474341460474744 ], [ 89.503299843918484, 26.473875453954758 ], [ 89.503771711861148, 26.47396281876604 ], [ 89.504533538183253, 26.474103865590951 ], [ 89.505357124751072, 26.473820583571516 ], [ 89.505340699629826, 26.473506545099386 ], [ 89.504391787030855, 26.473120186827654 ], [ 89.503990713037339, 26.472918831966755 ], [ 89.503291523944725, 26.472565369037596 ], [ 89.502732593303975, 26.47222368207175 ], [ 89.502676855182486, 26.472189608257523 ], [ 89.503049609402893, 26.471164989183674 ], [ 89.504142220658366, 26.470221897804837 ], [ 89.505265433421073, 26.469639178039667 ], [ 89.505955533179687, 26.470576515521433 ], [ 89.50688289583718, 26.471496005051613 ], [ 89.507191345070538, 26.471765629432561 ], [ 89.508823087475918, 26.47306482868208 ], [ 89.510108188256424, 26.473551942409774 ], [ 89.51075363205112, 26.47454922852852 ], [ 89.511227920505902, 26.475846695877294 ], [ 89.512639096739832, 26.477218754574594 ], [ 89.513687725025619, 26.478017991870814 ], [ 89.5140529246098, 26.478191637601086 ], [ 89.514302476630888, 26.478310294719549 ], [ 89.514711506140742, 26.477793432477924 ], [ 89.514716952904749, 26.476232533274999 ], [ 89.514796602678572, 26.475987856562288 ], [ 89.514880013630318, 26.475731626000432 ], [ 89.514966801220879, 26.475465018772233 ], [ 89.515532910693196, 26.474870477495809 ], [ 89.516700706591521, 26.473667921428053 ], [ 89.520653404802445, 26.472472572501445 ], [ 89.522208565954799, 26.472643509812428 ], [ 89.523603831422065, 26.474229103443857 ], [ 89.524512668039705, 26.475395693247563 ], [ 89.524977511441875, 26.475992358217415 ], [ 89.526018413416395, 26.476770316643048 ], [ 89.52713711878063, 26.477184850397062 ], [ 89.52871432220411, 26.476584805138902 ], [ 89.528880741092223, 26.47652148970635 ], [ 89.529279996778712, 26.475814014782397 ], [ 89.53001518396789, 26.474507761721288 ], [ 89.530132132150825, 26.472818410195998 ], [ 89.530169563902518, 26.472277684462192 ], [ 89.531717260915116, 26.471234935891086 ], [ 89.533375501875284, 26.471042442814909 ], [ 89.535014141058667, 26.472080875402696 ], [ 89.535193078925687, 26.472154852354745 ], [ 89.53608436559567, 26.472523326722978 ], [ 89.536113167972616, 26.472535233613193 ], [ 89.536385916478267, 26.472654265927172 ], [ 89.536980725154052, 26.472462423766775 ], [ 89.537514597483508, 26.472290232014316 ], [ 89.537662857326623, 26.471463603327461 ], [ 89.53779184027988, 26.470678394955584 ], [ 89.537407956844277, 26.469154655879002 ], [ 89.537182970496275, 26.468261602862782 ], [ 89.537318453801646, 26.466567360128067 ], [ 89.536977008363138, 26.465262656337078 ], [ 89.535549003364991, 26.464357576121682 ], [ 89.535400126821713, 26.464066972969881 ], [ 89.535083769840838, 26.463449446692483 ], [ 89.536668095593129, 26.462977525490082 ], [ 89.538662591101499, 26.463068812033889 ], [ 89.540672673343721, 26.46229769915303 ], [ 89.541619202115641, 26.461318069578432 ], [ 89.541947143925782, 26.460978653814479 ], [ 89.542111660156735, 26.460808381906809 ], [ 89.542115364503744, 26.460790539789734 ], [ 89.542534653099906, 26.45879018115378 ], [ 89.542107552683007, 26.456800963564262 ], [ 89.540272393464946, 26.455574794941885 ], [ 89.538437297009466, 26.454926845093834 ], [ 89.53829522478614, 26.454876679220334 ], [ 89.537841011883671, 26.453995157534415 ], [ 89.539128753389235, 26.453355742247609 ], [ 89.539400499889439, 26.453343950619253 ], [ 89.541415006322111, 26.453256517860137 ], [ 89.544246181781119, 26.453262243341516 ], [ 89.545985155366225, 26.452764093897546 ], [ 89.546041834763187, 26.452623282669542 ], [ 89.546220156115581, 26.452180272025419 ], [ 89.545255978473364, 26.450708227725258 ], [ 89.543771099485483, 26.449342826225394 ], [ 89.541751393402336, 26.448737872460018 ], [ 89.539238859716392, 26.44750459555021 ], [ 89.538685265543094, 26.446854427134195 ], [ 89.538368459961234, 26.446482350373095 ], [ 89.539264969416251, 26.445313165468747 ], [ 89.540378775839244, 26.444186744801119 ], [ 89.541304776620947, 26.443543122717244 ], [ 89.543087851656765, 26.444218177972989 ], [ 89.545416177402416, 26.445104120263856 ], [ 89.547444364638181, 26.44595427427442 ], [ 89.548465363499844, 26.445944701636598 ], [ 89.54866782029201, 26.445942802536685 ], [ 89.548879797568006, 26.445940782872171 ], [ 89.549010409933146, 26.445939538291945 ], [ 89.549054032249202, 26.444800955695932 ], [ 89.549074275089225, 26.444317936227336 ], [ 89.54838374571078, 26.443142859679174 ], [ 89.548644324475219, 26.44152042997823 ], [ 89.548430643859575, 26.440506008517499 ], [ 89.548372895029559, 26.440014592919319 ], [ 89.548334813904773, 26.439690537046186 ], [ 89.54920065184568, 26.439248410960495 ], [ 89.549826565766679, 26.4396108895351 ], [ 89.549900504454968, 26.439653709074548 ], [ 89.549963880037922, 26.439652384640539 ], [ 89.550976239126882, 26.439630472167529 ], [ 89.550991272709666, 26.439630146840681 ], [ 89.551580036492396, 26.43896057559051 ], [ 89.552301209963659, 26.437775403145054 ], [ 89.552582912593181, 26.436020986523715 ], [ 89.552256555985025, 26.432124279863693 ], [ 89.55222323702607, 26.431726428607842 ], [ 89.55278239918772, 26.430701777596337 ], [ 89.553149478124865, 26.430839083452927 ], [ 89.55633117825839, 26.431431039590901 ], [ 89.557284448162804, 26.431366228915138 ], [ 89.558126936551034, 26.431088515041161 ], [ 89.558669386214291, 26.430434158790998 ], [ 89.558836618359564, 26.429940210640158 ], [ 89.559058312348753, 26.429285393374403 ], [ 89.559061499675224, 26.427776939569977 ], [ 89.558504978268957, 26.426593122952358 ], [ 89.557430436811913, 26.425967714966447 ], [ 89.556107682797844, 26.426110760928829 ], [ 89.554426971695847, 26.426857087102427 ], [ 89.552100575248119, 26.427185165231073 ], [ 89.551013215800296, 26.427180705496486 ], [ 89.550598718664517, 26.42701992305722 ], [ 89.550130564720931, 26.426838324103493 ], [ 89.549826463965687, 26.426468734286377 ], [ 89.549824677242412, 26.426466563437387 ], [ 89.549911396107973, 26.426139001802962 ], [ 89.549933103921504, 26.426056990643691 ], [ 89.549939365817281, 26.426045277789115 ], [ 89.550190432437915, 26.425575644747354 ], [ 89.550205218256039, 26.425547986151919 ], [ 89.550437334778863, 26.425113795683743 ], [ 89.553797692990756, 26.42357348666723 ], [ 89.556329923854179, 26.421761410031905 ], [ 89.556660292308621, 26.421110856865695 ], [ 89.556753959221595, 26.420795782316471 ], [ 89.55692412353028, 26.420223385291568 ], [ 89.556917104545406, 26.419530466204321 ], [ 89.556615002705882, 26.41905835642962 ], [ 89.555915839559447, 26.418617223358915 ], [ 89.554341983986276, 26.418191721630613 ], [ 89.552486034178386, 26.418201002610317 ], [ 89.550577596827537, 26.418235072445906 ], [ 89.550097944161024, 26.418273324434381 ], [ 89.549427610014519, 26.417873789641813 ], [ 89.549362708851646, 26.417481026046477 ], [ 89.549520413593839, 26.417032843835361 ], [ 89.549538670281208, 26.416983732264953 ], [ 89.549742501840498, 26.416435413626999 ], [ 89.55060878563134, 26.416037945264154 ], [ 89.552358153727155, 26.416006717567882 ], [ 89.55530131980845, 26.416001882902091 ], [ 89.557178996190046, 26.415777296723526 ], [ 89.558389286642864, 26.415349751638214 ], [ 89.558802832878598, 26.414864835057678 ], [ 89.559004814919419, 26.414305489044441 ], [ 89.559138988922143, 26.413933921583737 ], [ 89.558974824632969, 26.41304720417239 ], [ 89.558616037564079, 26.412408982449101 ], [ 89.557898375986227, 26.411926690016699 ], [ 89.557831281253954, 26.411784255832593 ], [ 89.557729648244973, 26.411720304766121 ], [ 89.557102340148631, 26.411848443559382 ], [ 89.556281180836478, 26.411265968888646 ], [ 89.555491420200909, 26.410081423705964 ], [ 89.55411032218332, 26.408144831077262 ], [ 89.55330321462948, 26.406788516859521 ], [ 89.553141730942215, 26.406516960611022 ], [ 89.552661268916708, 26.405959256881129 ], [ 89.551742928331663, 26.40529323119592 ], [ 89.550132478058785, 26.404418443070206 ], [ 89.549329145807462, 26.404046705163349 ], [ 89.548633100765002, 26.403581346309398 ], [ 89.548446090626385, 26.403255238920337 ], [ 89.548438691933043, 26.402868039801596 ], [ 89.548542047377438, 26.402595875292239 ], [ 89.548717311858766, 26.402292920748899 ], [ 89.548966446481003, 26.402056172468573 ], [ 89.549703874310509, 26.401765766714128 ], [ 89.550925127204891, 26.401180287001957 ], [ 89.551892105475503, 26.400620796250333 ], [ 89.552276996840078, 26.40009271861771 ], [ 89.552502012440968, 26.399738377911365 ], [ 89.552692840594787, 26.399480464840227 ], [ 89.552943513151689, 26.399420235543325 ], [ 89.553441591735762, 26.398722020002307 ], [ 89.553456924047936, 26.398192376112696 ], [ 89.553434553761477, 26.397659921285772 ], [ 89.553229872368689, 26.397089264820664 ], [ 89.552688899151917, 26.396243656286163 ], [ 89.552265025074547, 26.395632166204749 ], [ 89.552190023525242, 26.395266956150806 ], [ 89.552118305642992, 26.39491980562903 ], [ 89.552252578446812, 26.394115021225431 ], [ 89.552542779905963, 26.393519556397464 ], [ 89.552748254680864, 26.393356202781735 ], [ 89.55419166027724, 26.393106324341325 ], [ 89.5556766548806, 26.393020593003069 ], [ 89.556816494639833, 26.393162101679945 ], [ 89.557851281841295, 26.393335537641345 ], [ 89.558633318216053, 26.393407389599385 ], [ 89.559831010677073, 26.393314541670495 ], [ 89.560632402439907, 26.39308548601381 ], [ 89.561566721105009, 26.392690432536671 ], [ 89.56224844842113, 26.392162830585978 ], [ 89.56296229012365, 26.391537708591247 ], [ 89.563561373342324, 26.390620120257157 ], [ 89.563638443852497, 26.389772041113329 ], [ 89.563490401497276, 26.388312075071106 ], [ 89.563310329820709, 26.38666777332638 ], [ 89.563396349183762, 26.385704764397765 ], [ 89.563726338850472, 26.384583670565107 ], [ 89.564231803813556, 26.383463202918236 ], [ 89.564740317218536, 26.382502935950278 ], [ 89.565151126173745, 26.381926384487929 ], [ 89.565249402245897, 26.381574778647266 ], [ 89.565240463926074, 26.381159992523624 ], [ 89.565228620652348, 26.380617840513555 ], [ 89.5649955676259, 26.379663114459994 ], [ 89.564810380609885, 26.379282132028003 ], [ 89.564550029911416, 26.378710871892622 ], [ 89.563869999557198, 26.378334144009482 ], [ 89.562805501785192, 26.378151781785384 ], [ 89.561321935609925, 26.378195837286196 ], [ 89.559781570534042, 26.378812357101332 ], [ 89.558408522435485, 26.379046248198666 ], [ 89.557063476804402, 26.378994492112085 ], [ 89.555435296617347, 26.378945748452466 ], [ 89.554934226194135, 26.378728781662424 ], [ 89.554318685390811, 26.378228146771765 ], [ 89.553658222721211, 26.377411709048793 ], [ 89.553176388183701, 26.376657279102258 ], [ 89.552866614360667, 26.375711136676667 ], [ 89.552822488891806, 26.375395048683178 ], [ 89.552346488399806, 26.374862888566373 ], [ 89.55158211698992, 26.374176585794604 ], [ 89.549864970392733, 26.373726063967109 ], [ 89.548258234470552, 26.373433618684338 ], [ 89.54768996838969, 26.373442378347857 ], [ 89.547089639413684, 26.373578329714057 ], [ 89.546246754361519, 26.373939738775082 ], [ 89.545231486655211, 26.374493938285664 ], [ 89.544345603884125, 26.375868478561632 ], [ 89.54393075398508, 26.376286444360563 ], [ 89.543475985478182, 26.376547008872461 ], [ 89.542943116127788, 26.376556024564334 ], [ 89.54247952257235, 26.37650071440655 ], [ 89.542189147918819, 26.376284393053361 ], [ 89.541851796658065, 26.375657843655713 ], [ 89.541791638220488, 26.374773415727265 ], [ 89.542052146368164, 26.37391490324768 ], [ 89.542705268216309, 26.373112783595769 ], [ 89.543225938744214, 26.372660950031936 ], [ 89.543788272187939, 26.372429930681548 ], [ 89.544601912619001, 26.37228971574703 ], [ 89.546021191424089, 26.372203100822031 ], [ 89.546591305568654, 26.372257202304123 ], [ 89.547377124099498, 26.372402956880769 ], [ 89.548239993664382, 26.372769304286837 ], [ 89.549949845408761, 26.372933493700231 ], [ 89.550766526093554, 26.372921649068445 ], [ 89.551616884101335, 26.372846311447926 ], [ 89.553094004735854, 26.372319501074443 ], [ 89.554534454224694, 26.371762306500987 ], [ 89.555335205516826, 26.371181932838063 ], [ 89.556006828660955, 26.369747164802767 ], [ 89.556568878225889, 26.368186504461832 ], [ 89.556966215965332, 26.367103259376623 ], [ 89.557239978765011, 26.366719160416306 ], [ 89.557622630846836, 26.366428784929596 ], [ 89.557978062458915, 26.36645595571936 ], [ 89.558617145611038, 26.366479544790693 ], [ 89.559228051911688, 26.366789125186919 ], [ 89.55987590594161, 26.367161877937029 ], [ 89.560737069388864, 26.367563978326498 ], [ 89.562203536776224, 26.368086255523941 ], [ 89.562947559837482, 26.368077537142071 ], [ 89.563656860622459, 26.368101081863681 ], [ 89.564287468867946, 26.367807801177758 ], [ 89.564946570814556, 26.367228013223023 ], [ 89.565464837916792, 26.366681501438226 ], [ 89.565543789802518, 26.36652380514996 ], [ 89.56576908496433, 26.366073830452027 ], [ 89.5657568136794, 26.365565292042813 ], [ 89.565678273025966, 26.365248332884768 ], [ 89.565264579617107, 26.364268057741796 ], [ 89.56402970914165, 26.36307631788091 ], [ 89.563590074026806, 26.362510279255336 ], [ 89.562298085526606, 26.361924130351355 ], [ 89.560729666878999, 26.361659809846294 ], [ 89.559059193103892, 26.36158774514292 ], [ 89.556310963821375, 26.361055712041626 ], [ 89.554122477518391, 26.360263548715334 ], [ 89.553471890086243, 26.359925157602614 ], [ 89.553293349034377, 26.359832335736424 ], [ 89.552075587614496, 26.359502516682046 ], [ 89.551786135434781, 26.359316937625461 ], [ 89.551621930724039, 26.358495764130641 ], [ 89.551291238152842, 26.35542727204259 ], [ 89.551185817388443, 26.354219077835179 ], [ 89.551086955345056, 26.35308510487004 ], [ 89.550922086765922, 26.352231923155944 ], [ 89.55112472540381, 26.351816427530732 ], [ 89.551647585451008, 26.351395520286996 ], [ 89.551952820338727, 26.350819586551815 ], [ 89.551948668855587, 26.350661084346857 ], [ 89.551865053300091, 26.350186760267579 ], [ 89.55150088558986, 26.349875779138539 ], [ 89.550717114914477, 26.349857408947294 ], [ 89.549964695767017, 26.349680001710535 ], [ 89.549833629994041, 26.348762704120155 ], [ 89.54976707234907, 26.347558445856155 ], [ 89.549759974524449, 26.347272956370713 ], [ 89.550387100421631, 26.346690410364921 ], [ 89.550804762560645, 26.346270050521948 ], [ 89.551117310308996, 26.345914924955142 ], [ 89.551141655239263, 26.345405918568435 ], [ 89.550944211858251, 26.344487208994888 ], [ 89.550720449449187, 26.343982160794738 ], [ 89.55046621177145, 26.343732211155324 ], [ 89.550178757267062, 26.34361021775555 ], [ 89.549502171653359, 26.343654684941516 ], [ 89.548899866957726, 26.343856863642483 ], [ 89.548507784104089, 26.343864158431856 ], [ 89.548144634795833, 26.34352091966808 ], [ 89.547874681412878, 26.342379727512199 ], [ 89.547487536215129, 26.340442124360742 ], [ 89.546577354078835, 26.33899061214467 ], [ 89.545783866313144, 26.338110676749906 ], [ 89.544815223268728, 26.337393552373598 ], [ 89.54356589798725, 26.337194187353596 ], [ 89.542567049526312, 26.337214302270649 ], [ 89.541887875268358, 26.336971608092753 ], [ 89.541386658999542, 26.336500711317644 ], [ 89.540742519278623, 26.335840179472839 ], [ 89.540707007956726, 26.335761675023136 ], [ 89.539891264091182, 26.334964388674003 ], [ 89.539337778532115, 26.33485015388861 ], [ 89.537816743398309, 26.335003575712992 ], [ 89.536063248252489, 26.334829347514464 ], [ 89.534512866507455, 26.334896708833998 ], [ 89.534089771099602, 26.33553974378896 ], [ 89.533830095303045, 26.335775203433016 ], [ 89.533443454495057, 26.335960847688469 ], [ 89.533282078611933, 26.336132602319839 ], [ 89.533312960335579, 26.336546264617891 ], [ 89.533348249480028, 26.336887908290439 ], [ 89.533385884934034, 26.337219690458806 ], [ 89.533238244292789, 26.337476601280908 ], [ 89.532993101852028, 26.337683061037264 ], [ 89.53263967641297, 26.337778614632015 ], [ 89.532562614926746, 26.337766275105984 ], [ 89.532403289412215, 26.33774078009046 ], [ 89.532274561359458, 26.337639458965572 ], [ 89.532253809608832, 26.337465770781556 ], [ 89.532135065084191, 26.337311743072661 ], [ 89.532026621471118, 26.337296998130689 ], [ 89.531780193060413, 26.337303166235316 ], [ 89.531465367658527, 26.337424300946523 ], [ 89.531170647438685, 26.33751854626275 ], [ 89.530955123306214, 26.337593247820021 ], [ 89.530697697218713, 26.33748665244665 ], [ 89.530626480553622, 26.337323439072534 ], [ 89.530565634281345, 26.337089929076715 ], [ 89.530397582110268, 26.337041937331154 ], [ 89.530031980018208, 26.337095108729653 ], [ 89.529804713623847, 26.337048662134489 ], [ 89.529750199611726, 26.336882089559172 ], [ 89.529775925077274, 26.336695397432386 ], [ 89.529762684742153, 26.336509516228595 ], [ 89.529516627538158, 26.336328165397756 ], [ 89.52921811818976, 26.336254915539573 ], [ 89.529043442889702, 26.335983433427046 ], [ 89.529083546120333, 26.335741719515241 ], [ 89.529049461905174, 26.335609252375889 ], [ 89.528892766230456, 26.335622003155294 ], [ 89.528563936639472, 26.335685317775006 ], [ 89.528322376813094, 26.335655116119007 ], [ 89.528133841001008, 26.335455691848669 ], [ 89.52782661700104, 26.334582656195686 ], [ 89.527813276964935, 26.334358290460329 ], [ 89.527908683117488, 26.33413334213213 ], [ 89.528159059830415, 26.333958435157246 ], [ 89.528624357611292, 26.333846583536769 ], [ 89.529003384268393, 26.333796220347555 ], [ 89.529280882250745, 26.33365736214661 ], [ 89.529402434422764, 26.333229279722623 ], [ 89.529399142847097, 26.332733087909862 ], [ 89.529409890951811, 26.331998525461618 ], [ 89.529436942651174, 26.331308249500328 ], [ 89.529374937148489, 26.331110241661914 ], [ 89.529200544114104, 26.331026235660445 ], [ 89.528857186420353, 26.331056521457874 ], [ 89.528500138818231, 26.331259074953881 ], [ 89.527915236227159, 26.331355772294177 ], [ 89.527139095858644, 26.331621715374187 ], [ 89.526681188741406, 26.331846515832233 ], [ 89.526060449072659, 26.331952490196304 ], [ 89.525540542236058, 26.332124041890403 ], [ 89.525078794326333, 26.332115146954131 ], [ 89.524898739516445, 26.331794250142721 ], [ 89.524888518903282, 26.33142374494949 ], [ 89.525015477057337, 26.330769984052409 ], [ 89.525007466755156, 26.330109702430661 ], [ 89.524945921954, 26.329671167617235 ], [ 89.524916985190842, 26.329352574821176 ], [ 89.524771875834134, 26.329364496498261 ], [ 89.524283857204878, 26.329652405478583 ], [ 89.524051052250584, 26.329967667212081 ], [ 89.523935049983251, 26.330123317337332 ], [ 89.523637058809356, 26.33056986072987 ], [ 89.523335275178084, 26.330860744230264 ], [ 89.523167290957787, 26.330813454097065 ], [ 89.523149795555923, 26.330679378044277 ], [ 89.523122291056168, 26.330472415540573 ], [ 89.522915395699229, 26.329439038357002 ], [ 89.522692457070306, 26.328854090898108 ], [ 89.522474708637489, 26.328192257311755 ], [ 89.522378720780964, 26.327848635367204 ], [ 89.522200754280917, 26.327740565333936 ], [ 89.521940422277908, 26.327859483575008 ], [ 89.521616962538971, 26.327798442805317 ], [ 89.521159278892711, 26.327897070732046 ], [ 89.521072484457889, 26.328225520869832 ], [ 89.520902416266793, 26.328521021009955 ], [ 89.520481291748013, 26.328785503961431 ], [ 89.520212632092012, 26.328827988039446 ], [ 89.520078196396469, 26.328849224084731 ], [ 89.519674931806293, 26.328729640989401 ], [ 89.519517003828639, 26.32852478702306 ], [ 89.519358538548801, 26.328241592189034 ], [ 89.519239589839046, 26.328044519721242 ], [ 89.518875775913926, 26.327941250926102 ], [ 89.518472572963304, 26.327795452537796 ], [ 89.518243152336979, 26.327314344697839 ], [ 89.518174635958999, 26.326560523882858 ], [ 89.518271483509551, 26.325544564996576 ], [ 89.518418823648062, 26.325212500823451 ], [ 89.518815709538828, 26.324823328205692 ], [ 89.51899095292336, 26.324508495503757 ], [ 89.518943477158459, 26.324216135440135 ], [ 89.518605566107667, 26.323947714149345 ], [ 89.518124461670581, 26.32376029319262 ], [ 89.517330091510729, 26.323485244550643 ], [ 89.516657994093791, 26.323077882350447 ], [ 89.516262296446016, 26.322500070290353 ], [ 89.516127442966578, 26.322209696184544 ], [ 89.516050221847664, 26.321900711985666 ], [ 89.515884303182006, 26.321870051817054 ], [ 89.51560355939678, 26.321893869174982 ], [ 89.515207970066797, 26.321972169180743 ], [ 89.514486134326631, 26.322178910104167 ], [ 89.513747977950814, 26.322498144604079 ], [ 89.513752570861783, 26.322657541485878 ], [ 89.513758236420273, 26.322860471889253 ], [ 89.513677048681245, 26.323095589114896 ], [ 89.513388812882383, 26.323232022462889 ], [ 89.513061354046528, 26.323245502400336 ], [ 89.512893238495366, 26.323252428654161 ], [ 89.512522939266674, 26.323226646476442 ], [ 89.512369945718476, 26.322927693162558 ], [ 89.512305524085264, 26.322315854300737 ], [ 89.512211398042709, 26.321739759193388 ], [ 89.512075910577948, 26.321423591693499 ], [ 89.511750207851819, 26.321241283735649 ], [ 89.511382145485854, 26.321267067292471 ], [ 89.511080816978478, 26.321584672431079 ], [ 89.510977636736655, 26.321710855115658 ], [ 89.510864892305918, 26.321848604646025 ], [ 89.510680694212382, 26.32186151598027 ], [ 89.510609242185524, 26.321801112110258 ], [ 89.510452056125587, 26.321668257238567 ], [ 89.51014107016087, 26.321522481010589 ], [ 89.509370084383619, 26.321110692680787 ], [ 89.508525470437618, 26.321145456795026 ], [ 89.5074760292203, 26.321277001067738 ], [ 89.506577409686287, 26.321236186370541 ], [ 89.506219630837535, 26.321558826687838 ], [ 89.50591710803495, 26.321834945826854 ], [ 89.505504392009712, 26.321936599085028 ], [ 89.505126878783074, 26.321944979034562 ], [ 89.504772421154755, 26.322109389254678 ], [ 89.504543946822466, 26.322450909097117 ], [ 89.504531324313604, 26.322867045477754 ], [ 89.50451767550517, 26.323206278517933 ], [ 89.504398507682282, 26.323409347173865 ], [ 89.504137013752455, 26.323261341799011 ], [ 89.503869290920164, 26.323101940716349 ], [ 89.503614020704376, 26.32294991897896 ], [ 89.502832553380031, 26.3227831286023 ], [ 89.501827250911958, 26.322976064448081 ], [ 89.501576554224101, 26.32313196580245 ], [ 89.500925879451131, 26.323536835111671 ], [ 89.500807968080196, 26.323986501596092 ], [ 89.501021085678914, 26.324443802955475 ], [ 89.501476845779408, 26.324818438640488 ], [ 89.502098894892711, 26.325115121902822 ], [ 89.50292055133005, 26.325016101622197 ], [ 89.503251604634769, 26.325116274849638 ], [ 89.503170082010044, 26.325595925219897 ], [ 89.502900368978672, 26.326218414135269 ], [ 89.502505978980125, 26.326535464640536 ], [ 89.50234901406283, 26.326149596454275 ], [ 89.501870821170911, 26.325779862437063 ], [ 89.501572807512602, 26.32555564376138 ], [ 89.50111605896565, 26.325697568259205 ], [ 89.500795796820512, 26.325761865402793 ], [ 89.500610529602525, 26.326178030096635 ], [ 89.500653187948387, 26.326669663048101 ], [ 89.500710637799557, 26.326991603025569 ], [ 89.500381012061283, 26.326968185207431 ], [ 89.500122365436795, 26.327011202352683 ], [ 89.499655193906221, 26.327088877951798 ], [ 89.499062036968169, 26.327286401795469 ], [ 89.498972840359812, 26.327630252021294 ], [ 89.498998018995707, 26.328029634764714 ], [ 89.498986902548978, 26.328337499898058 ], [ 89.498908724873885, 26.328739057193868 ], [ 89.498597806215841, 26.328761191893669 ], [ 89.498433812568038, 26.328555570126408 ], [ 89.498147581744163, 26.327925249892377 ], [ 89.497738320667821, 26.327380558536131 ], [ 89.497455204132137, 26.327079167063012 ], [ 89.497013962364719, 26.327064934371045 ], [ 89.496653110908099, 26.327123603967316 ], [ 89.496248512990135, 26.327351637024552 ], [ 89.495534231580663, 26.32790507852016 ], [ 89.495454892731289, 26.327649759286881 ], [ 89.495216800343357, 26.32688211585943 ], [ 89.494772448712524, 26.325492421970541 ], [ 89.494571354421282, 26.32494303868339 ], [ 89.49418671909244, 26.324782324463204 ], [ 89.494057117650939, 26.32432357317316 ], [ 89.493913631539343, 26.324049737003914 ], [ 89.493530017338031, 26.323950559109779 ], [ 89.49331592802767, 26.324023503192922 ], [ 89.493046663085877, 26.324115252408703 ], [ 89.492767643239432, 26.324044531574142 ], [ 89.492682391535041, 26.323916227227695 ], [ 89.492535980929574, 26.323695726647347 ], [ 89.492374339299886, 26.323360670027316 ], [ 89.492121945017175, 26.323429104084731 ], [ 89.491223841931145, 26.323829672974899 ], [ 89.490366145326092, 26.324176945474164 ], [ 89.490179564718332, 26.32386167383353 ], [ 89.489940661918652, 26.323457214822632 ], [ 89.489235604673709, 26.323123523906599 ], [ 89.487660728303183, 26.323405571062491 ], [ 89.487238692470726, 26.323872612146896 ], [ 89.486723443662783, 26.324449209059861 ], [ 89.486098126296838, 26.323683109901971 ], [ 89.484965764359885, 26.323672715937175 ], [ 89.483541474081107, 26.324020748350044 ], [ 89.480755671955464, 26.324602274141746 ], [ 89.478972684788204, 26.32500363763387 ], [ 89.477736964708271, 26.325272484093034 ], [ 89.476645102523435, 26.325787189605705 ], [ 89.476434325150862, 26.32653481962787 ], [ 89.474827919818949, 26.326769423898956 ], [ 89.473130058820814, 26.327047175871439 ], [ 89.471433998965907, 26.327407802415316 ], [ 89.470519974926177, 26.327713415599817 ], [ 89.469794581415982, 26.328181148719441 ], [ 89.469708950164446, 26.328430763148461 ], [ 89.469965755555918, 26.329418363907948 ], [ 89.470909758445487, 26.330228045876652 ], [ 89.472433174341788, 26.33197728755334 ], [ 89.472875537108351, 26.332960645071005 ], [ 89.472952714865301, 26.334074448322482 ], [ 89.472521573096259, 26.335156219177694 ], [ 89.471809102943254, 26.336077968935165 ], [ 89.471547391273731, 26.33661970477095 ], [ 89.470375996609917, 26.337632565809368 ], [ 89.470075039774713, 26.338422835384101 ], [ 89.469250677425421, 26.338644606762866 ], [ 89.467853220113312, 26.339826916324483 ], [ 89.467261744424619, 26.340126987542035 ], [ 89.466891679379358, 26.34009254757563 ], [ 89.465855442662118, 26.339326984015745 ], [ 89.465244549829535, 26.338925238514278 ], [ 89.464005201572448, 26.33915472243222 ], [ 89.463488831945568, 26.338833823605327 ], [ 89.46281820378708, 26.337937403484705 ], [ 89.46248518956709, 26.337571742838705 ], [ 89.461880055931843, 26.337376359877823 ], [ 89.461136595751512, 26.337183528827126 ], [ 89.460471790184144, 26.33649339477968 ], [ 89.459839636349727, 26.335306670703861 ], [ 89.459620348432779, 26.334029482159568 ], [ 89.459623856122604, 26.332458644857912 ], [ 89.459208848835843, 26.332466286762852 ], [ 89.45852051343617, 26.332602995045853 ], [ 89.458264632068861, 26.3322088537656 ], [ 89.45903723290624, 26.330919828237487 ], [ 89.459349629865528, 26.328805015218869 ], [ 89.459178278804629, 26.327567169636925 ], [ 89.458687557502913, 26.326459022043615 ], [ 89.457396568100066, 26.324744412369313 ], [ 89.455883619555635, 26.323364589534879 ], [ 89.455048756295213, 26.321433022807422 ], [ 89.455154099073383, 26.320146168574453 ], [ 89.455218565568316, 26.319067100942497 ], [ 89.455821562523383, 26.318518843671786 ], [ 89.455607996272974, 26.318235007706605 ], [ 89.454914447055899, 26.318001438871214 ], [ 89.454015159446044, 26.317792432724371 ], [ 89.453188868277678, 26.317746604937192 ], [ 89.45247875091674, 26.317760283878275 ], [ 89.451847888491827, 26.317320243042428 ], [ 89.451306652244, 26.316570374143534 ], [ 89.450551417024968, 26.315557846850698 ], [ 89.450284709647619, 26.313321801893636 ], [ 89.450420014390176, 26.310707724132453 ], [ 89.450181836030467, 26.309394980252435 ], [ 89.449793516615472, 26.308926294258239 ], [ 89.449114190376235, 26.308718697965478 ], [ 89.448463774237567, 26.308777737708073 ], [ 89.447860264384914, 26.308793352029824 ], [ 89.447745336365514, 26.308485744747024 ], [ 89.447838240274578, 26.308277151280436 ], [ 89.448300070953309, 26.308106220727407 ], [ 89.448704979422303, 26.308094543363719 ], [ 89.448695140799387, 26.307309224635588 ], [ 89.448742392588613, 26.306792504976727 ], [ 89.448605068239559, 26.306402855303812 ], [ 89.44830201841016, 26.306277646158748 ], [ 89.447549045180295, 26.306277226063695 ], [ 89.446793051414716, 26.306332112935451 ], [ 89.446339025743015, 26.306802165747037 ], [ 89.445239637053405, 26.307546300489655 ], [ 89.444096390425315, 26.308002349426683 ], [ 89.442841753856797, 26.308377779123582 ], [ 89.441909890011217, 26.308747047743491 ], [ 89.44098216899971, 26.309219612579756 ], [ 89.440394630617249, 26.309499565191039 ], [ 89.439709656200563, 26.309553837602177 ], [ 89.439385064823696, 26.30939449095392 ], [ 89.43875053801311, 26.309695487596667 ], [ 89.437825966548587, 26.310962773152063 ], [ 89.437306739794082, 26.313003822122106 ], [ 89.435033761322941, 26.313918697459023 ], [ 89.433718112914676, 26.31452447548228 ], [ 89.432313067848767, 26.315214697038844 ], [ 89.431464196672039, 26.316017263053048 ], [ 89.430979020936221, 26.316718818442183 ], [ 89.430978690424141, 26.316719295127136 ], [ 89.4307663935177, 26.317026023460997 ], [ 89.430633722392358, 26.316952192558414 ], [ 89.430633560307271, 26.31695210325746 ], [ 89.430156347089024, 26.316686576619183 ], [ 89.429690240413109, 26.31606480179272 ], [ 89.429557757773338, 26.315638165314923 ], [ 89.429164973752407, 26.315616038550722 ], [ 89.428889219854824, 26.315600553066322 ], [ 89.428444828513165, 26.315549815815963 ], [ 89.428290679875403, 26.315689295128085 ], [ 89.428229738168454, 26.31574442777395 ], [ 89.428208293059996, 26.315977929397757 ], [ 89.428245028295905, 26.316227449274848 ], [ 89.428441192019847, 26.316344086577615 ], [ 89.42877044411297, 26.31640612883038 ], [ 89.428969221905419, 26.316377202701648 ], [ 89.429048384411487, 26.316365685010055 ], [ 89.42900010860798, 26.316505106983961 ], [ 89.428979780699336, 26.316592491963913 ], [ 89.42902418786548, 26.316823941685584 ], [ 89.429228429535698, 26.316888761167124 ], [ 89.42946877737279, 26.316875103065865 ], [ 89.429452479665571, 26.316970468730723 ], [ 89.42944284075412, 26.317281668868546 ], [ 89.429561814451375, 26.317391517058688 ], [ 89.42943879037405, 26.317463176978425 ], [ 89.429072477945525, 26.317453490346377 ], [ 89.428864417931635, 26.317578747278048 ], [ 89.428840791566628, 26.317751999461208 ], [ 89.428798937899984, 26.317960186672558 ], [ 89.428578858968621, 26.318007930592458 ], [ 89.428278686235572, 26.317953694369479 ], [ 89.428233693194528, 26.31773871321548 ], [ 89.428194413914255, 26.317027901812295 ], [ 89.428269537775066, 26.31674490638181 ], [ 89.42804976929483, 26.31675823186346 ], [ 89.427772943665317, 26.316833221510599 ], [ 89.427483052958735, 26.316839464807117 ], [ 89.427397849132817, 26.316841307724882 ], [ 89.427298253193129, 26.316731295453838 ], [ 89.427243292637243, 26.316508184610086 ], [ 89.427074988331555, 26.316044673259345 ], [ 89.427000718466132, 26.315823782598741 ], [ 89.42674699804175, 26.315709051792975 ], [ 89.426520775383949, 26.315712242190337 ], [ 89.425905069075981, 26.315721372756585 ], [ 89.425378732375123, 26.315632925921339 ], [ 89.42522202726073, 26.316683246166619 ], [ 89.424126224398123, 26.317370472541441 ], [ 89.424256859339295, 26.318175585070108 ], [ 89.424605678007254, 26.319214992680351 ], [ 89.424300750437141, 26.319697025136456 ], [ 89.423030411210519, 26.319864636474399 ], [ 89.421537671269363, 26.319749545413991 ], [ 89.419488508100002, 26.319442034263368 ], [ 89.416168593944306, 26.319023293896741 ], [ 89.413287867564762, 26.318788035567213 ], [ 89.411618956108285, 26.318887619304682 ], [ 89.41099686866967, 26.319280582171825 ], [ 89.410979475871827, 26.320104304189492 ], [ 89.41168267418125, 26.320761838034183 ], [ 89.411459046804438, 26.321356455429765 ], [ 89.410267493686931, 26.321301871122834 ], [ 89.409034790624148, 26.321447139324484 ], [ 89.407974144276892, 26.322352705311566 ], [ 89.406753109987434, 26.32363572856546 ], [ 89.406882352128463, 26.324305409492222 ], [ 89.406192922686415, 26.324246744457987 ], [ 89.405607201418974, 26.32426047386933 ], [ 89.404973728464483, 26.324467819153231 ], [ 89.404830900935409, 26.325048658578897 ], [ 89.405327859109917, 26.325614383317443 ], [ 89.405818770816481, 26.325987117425676 ], [ 89.405723907181198, 26.326420972750796 ], [ 89.405033995270358, 26.326581089566858 ], [ 89.404356349803507, 26.327162370114589 ], [ 89.404392843469424, 26.328497687383543 ], [ 89.404395737205959, 26.328995379444944 ], [ 89.403775150339584, 26.329436615143631 ], [ 89.403206312876563, 26.329578169607821 ], [ 89.403019916555877, 26.33060698218797 ], [ 89.402557014351771, 26.332230349077509 ], [ 89.403365479892216, 26.332258779920103 ], [ 89.403339205691765, 26.33229308548524 ], [ 89.40230969657496, 26.333649611138199 ], [ 89.401473520475193, 26.334324059146006 ], [ 89.400396541435583, 26.335151300403524 ], [ 89.398495433045881, 26.33611204255374 ], [ 89.396372541971502, 26.336611764965067 ], [ 89.393983159966183, 26.336705900325043 ], [ 89.392857429722184, 26.336271620796193 ], [ 89.392627125647309, 26.336080766664772 ], [ 89.391843653484116, 26.335430581367245 ], [ 89.391352798123364, 26.335213237958886 ], [ 89.391023237362901, 26.335247634178931 ], [ 89.390282244790839, 26.335324207917814 ], [ 89.388832799218989, 26.335394197879815 ], [ 89.388034065035797, 26.335517511348055 ], [ 89.387901140111865, 26.335179330823991 ], [ 89.387381148928327, 26.335042580795658 ], [ 89.385818295054179, 26.334997182576991 ], [ 89.384677505837018, 26.334916029879402 ], [ 89.384639640894576, 26.33437831626637 ], [ 89.38459764426436, 26.333738358707603 ], [ 89.384564266031688, 26.332276177943104 ], [ 89.384512263051377, 26.33150902783623 ], [ 89.383955757849634, 26.331514221809545 ], [ 89.382954695282365, 26.331486183202664 ], [ 89.382545634659436, 26.331476832393921 ], [ 89.382572695664265, 26.330955459862828 ], [ 89.382601805279009, 26.330378564095788 ], [ 89.382837358632258, 26.329688750271082 ], [ 89.381208008216504, 26.329926892638678 ], [ 89.379315374825936, 26.3302035640864 ], [ 89.376797352548834, 26.330009218658407 ], [ 89.376248876387805, 26.33059749138479 ], [ 89.374623427181646, 26.331746497405586 ], [ 89.371529980814927, 26.332957664575925 ], [ 89.368073856385465, 26.334024203946274 ], [ 89.368048715865854, 26.334031949411308 ], [ 89.367388358016342, 26.334236103097837 ], [ 89.366885694681827, 26.334409836953828 ], [ 89.365404290580827, 26.334258493261746 ], [ 89.364989129555937, 26.333894558770108 ], [ 89.364223238998676, 26.333844680666573 ], [ 89.362963329030578, 26.333469456100708 ], [ 89.360311972503652, 26.332883747766328 ], [ 89.357611023289039, 26.332133471966824 ], [ 89.354976448559412, 26.331868607469609 ], [ 89.353012227589389, 26.331057804829069 ], [ 89.349523992375126, 26.33045735904858 ], [ 89.34581852548952, 26.330098968868104 ], [ 89.340695623547063, 26.32980106401796 ], [ 89.340602633503849, 26.329790003439349 ], [ 89.340708616595165, 26.330134886564291 ], [ 89.341236217946573, 26.33242674075813 ], [ 89.341277513470288, 26.334171904079504 ], [ 89.341483925710122, 26.33531640687044 ], [ 89.341644652736264, 26.337005684602094 ], [ 89.341850642700194, 26.338039192922658 ], [ 89.342395073201203, 26.338253307349124 ], [ 89.34329343195364, 26.338246787804145 ], [ 89.343701083893407, 26.338522170453157 ], [ 89.344088488506017, 26.338783151956306 ], [ 89.347389085243734, 26.340591512736903 ], [ 89.349136028579608, 26.342576047135275 ], [ 89.350807712477931, 26.344183616289151 ], [ 89.351874143142766, 26.34585740610347 ], [ 89.352020105009515, 26.346946747078526 ], [ 89.352042007704668, 26.347929716873004 ], [ 89.351233940530577, 26.349581302591677 ], [ 89.350118882116675, 26.35101915348141 ], [ 89.347522516415779, 26.353956975673711 ], [ 89.345447532067979, 26.355617819210327 ], [ 89.345082008413641, 26.355910565122983 ], [ 89.342456210048411, 26.357761533708921 ], [ 89.339061869898842, 26.36032892304442 ], [ 89.3384132841623, 26.360879890825355 ], [ 89.337841231290682, 26.362527190710907 ], [ 89.337871534322076, 26.364386568110046 ], [ 89.337826518617803, 26.364737129737097 ], [ 89.337557546963808, 26.366841016930195 ], [ 89.337349591367172, 26.367316966054332 ], [ 89.336413408992968, 26.369461071001883 ], [ 89.335220306692278, 26.372519827254457 ], [ 89.334273783142748, 26.375796042654795 ], [ 89.334298652708071, 26.37693890236714 ], [ 89.334327913014803, 26.378244245333168 ], [ 89.334597787587199, 26.379601185799874 ], [ 89.334886016093634, 26.380676296602427 ], [ 89.335510969991589, 26.383012121145864 ], [ 89.337316544823523, 26.385537375942931 ], [ 89.340162307054356, 26.389405983705043 ], [ 89.342223855033453, 26.393016247746949 ], [ 89.343034558106964, 26.394254371749042 ], [ 89.343108293518483, 26.395013907614796 ], [ 89.343242525546273, 26.39577253341859 ], [ 89.342711720231591, 26.396866204561729 ], [ 89.341684015406926, 26.397423790179712 ], [ 89.340347222381482, 26.39771466317476 ], [ 89.339007144358007, 26.397734716941407 ], [ 89.335417935299972, 26.39795536816559 ], [ 89.332072263683642, 26.397962782712931 ], [ 89.329457745668918, 26.396764196600881 ], [ 89.326314706423773, 26.394809865530615 ], [ 89.325687056951367, 26.394514065653045 ], [ 89.323417896501041, 26.39344286464538 ], [ 89.322030547318988, 26.393085195515944 ], [ 89.31937439822596, 26.392314318056595 ], [ 89.317317732211976, 26.391638370088039 ], [ 89.316413019285875, 26.391598477431021 ], [ 89.315270615462694, 26.391781365521553 ], [ 89.314432224516651, 26.392178454661536 ], [ 89.313896126501177, 26.392625226455788 ], [ 89.313729303460022, 26.392763289257129 ], [ 89.312883883376259, 26.39346333624577 ], [ 89.311694185971632, 26.394469048897406 ], [ 89.31035067359889, 26.396898752860974 ], [ 89.309655662685344, 26.398386859936075 ], [ 89.309310066062224, 26.399212651230297 ], [ 89.309387076878636, 26.400030334744375 ], [ 89.309959448040516, 26.401439698990611 ], [ 89.31107600546224, 26.403003980397653 ], [ 89.311685266942732, 26.403539009829434 ], [ 89.313244650182753, 26.404109534458417 ], [ 89.314560762072205, 26.40441077922145 ], [ 89.314576367927188, 26.405338266906263 ], [ 89.313950241103697, 26.407097893292971 ], [ 89.313721999840396, 26.407703197243833 ], [ 89.3130964572469, 26.409464329205754 ], [ 89.312987094923358, 26.410013129223305 ], [ 89.313000594262789, 26.410723332299739 ], [ 89.313365523023691, 26.411043278012915 ], [ 89.314146447382271, 26.411244633823941 ], [ 89.314458022599297, 26.411378957545164 ], [ 89.314990165138596, 26.411608309406613 ], [ 89.315781064002394, 26.412300821153117 ], [ 89.317549123842809, 26.413954578444788 ], [ 89.318657932571142, 26.415350114825138 ], [ 89.319663542549108, 26.41702209220632 ], [ 89.319797014658803, 26.419371443471537 ], [ 89.319661398039287, 26.420743246769469 ], [ 89.319410567248141, 26.422228472852101 ], [ 89.319205864065069, 26.422534841280257 ], [ 89.31866624348983, 26.423343241927284 ], [ 89.318032916272458, 26.42418158081157 ], [ 89.31793835075149, 26.424339426508922 ], [ 89.315419272069178, 26.42844138623083 ], [ 89.315260827898427, 26.42969434234595 ], [ 89.315223830642751, 26.430945082412983 ], [ 89.315240464733407, 26.431816987726666 ], [ 89.315298373689828, 26.434805316128575 ], [ 89.315230934814934, 26.43752968580343 ], [ 89.314965792359871, 26.439443292853138 ], [ 89.315236099062659, 26.440852587915369 ], [ 89.315554140485219, 26.44160695537202 ], [ 89.317211770288878, 26.442599374262578 ], [ 89.319670972041251, 26.444222695139466 ], [ 89.321099667659126, 26.445871852302265 ], [ 89.321289280556968, 26.446247796317937 ], [ 89.321183165182603, 26.447013208345503 ], [ 89.319043674408306, 26.449362857274949 ], [ 89.317983874393363, 26.451085317717066 ], [ 89.317265783979224, 26.45165227538596 ], [ 89.316919699127865, 26.451676365962243 ], [ 89.315930974734528, 26.451745039938771 ], [ 89.30959663127814, 26.450820594403339 ], [ 89.307043376522699, 26.450662577257507 ], [ 89.305886255472302, 26.450470091484274 ], [ 89.304186982566932, 26.450507134340786 ], [ 89.303155357674555, 26.450528670165909 ], [ 89.302311790199767, 26.450873415210086 ], [ 89.302077969091513, 26.451369566673989 ], [ 89.302036990227847, 26.452462423903977 ], [ 89.302065476606316, 26.454044359479287 ], [ 89.302119292756458, 26.457039439781926 ], [ 89.302444034810804, 26.458230721788848 ], [ 89.303678810047458, 26.459406940730872 ], [ 89.306867322535226, 26.461206070625895 ], [ 89.310370141039755, 26.463546841368398 ], [ 89.313369100437626, 26.464817350895864 ], [ 89.314832832053213, 26.465129260559305 ], [ 89.315022534171888, 26.465500204908096 ], [ 89.31389312423795, 26.466790660404541 ], [ 89.311996987488683, 26.469356857754974 ], [ 89.310635991248844, 26.471433361654867 ], [ 89.309681964305597, 26.472552680339128 ], [ 89.308353605339676, 26.473204304221444 ], [ 89.304018342429956, 26.475737735872542 ], [ 89.300422114254374, 26.477602654746342 ], [ 89.295916556621208, 26.479753645553416 ], [ 89.290651489776451, 26.482215331811478 ], [ 89.289140861779188, 26.483404574624473 ], [ 89.288497139133881, 26.484624007727216 ], [ 89.287387247929146, 26.486417441255728 ], [ 89.285907651842834, 26.487711851941345 ], [ 89.284418661622993, 26.488428392399438 ], [ 89.281306624922408, 26.488657720526998 ], [ 89.281312286712037, 26.48865946025192 ], [ 89.281463782341348, 26.488701773466438 ], [ 89.282702168514959, 26.489047649790514 ], [ 89.284041018822819, 26.489445032682788 ], [ 89.284665284456494, 26.489413424941855 ], [ 89.288916734298667, 26.48873908078739 ], [ 89.294033951262023, 26.488866283150664 ], [ 89.297887658887362, 26.487653210327085 ], [ 89.297968807043063, 26.487627665393852 ], [ 89.299933416445455, 26.487277919684058 ], [ 89.301156952844806, 26.487060087111942 ], [ 89.302233077816837, 26.485772052401007 ], [ 89.302647367554997, 26.484996412193098 ], [ 89.303811922389613, 26.485032273677749 ], [ 89.304103108261685, 26.485041239275471 ], [ 89.304958170311309, 26.484006219646393 ], [ 89.304952182492556, 26.483743082147502 ], [ 89.304932091572567, 26.482860257321775 ], [ 89.305682595759123, 26.482600304179645 ], [ 89.306038692206485, 26.48263008986525 ], [ 89.306251050214385, 26.481934041938352 ], [ 89.306643409943732, 26.481772487979232 ], [ 89.307064045442289, 26.482345544459697 ], [ 89.309649440384291, 26.483324104399223 ], [ 89.311087375683286, 26.483297337951701 ], [ 89.310440762542058, 26.483981431745224 ], [ 89.310485783533935, 26.484080736387547 ], [ 89.310708615954042, 26.484572231393916 ], [ 89.310751829695306, 26.484667546445209 ], [ 89.311146281827703, 26.485537569802329 ], [ 89.311178830950084, 26.485658121980752 ], [ 89.311246121557673, 26.485962289455951 ], [ 89.311289135475889, 26.485949395702214 ], [ 89.313130767482903, 26.485397377479021 ], [ 89.316982929049942, 26.484965625329782 ], [ 89.317920229622047, 26.485200152331469 ], [ 89.320258029549549, 26.485785073139049 ], [ 89.320348398121453, 26.485852210758434 ], [ 89.320498113074493, 26.48596530652814 ], [ 89.321831387309203, 26.486972459392678 ], [ 89.324672019762389, 26.489709894539601 ], [ 89.326036767976859, 26.492147803550804 ], [ 89.328168914316095, 26.49483969458489 ], [ 89.330282139840264, 26.493459374288669 ], [ 89.338076891635055, 26.489439557865406 ], [ 89.343102132293964, 26.487118722202307 ], [ 89.343677732495664, 26.486852872316284 ], [ 89.345568176155311, 26.487174634045463 ], [ 89.348677247833564, 26.489090942183527 ], [ 89.353052843576208, 26.493856777871368 ], [ 89.355149774083401, 26.496003044978508 ], [ 89.356320349402623, 26.497327551097065 ], [ 89.3573433053446, 26.496893745771267 ], [ 89.358459614571402, 26.495685528529705 ], [ 89.359154225057665, 26.495125896508576 ], [ 89.360489132255537, 26.4940619736436 ], [ 89.363789041913307, 26.492328594367422 ], [ 89.364506421234452, 26.491951752870147 ], [ 89.365107411322001, 26.491637477320012 ], [ 89.36627428077125, 26.490368927047225 ], [ 89.367719880769314, 26.488792029038216 ] ] ] } },
{ "type": "Feature", "properties": { "BLOCK_NAME": "Dinhata-I", "SUBDIV_NAM": "Dinhata", "DIST_NAME": "Cooch Behar", "AREA_SQKM": 289.953 }, "geometry": { "type": "Polygon", "coordinates": [ [ [ 89.463138103560269, 26.231972270659579 ], [ 89.46419406800851, 26.231043984812825 ], [ 89.465382417446506, 26.231041017362962 ], [ 89.466124340414126, 26.230919462260356 ], [ 89.466323976176312, 26.230579386979908 ], [ 89.466380249921826, 26.230478466972443 ], [ 89.46691271138215, 26.229515827631587 ], [ 89.467126356856411, 26.228909540770196 ], [ 89.467448034624468, 26.228771269925122 ], [ 89.467821600292126, 26.228611184765683 ], [ 89.467968514277388, 26.228119844133268 ], [ 89.468241024754988, 26.226290277673289 ], [ 89.468749396944347, 26.225963633267757 ], [ 89.469505278584535, 26.225467444061152 ], [ 89.469573243165186, 26.224585287167663 ], [ 89.469528261232369, 26.224165811443392 ], [ 89.469528242398027, 26.224165630376014 ], [ 89.469529804029037, 26.224078252426139 ], [ 89.469578285440562, 26.223763513161085 ], [ 89.469807717215019, 26.223579703271913 ], [ 89.47005259011091, 26.223607819065975 ], [ 89.470359367492634, 26.223742397031618 ], [ 89.470903101322449, 26.224095418172325 ], [ 89.471277410618228, 26.224232214030138 ], [ 89.47142781255026, 26.224177499072663 ], [ 89.471560301382297, 26.223285694878587 ], [ 89.471852738919239, 26.222815339223146 ], [ 89.472526858638801, 26.222512648854565 ], [ 89.473567839340546, 26.222319064143012 ], [ 89.474472895811346, 26.222500744321021 ], [ 89.474516204114394, 26.222509474969971 ], [ 89.475810728567239, 26.223985886076431 ], [ 89.477173092237919, 26.226684628393006 ], [ 89.477691656545474, 26.228441603933803 ], [ 89.47767233141299, 26.228480268369001 ], [ 89.477696598753951, 26.228506879681138 ], [ 89.477698379539618, 26.228508848772428 ], [ 89.477849785980737, 26.228676523973473 ], [ 89.478150486196213, 26.228720078530404 ], [ 89.478844583645937, 26.228654942014224 ], [ 89.479760790149641, 26.228511683999606 ], [ 89.480197939317904, 26.226785208221145 ], [ 89.480553444892166, 26.226389109310425 ], [ 89.481151079279172, 26.226205031555789 ], [ 89.481543675700365, 26.22622324626839 ], [ 89.482053977803176, 26.226187011825122 ], [ 89.482311075737869, 26.226090531840367 ], [ 89.482374830561824, 26.225949567687547 ], [ 89.48251046437629, 26.225683747322009 ], [ 89.482582379060688, 26.225416112188697 ], [ 89.4826531226322, 26.225286990788383 ], [ 89.482857317766474, 26.225211491652662 ], [ 89.483175826818723, 26.225194990526138 ], [ 89.48377182489665, 26.225234041145356 ], [ 89.484365352830764, 26.225318889150234 ], [ 89.484804929752556, 26.225613250436663 ], [ 89.486574926870858, 26.227689048396524 ], [ 89.487158350992843, 26.228705543031108 ], [ 89.487563719165067, 26.22908523736902 ], [ 89.487769895685645, 26.229180497081028 ], [ 89.488266488072071, 26.229223764402541 ], [ 89.48848265092353, 26.228877833698416 ], [ 89.488565058885044, 26.228515043162552 ], [ 89.488564006127788, 26.22818695497941 ], [ 89.489142688175178, 26.227587854783291 ], [ 89.489202867300449, 26.227531120073515 ], [ 89.489733817985027, 26.2263941689449 ], [ 89.490084217869935, 26.225099899238334 ], [ 89.490892184784286, 26.224107020358609 ], [ 89.492251546372401, 26.222192321152885 ], [ 89.492710137951974, 26.221339164835211 ], [ 89.493421033784358, 26.220723191700429 ], [ 89.493993072244038, 26.220112917773758 ], [ 89.494219601830466, 26.220077235279096 ], [ 89.494294049668724, 26.220060522128531 ], [ 89.494597230319272, 26.220142746007056 ], [ 89.496473902557028, 26.221966655246046 ], [ 89.497745467448581, 26.222793263483165 ], [ 89.500783952030559, 26.224601983197005 ], [ 89.50293218509826, 26.225280364509135 ], [ 89.506624197318047, 26.224230711512845 ], [ 89.508053087442306, 26.223740421899805 ], [ 89.508415607042792, 26.223366692207264 ], [ 89.508466074117976, 26.223321614695511 ], [ 89.508454473343306, 26.22276878911601 ], [ 89.50827092321731, 26.220758523903573 ], [ 89.508096236925809, 26.219993495572655 ], [ 89.508239866119368, 26.219734543689512 ], [ 89.50853341334718, 26.219594540419941 ], [ 89.508983479192466, 26.219345401993067 ], [ 89.509161860019731, 26.219216682719885 ], [ 89.509462618798096, 26.218699700858991 ], [ 89.509832541820515, 26.218472797619572 ], [ 89.510261804948527, 26.218253089676569 ], [ 89.511237392917621, 26.218067959537994 ], [ 89.512351088144925, 26.217528898872416 ], [ 89.513599469725364, 26.217187811697613 ], [ 89.514544756080994, 26.217207229097912 ], [ 89.515110178159262, 26.217190612170999 ], [ 89.51612507210487, 26.216982278659653 ], [ 89.516718738129541, 26.216900467001423 ], [ 89.517352272541771, 26.217200694170842 ], [ 89.518557209519415, 26.217715410032277 ], [ 89.519110752848306, 26.217691557581343 ], [ 89.519563991052394, 26.217425226475278 ], [ 89.519671691268428, 26.217340026276283 ], [ 89.520241138945437, 26.216928145787257 ], [ 89.520975082258204, 26.215896681717904 ], [ 89.521266386967156, 26.214567040221123 ], [ 89.521349574846752, 26.212984016402881 ], [ 89.521571078183669, 26.212856518845069 ], [ 89.521929935325971, 26.212732458342973 ], [ 89.522706328921061, 26.212867418909887 ], [ 89.522681065277681, 26.212670453028792 ], [ 89.522717004836025, 26.2108979918379 ], [ 89.52265912046461, 26.210607685190542 ], [ 89.522469535708495, 26.210373693751126 ], [ 89.522156285519557, 26.210266716145107 ], [ 89.521833173200605, 26.210004578638593 ], [ 89.521341542236627, 26.209636668341034 ], [ 89.520927715133823, 26.209160620387486 ], [ 89.520867684289641, 26.208721088592455 ], [ 89.521465905276258, 26.206896559091689 ], [ 89.521603924875677, 26.206608730181209 ], [ 89.521501665006539, 26.206453955514348 ], [ 89.521207716730657, 26.206276756487213 ], [ 89.520922315728882, 26.206168722053878 ], [ 89.518123369197355, 26.205513812926583 ], [ 89.515320962972012, 26.205177036586594 ], [ 89.511356777711228, 26.204908963961408 ], [ 89.508804134113802, 26.204506551294816 ], [ 89.508378819588714, 26.204439261777242 ], [ 89.508267458217802, 26.204272909226791 ], [ 89.50845871820637, 26.203618449228696 ], [ 89.50857169166531, 26.203370608206278 ], [ 89.508817835882368, 26.203222351560782 ], [ 89.509573949955723, 26.203477546260114 ], [ 89.51093540543809, 26.203648735214731 ], [ 89.511565863231169, 26.203646469181717 ], [ 89.512134656292986, 26.203531520746473 ], [ 89.513172013682762, 26.203410036546373 ], [ 89.51415766742268, 26.203234777554172 ], [ 89.514197673692848, 26.203219084914103 ], [ 89.514185953099499, 26.203149483592604 ], [ 89.51416678198504, 26.203035763887591 ], [ 89.51413769574755, 26.202863553531753 ], [ 89.514169140712966, 26.202137888258054 ], [ 89.514177195663109, 26.199735992996104 ], [ 89.514177441618784, 26.199637393117754 ], [ 89.514037117359706, 26.199441171464521 ], [ 89.513801351045984, 26.199404067758397 ], [ 89.513565316272718, 26.199367360003595 ], [ 89.513505014322575, 26.199292383910326 ], [ 89.513452522625911, 26.199227029185636 ], [ 89.513467131989827, 26.1988905798205 ], [ 89.513357303287549, 26.198145070621869 ], [ 89.513225035315017, 26.197222675137265 ], [ 89.513194800842697, 26.197009132444872 ], [ 89.51324138032102, 26.19678680195889 ], [ 89.513257469050032, 26.196688990829653 ], [ 89.513194787682863, 26.196436268779372 ], [ 89.513182069702083, 26.196385123995903 ], [ 89.512895842498324, 26.195210466742296 ], [ 89.51291253176997, 26.194154184303098 ], [ 89.512894283545023, 26.194102147954844 ], [ 89.512649459867944, 26.193400549792845 ], [ 89.512565668129639, 26.192635306289567 ], [ 89.5126737143556, 26.19017961833373 ], [ 89.512825405064973, 26.187916204007795 ], [ 89.513362849426031, 26.185952282025728 ], [ 89.513661535979253, 26.18502712942767 ], [ 89.513914129310194, 26.184241439348568 ], [ 89.513973184689149, 26.183853271441397 ], [ 89.514241562757192, 26.182073461069432 ], [ 89.514328419263407, 26.181112047163865 ], [ 89.514336744613686, 26.180783245128247 ], [ 89.514310492595072, 26.180609195927836 ], [ 89.514239079569606, 26.180136761956458 ], [ 89.514510561668743, 26.179626459258994 ], [ 89.515515775624522, 26.177729170129989 ], [ 89.515536345316278, 26.177690234290196 ], [ 89.515455321116477, 26.175370227715046 ], [ 89.515552262604785, 26.174406202975309 ], [ 89.515561334902614, 26.174315130919574 ], [ 89.515568092598571, 26.173752269683096 ], [ 89.515539737226376, 26.173569659920954 ], [ 89.51552508864313, 26.17347554272607 ], [ 89.515343324585956, 26.173212550274304 ], [ 89.515161857407719, 26.172909501629697 ], [ 89.51496169356065, 26.172635387457127 ], [ 89.51488867029731, 26.172535417709852 ], [ 89.514892395222375, 26.172094539206828 ], [ 89.515124463086806, 26.170899078555685 ], [ 89.515137681979184, 26.170830921587925 ], [ 89.51491265427974, 26.170494294560786 ], [ 89.514731875525243, 26.170313050154469 ], [ 89.514495318931722, 26.170092382145896 ], [ 89.514461591780929, 26.170060904643453 ], [ 89.514334366959261, 26.169634629898912 ], [ 89.514208489475436, 26.169342899107289 ], [ 89.513473757315481, 26.167635457373379 ], [ 89.512517109679649, 26.165746893376934 ], [ 89.512322526111134, 26.165362627147822 ], [ 89.51198196337441, 26.164689995756625 ], [ 89.511122708495066, 26.163896974510255 ], [ 89.510704616267631, 26.16374529921131 ], [ 89.509925470254998, 26.163462498201906 ], [ 89.509852741547746, 26.163461279618751 ], [ 89.50926507296316, 26.163451355295656 ], [ 89.508722870329692, 26.163461797082572 ], [ 89.508630184217523, 26.163463571743385 ], [ 89.508274215200757, 26.163470350880534 ], [ 89.508116654911547, 26.163367714604579 ], [ 89.50807739217511, 26.163297307029534 ], [ 89.508072420305368, 26.163288393716616 ], [ 89.508068198143562, 26.163280820986884 ], [ 89.50802949267198, 26.163211403578469 ], [ 89.507965664314014, 26.163096921507936 ], [ 89.507050578964794, 26.161305073385979 ], [ 89.506915909963055, 26.161100013874133 ], [ 89.50619375004743, 26.159999302924881 ], [ 89.506172693828759, 26.159582555331635 ], [ 89.506374588705171, 26.15915485092366 ], [ 89.506698582951657, 26.158445465350216 ], [ 89.506918288067865, 26.157514589296177 ], [ 89.507258716365172, 26.156716360621623 ], [ 89.507256744579621, 26.156464379330387 ], [ 89.50715736966994, 26.156309320560659 ], [ 89.506935285141523, 26.156091995044623 ], [ 89.506297311669982, 26.155690024285235 ], [ 89.506269197213001, 26.155677646025268 ], [ 89.505319137878772, 26.155258800913167 ], [ 89.504529243126584, 26.155138894363294 ], [ 89.50443177785327, 26.155028814593589 ], [ 89.504390276526934, 26.15466248447748 ], [ 89.504406129444135, 26.154155446696777 ], [ 89.504276516774496, 26.153702417458451 ], [ 89.504191529324956, 26.153408221020662 ], [ 89.503964105316783, 26.153226945206278 ], [ 89.503915454457612, 26.153193942040531 ], [ 89.50516145212076, 26.152777099808507 ], [ 89.50537176576141, 26.152706571600273 ], [ 89.509005928560427, 26.150974761297405 ], [ 89.510366959024495, 26.149054743756331 ], [ 89.510863041912856, 26.148114788558818 ], [ 89.510973680519129, 26.147552973598536 ], [ 89.511036219095374, 26.147399098956409 ], [ 89.51107176192707, 26.147340680831086 ], [ 89.511061808060461, 26.147299167426745 ], [ 89.51069216156246, 26.145804903773854 ], [ 89.51064216733468, 26.145439162673977 ], [ 89.510627143691806, 26.145330586597431 ], [ 89.51054937865598, 26.14477636809508 ], [ 89.510526751263086, 26.144373657015876 ], [ 89.510520497180195, 26.144264355841084 ], [ 89.510517832698866, 26.144218025301914 ], [ 89.510625762748361, 26.144208424746317 ], [ 89.510897792370784, 26.144184442767699 ], [ 89.511340383653106, 26.143904068305535 ], [ 89.512694926448773, 26.142950697517229 ], [ 89.512760789763519, 26.142936626129284 ], [ 89.513055439359391, 26.142873637575306 ], [ 89.513123126026926, 26.142961515481844 ], [ 89.51318690400484, 26.143139294296308 ], [ 89.513034592785729, 26.143345203386371 ], [ 89.512813375239475, 26.143485396823923 ], [ 89.512804792862184, 26.143664855610314 ], [ 89.512819922140324, 26.143843667728436 ], [ 89.512959152748266, 26.14392995678644 ], [ 89.513166116566239, 26.144104477377894 ], [ 89.51322138455356, 26.144439498416226 ], [ 89.513201276100943, 26.144820836832263 ], [ 89.513183561334031, 26.145134660337074 ], [ 89.513294990511753, 26.145312348069243 ], [ 89.513655401262383, 26.14539722059444 ], [ 89.513996301196414, 26.14539258849079 ], [ 89.514283474487328, 26.145501857667469 ], [ 89.514910199726131, 26.145699416367933 ], [ 89.515004686029371, 26.146022840844292 ], [ 89.515008234545761, 26.146211946688794 ], [ 89.515336016944445, 26.146285571021824 ], [ 89.515712795080987, 26.146266001596626 ], [ 89.516415193278945, 26.146312552796591 ], [ 89.516657165433287, 26.146325740949678 ], [ 89.516974976638963, 26.146225195965496 ], [ 89.517002247251469, 26.146209548417112 ], [ 89.516963270311237, 26.145979779568787 ], [ 89.516891938109822, 26.145667279213466 ], [ 89.51670413791517, 26.144997156101514 ], [ 89.516219512925105, 26.144507849029889 ], [ 89.514958254863146, 26.144312478775159 ], [ 89.514745580593726, 26.144226914183196 ], [ 89.514537425554764, 26.144028377817495 ], [ 89.514523320016636, 26.143780289154122 ], [ 89.514461324340772, 26.143533625239929 ], [ 89.514275961510222, 26.143380606115528 ], [ 89.514136795411801, 26.143271587643859 ], [ 89.513933381642218, 26.142984473059091 ], [ 89.513944324395922, 26.142714394976618 ], [ 89.514138031202449, 26.142576055631544 ], [ 89.514140892902731, 26.142574010382528 ], [ 89.51435779807106, 26.142522870252989 ], [ 89.516209766191494, 26.142828078281561 ], [ 89.516604823478829, 26.143109794836356 ], [ 89.516967517117251, 26.143597192352772 ], [ 89.517241567331681, 26.145162445967717 ], [ 89.517306222976799, 26.145366690802607 ], [ 89.51746545461846, 26.145474071753245 ], [ 89.517694481638443, 26.145460891768401 ], [ 89.517812165093346, 26.145409819972762 ], [ 89.517812431593086, 26.145409705215503 ], [ 89.517827122965173, 26.145271167871201 ], [ 89.517868138432945, 26.144926534988411 ], [ 89.517986882354052, 26.144162977906817 ], [ 89.518061449546167, 26.143680695142088 ], [ 89.518060437820466, 26.14340690620325 ], [ 89.517894311346467, 26.143204773742756 ], [ 89.517737766052576, 26.143049689619591 ], [ 89.517733261975778, 26.142866832012029 ], [ 89.517781587817566, 26.142453518060037 ], [ 89.517828978932201, 26.141790651226678 ], [ 89.5177476903322, 26.141611308446134 ], [ 89.517448107456133, 26.141540109850137 ], [ 89.517226913828537, 26.14146575246945 ], [ 89.517160182248887, 26.141243281162833 ], [ 89.517189818887758, 26.141036540250074 ], [ 89.517050274446206, 26.141060741852968 ], [ 89.516836896088108, 26.141097683989386 ], [ 89.513937753304319, 26.141592164566557 ], [ 89.51390067088758, 26.141592509695499 ], [ 89.512843985759787, 26.141602585808549 ], [ 89.512416583577149, 26.141615227829412 ], [ 89.512019756480925, 26.141448045907527 ], [ 89.511746835251174, 26.141120971286686 ], [ 89.51135198698195, 26.140909451445872 ], [ 89.510532120348543, 26.140755380622412 ], [ 89.510539919389856, 26.14046514980576 ], [ 89.510952077895993, 26.13991797777318 ], [ 89.511544326499816, 26.139744310016759 ], [ 89.511710556251856, 26.139672487993622 ], [ 89.512185118002677, 26.139479914190279 ], [ 89.512304606105658, 26.139342756772745 ], [ 89.512611965543414, 26.139310939901542 ], [ 89.512895874205512, 26.139279779801647 ], [ 89.513204021901856, 26.139181077591658 ], [ 89.513607116987657, 26.138812753261526 ], [ 89.513819878444494, 26.138694939943367 ], [ 89.514032235418767, 26.13855500663038 ], [ 89.514147273691549, 26.138241240810473 ], [ 89.514305933898896, 26.137860304099338 ], [ 89.514487222975461, 26.137543712682124 ], [ 89.514876556323529, 26.137195486304446 ], [ 89.515054517485964, 26.136943156011139 ], [ 89.515374937975778, 26.136526159169524 ], [ 89.515408635827882, 26.13616190810286 ], [ 89.515414070349863, 26.135934603099887 ], [ 89.515878342330083, 26.135533965145409 ], [ 89.515886005794485, 26.135350873822528 ], [ 89.515510304395733, 26.135133592050352 ], [ 89.515192439286849, 26.134949652924391 ], [ 89.514788160837313, 26.13456765882167 ], [ 89.514632084134107, 26.134211894286466 ], [ 89.514543969554325, 26.134164921615799 ], [ 89.514082320359464, 26.133918709024513 ], [ 89.514082124664455, 26.133914054979893 ], [ 89.514068853962016, 26.133601289204016 ], [ 89.514075603675053, 26.133214284440005 ], [ 89.513950548878142, 26.133015041471079 ], [ 89.513916557744068, 26.133011667709241 ], [ 89.512853143460291, 26.132906139721449 ], [ 89.512501977331709, 26.132831451653921 ], [ 89.512482379785354, 26.132793570926392 ], [ 89.512225563930741, 26.132297269177943 ], [ 89.512372915381917, 26.130848749200137 ], [ 89.512728570105025, 26.129906654081893 ], [ 89.512783878557286, 26.129759440589439 ], [ 89.512805333673185, 26.129702282375217 ], [ 89.512928002676389, 26.129373949948398 ], [ 89.512699094835156, 26.127121262277083 ], [ 89.512588714923254, 26.126294606050273 ], [ 89.512693797664582, 26.126104766910263 ], [ 89.514721123101054, 26.125797664496087 ], [ 89.515646751963686, 26.125694191638331 ], [ 89.51606791840068, 26.12577204441628 ], [ 89.516324558847472, 26.125864528824334 ], [ 89.516450076609402, 26.125969108444249 ], [ 89.516503618739605, 26.126219988124969 ], [ 89.516585761119018, 26.126561207048528 ], [ 89.516837330562566, 26.126770264206648 ], [ 89.516971863232783, 26.126836013789678 ], [ 89.51708026964701, 26.126888986506838 ], [ 89.517326115475257, 26.126896542781108 ], [ 89.517531415246395, 26.126862897401402 ], [ 89.518942795638679, 26.126048444444876 ], [ 89.519337423495244, 26.12582874309096 ], [ 89.519319037838514, 26.12559682006226 ], [ 89.519114416699168, 26.125509257490602 ], [ 89.51853695114977, 26.125548787983 ], [ 89.518280444247253, 26.125556690977252 ], [ 89.518001026713307, 26.125403275305445 ], [ 89.517398881060913, 26.124078497155654 ], [ 89.51662836261211, 26.122760433717445 ], [ 89.516643512035699, 26.122409261263691 ], [ 89.516715392030719, 26.122215639125027 ], [ 89.516863624694281, 26.1220138795838 ], [ 89.518177813031613, 26.120232646720265 ], [ 89.518202108752206, 26.119555626163201 ], [ 89.518074337647661, 26.118433263790347 ], [ 89.517234373143609, 26.117931193716846 ], [ 89.516115317852041, 26.117262516366608 ], [ 89.511238363922701, 26.116014298739159 ], [ 89.510363275938332, 26.11536109553375 ], [ 89.508527004728236, 26.115622583510543 ], [ 89.508547827247227, 26.116426119959602 ], [ 89.507351536260813, 26.116135932872972 ], [ 89.507323761654604, 26.11439833846255 ], [ 89.507307883011251, 26.113698927868146 ], [ 89.505924725148589, 26.112667304515835 ], [ 89.505612874325649, 26.109426814144577 ], [ 89.505836408953456, 26.108327141641595 ], [ 89.508980488116094, 26.107889723534136 ], [ 89.509609202466265, 26.107444475424291 ], [ 89.509894595922589, 26.107053722971603 ], [ 89.509150107615056, 26.106412456483611 ], [ 89.50808765703313, 26.105997427001984 ], [ 89.508834706212312, 26.102644980577193 ], [ 89.508246791396147, 26.102313709652083 ], [ 89.508259732347369, 26.102006475440689 ], [ 89.508307553121583, 26.10130880112338 ], [ 89.507318440213027, 26.101131578351684 ], [ 89.505945834191692, 26.101519755952971 ], [ 89.505519653969927, 26.103321570371698 ], [ 89.5044476803603, 26.103543027996299 ], [ 89.503928996792098, 26.103648544016135 ], [ 89.50078717860103, 26.1033583972123 ], [ 89.500678462854708, 26.099995811635949 ], [ 89.501457414575341, 26.09985239773297 ], [ 89.503089782560266, 26.098955021446301 ], [ 89.504267620378968, 26.097081099895597 ], [ 89.504349086731338, 26.096950307019604 ], [ 89.503135807130334, 26.097026810779465 ], [ 89.503065959671773, 26.096546235827997 ], [ 89.502862058998289, 26.096558575733354 ], [ 89.502535408422943, 26.09674882401233 ], [ 89.502203607425741, 26.097082249591608 ], [ 89.502026241447666, 26.09717750808138 ], [ 89.501561140465711, 26.097227642534612 ], [ 89.500870971581278, 26.097110480407199 ], [ 89.500823049038104, 26.096796360894295 ], [ 89.500302782325321, 26.096785589320376 ], [ 89.50029173340144, 26.09619023324402 ], [ 89.4994250791772, 26.09610572378757 ], [ 89.499408502248798, 26.0956578602581 ], [ 89.498804132642249, 26.095479718119744 ], [ 89.498418003258408, 26.095852669196638 ], [ 89.49772988873606, 26.095534169991151 ], [ 89.497736094070802, 26.095255445327563 ], [ 89.497213912618633, 26.095266963186017 ], [ 89.497256379211606, 26.09457149842024 ], [ 89.496379943967355, 26.094701789468754 ], [ 89.496264157901024, 26.094101996836955 ], [ 89.495401888019558, 26.093903790829167 ], [ 89.495237714071507, 26.092465455970835 ], [ 89.495231923337514, 26.092408809481661 ], [ 89.495727062737643, 26.092306122432035 ], [ 89.495803850234637, 26.09229011583572 ], [ 89.495784717388631, 26.091995243474116 ], [ 89.494897620730782, 26.091843861624547 ], [ 89.494943073034165, 26.090886049813282 ], [ 89.494948087272547, 26.090778028664808 ], [ 89.495423554869774, 26.090870361784692 ], [ 89.495495761172648, 26.090884439214417 ], [ 89.495582709333888, 26.09025155416694 ], [ 89.495597230895001, 26.090144642722269 ], [ 89.496168534406522, 26.090170906257285 ], [ 89.496234549819334, 26.090174100528305 ], [ 89.496303195816267, 26.089895597694532 ], [ 89.49632895096056, 26.089790757765378 ], [ 89.497638774738888, 26.089705196854357 ], [ 89.498826769018095, 26.089186268000763 ], [ 89.498904823960245, 26.08915106547455 ], [ 89.499125359270948, 26.087636869290531 ], [ 89.499037546676021, 26.087656801965341 ], [ 89.498670384690996, 26.087480460230065 ], [ 89.498565424361686, 26.08746500707494 ], [ 89.498478167043686, 26.087452046489105 ], [ 89.498572884898408, 26.086180459179563 ], [ 89.49871266033567, 26.085992382593265 ], [ 89.498934000066754, 26.085960177815767 ], [ 89.499103868632417, 26.085582651619809 ], [ 89.49921687615533, 26.085365209092092 ], [ 89.49952141803513, 26.085347898437195 ], [ 89.499855061965505, 26.085193030163172 ], [ 89.499996180697835, 26.084944283108442 ], [ 89.500274219770773, 26.084792378639349 ], [ 89.501017253355613, 26.084897127524126 ], [ 89.501179061734774, 26.085097787116922 ], [ 89.501200051325611, 26.085470186665201 ], [ 89.501332716578091, 26.085674890881116 ], [ 89.501603841626405, 26.085736905402307 ], [ 89.50209335459229, 26.085705640325209 ], [ 89.502283803885589, 26.085667313640602 ], [ 89.502451070385717, 26.085468361485518 ], [ 89.502586139347628, 26.08546105946834 ], [ 89.502803626143347, 26.085395191400231 ], [ 89.502913086594418, 26.085335124570719 ], [ 89.502814372230532, 26.084988195077958 ], [ 89.502630340335983, 26.08480841403339 ], [ 89.502583327705466, 26.084540230395959 ], [ 89.502643224667892, 26.084320034284904 ], [ 89.502649629907864, 26.084075915885077 ], [ 89.501308856199572, 26.083160356876725 ], [ 89.499011489341953, 26.082042016732672 ], [ 89.498493365852653, 26.081465686549574 ], [ 89.4985553105126, 26.0811227299486 ], [ 89.498728573504934, 26.080801842558262 ], [ 89.498736433430082, 26.080412847930901 ], [ 89.498683799509791, 26.080260118431884 ], [ 89.497956658998149, 26.080100736038133 ], [ 89.495498389609708, 26.07991905999793 ], [ 89.494996149254391, 26.079856347600302 ], [ 89.494749731884511, 26.079708351973999 ], [ 89.494641581876607, 26.079481141747703 ], [ 89.494640775326602, 26.079121155815105 ], [ 89.494639719960063, 26.078837450851374 ], [ 89.494288888780645, 26.078671735738684 ], [ 89.494072308556923, 26.078397265386055 ], [ 89.494016804870711, 26.078090892884628 ], [ 89.494014678703593, 26.077782005454768 ], [ 89.49401262016589, 26.077524190891289 ], [ 89.493769564690837, 26.077329197846836 ], [ 89.493606334274304, 26.077053344807954 ], [ 89.493600371206568, 26.076434215853382 ], [ 89.49361045469216, 26.074925229928336 ], [ 89.493791858574454, 26.074442906359106 ], [ 89.494056622953252, 26.074215743516497 ], [ 89.494241146613334, 26.073994111760666 ], [ 89.494364859574702, 26.073253508151215 ], [ 89.49451735210161, 26.072665857303189 ], [ 89.494538256877021, 26.072216618003839 ], [ 89.49462818958402, 26.07210483236722 ], [ 89.495745131933674, 26.070715237621233 ], [ 89.494788126735855, 26.07028501289075 ], [ 89.49452690176453, 26.070061534577672 ], [ 89.494530641119653, 26.069877951583866 ], [ 89.494612536233959, 26.069769361599032 ], [ 89.49466640316497, 26.069755997098817 ], [ 89.49487817639131, 26.069703518779324 ], [ 89.495201032390298, 26.069505934672716 ], [ 89.495218916241242, 26.069457995035417 ], [ 89.495319787216545, 26.069192935783189 ], [ 89.495330878987161, 26.068963421884387 ], [ 89.49503363388088, 26.068570826726138 ], [ 89.495074145266315, 26.06831586575338 ], [ 89.495196063436538, 26.068190590137796 ], [ 89.495356464213472, 26.068026536632647 ], [ 89.49535531864673, 26.067995366023631 ], [ 89.495346315156368, 26.067750012451391 ], [ 89.494932374584835, 26.067564600543555 ], [ 89.494562248809444, 26.067528111771178 ], [ 89.494171067587786, 26.067391047114992 ], [ 89.493923661362814, 26.067071740007229 ], [ 89.493943448280774, 26.066743685297613 ], [ 89.494161151781398, 26.066234379907804 ], [ 89.494244075155351, 26.065755912687226 ], [ 89.493833769227649, 26.065492915668511 ], [ 89.493380360274585, 26.06548047471945 ], [ 89.493058755360238, 26.06548890098281 ], [ 89.492878837132224, 26.065368164697404 ], [ 89.492651586143836, 26.06390158664572 ], [ 89.492679920031293, 26.06347927127149 ], [ 89.492853031956656, 26.06330237486252 ], [ 89.492872855714879, 26.063288887288383 ], [ 89.493190662312145, 26.06307254880921 ], [ 89.493293608430179, 26.062749440090773 ], [ 89.49329406438801, 26.062742946305075 ], [ 89.493312775308169, 26.062477818033724 ], [ 89.493466223234606, 26.062203185240662 ], [ 89.493485967499311, 26.062189966093349 ], [ 89.493999998260605, 26.06184490196615 ], [ 89.494126695549184, 26.061570751688077 ], [ 89.494133763692986, 26.061474082750916 ], [ 89.494153856224656, 26.061201155964103 ], [ 89.494256049311062, 26.060903474528139 ], [ 89.494289043299005, 26.060879939581937 ], [ 89.494650304297238, 26.060621790256846 ], [ 89.495205689852099, 26.060309544218956 ], [ 89.495977979218267, 26.05957124722854 ], [ 89.496513870739378, 26.059133943898647 ], [ 89.496850338633408, 26.058875123813831 ], [ 89.496898298744611, 26.058604269599108 ], [ 89.496839590260763, 26.058422636975838 ], [ 89.496335465237408, 26.056852808962962 ], [ 89.496132279800676, 26.056474156057465 ], [ 89.49585663285643, 26.05631640762401 ], [ 89.495715492848362, 26.056128895469552 ], [ 89.495716107183767, 26.055839469290213 ], [ 89.495811448231692, 26.055725303129634 ], [ 89.495924295364091, 26.055590015554142 ], [ 89.496211303962767, 26.055336592919552 ], [ 89.496543064311481, 26.055152069244016 ], [ 89.496764204647903, 26.055020116686343 ], [ 89.496651989154103, 26.054644645565229 ], [ 89.496565970953995, 26.054356219015482 ], [ 89.496222297716955, 26.053870323136668 ], [ 89.496320524208457, 26.053551097375106 ], [ 89.49635022740128, 26.053447847871745 ], [ 89.4962733711873, 26.053285142532118 ], [ 89.496253030025741, 26.053272006332637 ], [ 89.496127637296695, 26.0531909781749 ], [ 89.495566477155435, 26.053192283001167 ], [ 89.495558159215122, 26.053191692229493 ], [ 89.495281072633389, 26.053162957845565 ], [ 89.495088469367872, 26.052862774662248 ], [ 89.495060391419941, 26.052654886123609 ], [ 89.495053536525816, 26.052399909043995 ], [ 89.495101429844013, 26.052340368613773 ], [ 89.49509198813422, 26.052326015019798 ], [ 89.495052530698445, 26.052123965294204 ], [ 89.495030089321702, 26.051878088105546 ], [ 89.495124132393371, 26.051744022437038 ], [ 89.495246809991002, 26.051698333179342 ], [ 89.495416457260632, 26.051718476810422 ], [ 89.495709016808789, 26.051961466759202 ], [ 89.496030423697817, 26.052113938712854 ], [ 89.49622740855726, 26.052018515567028 ], [ 89.496211455741147, 26.051814822490496 ], [ 89.496478625315603, 26.050263729614549 ], [ 89.496241477396126, 26.048359989566617 ], [ 89.495773395498915, 26.046652851986362 ], [ 89.495709658357995, 26.046420394332092 ], [ 89.495411427602633, 26.045235121000623 ], [ 89.494931585527553, 26.042266446989878 ], [ 89.494176904257898, 26.039726471750996 ], [ 89.494017567657536, 26.038695435702131 ], [ 89.49429867183656, 26.038602429282005 ], [ 89.494295366697855, 26.038550914863933 ], [ 89.495225099721637, 26.038237717678832 ], [ 89.495970555984655, 26.038220999690154 ], [ 89.49783010212218, 26.037606761312617 ], [ 89.498352404903088, 26.037433572926233 ], [ 89.498982448988286, 26.037361525549123 ], [ 89.502802810705006, 26.036796346474222 ], [ 89.50472512617867, 26.036062896773942 ], [ 89.505332948347586, 26.035831862548793 ], [ 89.507328011334579, 26.034317611204958 ], [ 89.508825120760036, 26.032880414649373 ], [ 89.508637795832342, 26.032260645233762 ], [ 89.50864439126569, 26.03217929424067 ], [ 89.508658418938182, 26.03200648926779 ], [ 89.509052142441945, 26.031695664642832 ], [ 89.509210386336747, 26.031693285213493 ], [ 89.509708820363514, 26.032041031468534 ], [ 89.510237030405079, 26.032033800119034 ], [ 89.510801745032921, 26.032229143931463 ], [ 89.512018955459695, 26.032983305030619 ], [ 89.512128804692551, 26.033051320068719 ], [ 89.513273317085577, 26.03241283313535 ], [ 89.514208564726033, 26.03159578313921 ], [ 89.515036242923898, 26.030872261415897 ], [ 89.515451799138958, 26.030707088965144 ], [ 89.515949344261202, 26.030596979098561 ], [ 89.516467391059976, 26.030596946815166 ], [ 89.516480918708893, 26.030601004920115 ], [ 89.516833546620134, 26.030706831440654 ], [ 89.517161209858088, 26.030953873287441 ], [ 89.517264600919248, 26.031118427459337 ], [ 89.517308421592034, 26.031310260259779 ], [ 89.51726173575382, 26.031556681067983 ], [ 89.517178355221375, 26.031912502979413 ], [ 89.517276675945453, 26.032158959108102 ], [ 89.517460482047653, 26.032194393987229 ], [ 89.517706027676397, 26.032241727568465 ], [ 89.518650889509786, 26.030975985352605 ], [ 89.51901783198393, 26.030482613990621 ], [ 89.519502890323366, 26.028810172134243 ], [ 89.519509892697343, 26.028801960485275 ], [ 89.519675578958427, 26.028607539264527 ], [ 89.520265759463598, 26.02850463211249 ], [ 89.521510298002809, 26.028476232865088 ], [ 89.521712065980438, 26.028465682756007 ], [ 89.521779732470847, 26.028211678754968 ], [ 89.52191224865723, 26.027753853184901 ], [ 89.521932233140816, 26.027403107973107 ], [ 89.521901619213637, 26.027005600068215 ], [ 89.521709853243706, 26.0266162681515 ], [ 89.521222832119051, 26.026332713281473 ], [ 89.521534893910669, 26.025972716198254 ], [ 89.522073774808845, 26.024951249262063 ], [ 89.522292985256911, 26.02388597532083 ], [ 89.52228180672779, 26.023135486338983 ], [ 89.521873980739798, 26.022677727834985 ], [ 89.519665201747628, 26.019828985324533 ], [ 89.517698205127942, 26.015222676884893 ], [ 89.517498696999326, 26.012536634285386 ], [ 89.516625549128179, 26.010814514654104 ], [ 89.515866614429299, 26.010771682648524 ], [ 89.515690552702878, 26.010814320270597 ], [ 89.515643853416535, 26.010824709159767 ], [ 89.515629840551256, 26.008692307926712 ], [ 89.515807947037288, 26.008726884298547 ], [ 89.517302328204153, 26.009019005438148 ], [ 89.518367062705707, 26.009209901582548 ], [ 89.519280021460176, 26.007253672864103 ], [ 89.518488560848056, 26.00726746858486 ], [ 89.516918187824004, 26.006863612080277 ], [ 89.516791729576354, 26.006630954000023 ], [ 89.516743909284855, 26.006549555087634 ], [ 89.515036534319819, 26.004738080846213 ], [ 89.514358441565719, 26.004039088566621 ], [ 89.514352019699288, 26.004032504137705 ], [ 89.513832869914495, 26.003740728903516 ], [ 89.513645175410687, 26.003635540158054 ], [ 89.512661656144346, 26.003092553200702 ], [ 89.511532373174816, 26.002645887129788 ], [ 89.509869831427352, 26.002001669807161 ], [ 89.509134676257389, 26.001777538834638 ], [ 89.50845221494086, 26.00157670665525 ], [ 89.507541095209675, 26.001749598287855 ], [ 89.507477693471515, 26.001761551126805 ], [ 89.507120395059729, 26.001827045872389 ], [ 89.506341731941035, 26.001938440663931 ], [ 89.50456329379837, 26.002181257731127 ], [ 89.503691346025022, 26.002359083490894 ], [ 89.500304022629791, 26.003047627772798 ], [ 89.498778717604793, 26.003351958659817 ], [ 89.49739429287358, 26.003477062257986 ], [ 89.496974660714159, 26.003512887315313 ], [ 89.496069526601502, 26.003345622122293 ], [ 89.495429175938128, 26.003121706063002 ], [ 89.495191071039827, 26.003038444954633 ], [ 89.494111493334003, 26.002591468238986 ], [ 89.493668866360991, 26.002276758636885 ], [ 89.492864369904311, 26.001717576330144 ], [ 89.492154938876936, 26.001069643014873 ], [ 89.492056102271619, 26.000979372412814 ], [ 89.490932400761949, 26.000318232332468 ], [ 89.489977828634565, 26.000061761553763 ], [ 89.489482500862394, 25.999799798253743 ], [ 89.488063429978283, 25.999144970208977 ], [ 89.486728944989864, 25.99852915371148 ], [ 89.485816024520886, 25.998319479921882 ], [ 89.483479176137621, 25.997782736411221 ], [ 89.481191120449211, 25.997535497765185 ], [ 89.480705316127626, 25.99752592371998 ], [ 89.478082612254511, 25.997474209103313 ], [ 89.475927354123087, 25.997511141577817 ], [ 89.475174722957121, 25.997814219319164 ], [ 89.474844168626646, 25.997947328781663 ], [ 89.474824357499401, 25.997945502959531 ], [ 89.472394393786473, 25.997987086166546 ], [ 89.469172041805024, 25.998042166256326 ], [ 89.468793679544902, 25.998070031841053 ], [ 89.4674836192371, 25.998166508824884 ], [ 89.465644691295395, 25.998675445471719 ], [ 89.464227358745717, 25.999129416727747 ], [ 89.462345530100279, 26.000116601186996 ], [ 89.461920784740443, 26.000752495660205 ], [ 89.461879469270414, 26.000764467613902 ], [ 89.461505503860081, 26.001042187709107 ], [ 89.460201169629215, 26.00201081708769 ], [ 89.458897360133591, 26.00245263135168 ], [ 89.453746523123129, 26.004197924482369 ], [ 89.453350595556202, 26.004490871487818 ], [ 89.452458352508344, 26.005151030328289 ], [ 89.450893547701767, 26.006144634794644 ], [ 89.448406991230669, 26.006652404042001 ], [ 89.442048473011639, 26.00776287117462 ], [ 89.438572028126814, 26.008110132943379 ], [ 89.435751440894038, 26.008980433712185 ], [ 89.433002381708107, 26.010220652960111 ], [ 89.43167049857513, 26.010897902035328 ], [ 89.431302543222799, 26.011085000403185 ], [ 89.43020811559829, 26.012476407181129 ], [ 89.429872303651024, 26.01371548965605 ], [ 89.429889828894972, 26.016715794326331 ], [ 89.429876427336652, 26.016692737511683 ], [ 89.429865573812208, 26.017134754927202 ], [ 89.429920798021797, 26.017506326069274 ], [ 89.430011263989826, 26.018049227012977 ], [ 89.430132547447371, 26.018548629699737 ], [ 89.430321367394995, 26.01924747150813 ], [ 89.430670472213677, 26.020029578302374 ], [ 89.431119707931018, 26.021053555709504 ], [ 89.43162849979781, 26.022066439861998 ], [ 89.433198886247595, 26.023756694650334 ], [ 89.434696824076667, 26.025971175664782 ], [ 89.434990020373533, 26.027770551971045 ], [ 89.435013685092045, 26.028916301582225 ], [ 89.434527709390323, 26.029956028977448 ], [ 89.433805827428372, 26.031859341935153 ], [ 89.434105608033065, 26.034089280044011 ], [ 89.434528678757417, 26.036145214988391 ], [ 89.43392886203813, 26.037817241946104 ], [ 89.432892130769631, 26.038547358505685 ], [ 89.435958671187592, 26.038532677657287 ], [ 89.435936798803482, 26.03878206784951 ], [ 89.43583728095625, 26.040486691473617 ], [ 89.435493755053713, 26.041158257724085 ], [ 89.435266001337936, 26.041623795454175 ], [ 89.434976079963562, 26.041883847858259 ], [ 89.434429383758925, 26.042381166006525 ], [ 89.434057251698533, 26.042725356434222 ], [ 89.432398267125265, 26.043185909535527 ], [ 89.431069020002909, 26.043449722996012 ], [ 89.430727280643708, 26.043513334033587 ], [ 89.430383602523847, 26.043575143081554 ], [ 89.427083532876011, 26.043437556438029 ], [ 89.422960192731821, 26.042797459090774 ], [ 89.414568438650321, 26.040620606702873 ], [ 89.411652979168124, 26.039498181826207 ], [ 89.411400186851296, 26.039819662078802 ], [ 89.411033117723846, 26.041328277477344 ], [ 89.411098504592829, 26.041987086237558 ], [ 89.411328910637678, 26.043034308842039 ], [ 89.411509813152975, 26.04365165436375 ], [ 89.412947406639347, 26.044686817580594 ], [ 89.414826573399168, 26.045741504990499 ], [ 89.416022960429515, 26.046643630410347 ], [ 89.416247406466269, 26.047364591724296 ], [ 89.413713182563725, 26.052883665938122 ], [ 89.411774340651505, 26.056772340993945 ], [ 89.410610357931191, 26.060506060959199 ], [ 89.409724884449403, 26.063964672743413 ], [ 89.408803370389265, 26.067678676154593 ], [ 89.408794282134693, 26.067723832984264 ], [ 89.408087507661648, 26.070105526984154 ], [ 89.406904529959689, 26.071755353262166 ], [ 89.405345722929766, 26.073355270335394 ], [ 89.404162051134506, 26.075107660832774 ], [ 89.403025964641998, 26.076869094704435 ], [ 89.401172723461642, 26.078972637138314 ], [ 89.400989167824221, 26.079285063339196 ], [ 89.402847355487381, 26.079023614556927 ], [ 89.402847261000545, 26.079023930196033 ], [ 89.402819993078765, 26.07911426030623 ], [ 89.401656407805447, 26.0810537657031 ], [ 89.401280436319936, 26.082648452849586 ], [ 89.401573527108908, 26.083900026097414 ], [ 89.40169567792573, 26.084405696112576 ], [ 89.40285902396937, 26.086326353781875 ], [ 89.4035429381196, 26.089060959027289 ], [ 89.403528699379009, 26.09159826397822 ], [ 89.403210935424113, 26.092691283399237 ], [ 89.403236300068798, 26.092879325500679 ], [ 89.403237939801443, 26.092891479901319 ], [ 89.40324471083693, 26.092941672412802 ], [ 89.403178108042212, 26.093125936298382 ], [ 89.402683677485101, 26.094509797271776 ], [ 89.402638708353791, 26.094547088261525 ], [ 89.400079078172965, 26.096691628792769 ], [ 89.397470465451718, 26.098160346382848 ], [ 89.396227628401135, 26.098479926047975 ], [ 89.396093607798633, 26.09851311617053 ], [ 89.394743568716351, 26.098793060873806 ], [ 89.394686155080493, 26.098804930183491 ], [ 89.394282219677081, 26.098888429456608 ], [ 89.394171185811061, 26.09893093238431 ], [ 89.392393464559973, 26.100840220379222 ], [ 89.391609818234571, 26.101318852701873 ], [ 89.387939251164042, 26.102239327761541 ], [ 89.387309109478835, 26.102464670681872 ], [ 89.386919816562823, 26.102829294077473 ], [ 89.386849230720173, 26.10326027458235 ], [ 89.386984050405772, 26.104624940269758 ], [ 89.386991048005427, 26.104695771800412 ], [ 89.38698295278445, 26.104691852780579 ], [ 89.38697524345406, 26.104759970406313 ], [ 89.386759698236801, 26.106664431903834 ], [ 89.386681085331119, 26.107039436544373 ], [ 89.386217189902723, 26.109252284052904 ], [ 89.386113485686607, 26.110006170955629 ], [ 89.38678368220549, 26.111750135383424 ], [ 89.38912513406018, 26.115687085999895 ], [ 89.390462548869351, 26.118127099696729 ], [ 89.39047144003213, 26.11820026660277 ], [ 89.390601712600684, 26.119272305330092 ], [ 89.389808157744639, 26.121219615621921 ], [ 89.388237565447483, 26.125602616281771 ], [ 89.388215354817689, 26.125644087364179 ], [ 89.386740317190515, 26.128398162590798 ], [ 89.3833021018323, 26.131033956875626 ], [ 89.381704420353444, 26.131353860162218 ], [ 89.381601134159069, 26.131437557353809 ], [ 89.381299306988652, 26.131718155288251 ], [ 89.380781467613929, 26.132199568748494 ], [ 89.379840033351798, 26.133241170349169 ], [ 89.379809778133449, 26.133252087706676 ], [ 89.377944574838409, 26.133688171837843 ], [ 89.375355388102662, 26.133397865630556 ], [ 89.372549706950764, 26.132011401316195 ], [ 89.369931716470319, 26.130817184903506 ], [ 89.368444683763528, 26.130138830394294 ], [ 89.36811868149023, 26.129948017937338 ], [ 89.364228599041084, 26.127670993536125 ], [ 89.360513299991212, 26.125433603888844 ], [ 89.358545707600811, 26.124600228919764 ], [ 89.357212757048856, 26.12408477576497 ], [ 89.355921253251935, 26.123986508335499 ], [ 89.354896578180544, 26.124003261433302 ], [ 89.354437996322673, 26.124203217706466 ], [ 89.352896425299846, 26.124841848800397 ], [ 89.351566215085796, 26.125996537427667 ], [ 89.349754870334664, 26.127977693836247 ], [ 89.349550224833706, 26.128630196289141 ], [ 89.349282071770205, 26.129282295716035 ], [ 89.349218478636743, 26.129494160087333 ], [ 89.349099827837719, 26.130508270259572 ], [ 89.349179356477023, 26.130523927634222 ], [ 89.348576206842097, 26.132111339010642 ], [ 89.34845392701493, 26.132433107399549 ], [ 89.347351194586395, 26.134899125776233 ], [ 89.345763058409418, 26.137976708001339 ], [ 89.344841564143621, 26.139442475022935 ], [ 89.34396407696515, 26.140260177836993 ], [ 89.343951804370121, 26.140271046090426 ], [ 89.341380118355517, 26.142552501767188 ], [ 89.339641461194603, 26.143795454063749 ], [ 89.3394459141591, 26.143935309324792 ], [ 89.338764800794351, 26.144422554556382 ], [ 89.333900242254643, 26.14603438642698 ], [ 89.330675013970648, 26.1462970340962 ], [ 89.329883840238764, 26.146491643885874 ], [ 89.328818322531561, 26.146425548219096 ], [ 89.328240976733184, 26.146858666507732 ], [ 89.326817047976292, 26.149529745619649 ], [ 89.324476180787855, 26.155331865942994 ], [ 89.324478425858629, 26.155343667902905 ], [ 89.324399414057439, 26.155540085251705 ], [ 89.324375811531198, 26.156466319922824 ], [ 89.324845608409063, 26.157547335504788 ], [ 89.326132725590142, 26.159508981993504 ], [ 89.326071776300097, 26.159512362278988 ], [ 89.326011424372169, 26.159515708517208 ], [ 89.327600569327601, 26.160787874238778 ], [ 89.328945352726137, 26.162016623147228 ], [ 89.329336699225493, 26.16349030936038 ], [ 89.329383790441568, 26.164838942247446 ], [ 89.329421291721417, 26.166310380679388 ], [ 89.329195334599774, 26.169573941625472 ], [ 89.328188189116133, 26.172256925739582 ], [ 89.325917714081882, 26.175513584037098 ], [ 89.324658375382555, 26.176548451957622 ], [ 89.322605674656231, 26.178025600756747 ], [ 89.322573026816059, 26.178072696348949 ], [ 89.322557357926485, 26.178094422685717 ], [ 89.316502076892334, 26.177962344537189 ], [ 89.316326907012154, 26.178043823396557 ], [ 89.313317782085889, 26.179443519995793 ], [ 89.313687341147485, 26.179402538410798 ], [ 89.316620436918654, 26.179527021579283 ], [ 89.319284275465108, 26.179734826729412 ], [ 89.322107568030887, 26.179975826782545 ], [ 89.323619474955549, 26.180360920876616 ], [ 89.323631918886917, 26.180364087120097 ], [ 89.323624612324252, 26.180369192398636 ], [ 89.323624677462945, 26.180369198566478 ], [ 89.334076329710072, 26.181398276088725 ], [ 89.339161662407335, 26.182449013455948 ], [ 89.34049569554449, 26.182719143455756 ], [ 89.340503023521819, 26.18271474185406 ], [ 89.34069020255987, 26.182908626917033 ], [ 89.340680094250772, 26.183000367181826 ], [ 89.340557419721122, 26.183460852381248 ], [ 89.339887161024478, 26.184350992220441 ], [ 89.339298949602167, 26.184580504900296 ], [ 89.338582034910317, 26.184901390544407 ], [ 89.339238148064084, 26.185578098723298 ], [ 89.339300569671892, 26.186044769924496 ], [ 89.339032330702523, 26.186550390221779 ], [ 89.338220975639331, 26.186802982255976 ], [ 89.337162271883003, 26.187195415089736 ], [ 89.336514225542842, 26.187426145032941 ], [ 89.335989942486137, 26.187795931989008 ], [ 89.335882425041575, 26.188039920502543 ], [ 89.335866074159128, 26.18838409413452 ], [ 89.336445498732118, 26.188642990142686 ], [ 89.336458922658622, 26.18864898848306 ], [ 89.33652316842732, 26.188682489752132 ], [ 89.33792671854863, 26.188624748637999 ], [ 89.338511182374901, 26.188734639739845 ], [ 89.338679468819748, 26.189209477417695 ], [ 89.338696133976129, 26.18981556463083 ], [ 89.33876470642636, 26.189851320207044 ], [ 89.338795350547159, 26.189867298788499 ], [ 89.338905460209205, 26.189924712935202 ], [ 89.339307865407449, 26.18989027328173 ], [ 89.339740045830808, 26.189951315383897 ], [ 89.340122232617546, 26.189837287873942 ], [ 89.340142074751199, 26.189831367695525 ], [ 89.340291625569989, 26.18978674854533 ], [ 89.340325394413895, 26.189758673679084 ], [ 89.340782080853998, 26.189796115095472 ], [ 89.341582038229262, 26.190093514759749 ], [ 89.342064498430162, 26.190396080845556 ], [ 89.34239346475448, 26.190963810385792 ], [ 89.342396775169291, 26.191129235874762 ], [ 89.342403018684521, 26.191441228063098 ], [ 89.342305030453943, 26.192302370847461 ], [ 89.342187354814911, 26.192485182531517 ], [ 89.342019788729885, 26.19274549739831 ], [ 89.342021588248059, 26.193043797967391 ], [ 89.342146887970685, 26.192963798467304 ], [ 89.34250790323037, 26.193068393627701 ], [ 89.34448526463072, 26.193219021569863 ], [ 89.34500518552619, 26.193253620904745 ], [ 89.345292325998159, 26.193148006355393 ], [ 89.345638219620355, 26.19316793498416 ], [ 89.34595074705814, 26.193278320172404 ], [ 89.346191674288775, 26.193529804107875 ], [ 89.347324916564119, 26.195148536903588 ], [ 89.347434252197047, 26.195266810138754 ], [ 89.347618607092244, 26.195376672798723 ], [ 89.348040778899488, 26.195231732800863 ], [ 89.349226526430456, 26.194448864775783 ], [ 89.349916649620141, 26.193801605235269 ], [ 89.350703105511684, 26.192780723444791 ], [ 89.350864286447745, 26.19248967819696 ], [ 89.350963413127417, 26.192187009683263 ], [ 89.350868784625419, 26.191335459741335 ], [ 89.350826172608024, 26.191275997824334 ], [ 89.349800338205611, 26.189703127066661 ], [ 89.349195341590942, 26.188609039275594 ], [ 89.349111226981705, 26.188301543895385 ], [ 89.349074716613785, 26.188096252914125 ], [ 89.349011320209328, 26.187978452220783 ], [ 89.349042959726205, 26.187816676524516 ], [ 89.349176343663302, 26.187646861899438 ], [ 89.349683284376681, 26.187203025119825 ], [ 89.349909236623219, 26.187045741256416 ], [ 89.350543369491746, 26.186730360423553 ], [ 89.351186828092409, 26.186442999504674 ], [ 89.352115549618219, 26.186529207523318 ], [ 89.354847625282289, 26.188107546492912 ], [ 89.355762179421617, 26.18858468033913 ], [ 89.35634912037095, 26.188886860783022 ], [ 89.356756995351958, 26.188940856390687 ], [ 89.356977503320778, 26.188719207556115 ], [ 89.356902718578922, 26.188465585420523 ], [ 89.356342400475285, 26.186713215678711 ], [ 89.355802003334801, 26.184257667595062 ], [ 89.355902210518522, 26.183642073252162 ], [ 89.356395067196516, 26.182283902485811 ], [ 89.35644126051092, 26.181485612825092 ], [ 89.356275261616744, 26.180920058761995 ], [ 89.355691947916355, 26.18046564760515 ], [ 89.355296916080576, 26.180266178789697 ], [ 89.354629810521743, 26.180514572721677 ], [ 89.353735189730273, 26.181057554529566 ], [ 89.353242973341892, 26.181365044052257 ], [ 89.352571390059367, 26.181473156931354 ], [ 89.352113357993915, 26.181350977740777 ], [ 89.35185181972362, 26.181167866269192 ], [ 89.351275874370472, 26.180749115193944 ], [ 89.35014763555094, 26.180524070090119 ], [ 89.349053130732926, 26.18058131476792 ], [ 89.34833428331855, 26.180713371102726 ], [ 89.346763533099832, 26.181250647853673 ], [ 89.346074266955512, 26.181225996304786 ], [ 89.345348589767227, 26.180985689290104 ], [ 89.344699710025139, 26.180739478793569 ], [ 89.343242428172687, 26.180507317978005 ], [ 89.342511375737075, 26.180169979193703 ], [ 89.342248933969671, 26.1797996260037 ], [ 89.342207794402938, 26.179499563995964 ], [ 89.341972044670271, 26.179228307739265 ], [ 89.341650244815256, 26.179107509593024 ], [ 89.341628692921304, 26.179025323179811 ], [ 89.341618761098303, 26.178988578013215 ], [ 89.341852698835766, 26.178538165900108 ], [ 89.342380328810577, 26.177805153315241 ], [ 89.343026045680077, 26.177373781541654 ], [ 89.345448277650235, 26.177425161250714 ], [ 89.347104046938227, 26.177899500256601 ], [ 89.347727469268378, 26.178079452990072 ], [ 89.347944804460184, 26.177959819450948 ], [ 89.348411392326497, 26.177547452136999 ], [ 89.348496571110857, 26.177189716798541 ], [ 89.349197352627399, 26.175169979161215 ], [ 89.349548437189554, 26.174589559965714 ], [ 89.349680772397789, 26.174543588793313 ], [ 89.349941677329866, 26.174732215461415 ], [ 89.350264349620645, 26.175201071399176 ], [ 89.350867359527285, 26.176101847334344 ], [ 89.351540111508967, 26.176331950630274 ], [ 89.352581176159987, 26.176313584240681 ], [ 89.354558294379544, 26.176567500368368 ], [ 89.354783260348682, 26.176608387920936 ], [ 89.355506352526803, 26.176487078486051 ], [ 89.357553638906467, 26.176255458009809 ], [ 89.358269526509972, 26.176479192384981 ], [ 89.358558566253194, 26.176764259081647 ], [ 89.358586775567318, 26.176883491600247 ], [ 89.358620566041054, 26.176934973569658 ], [ 89.359582934058551, 26.177261041072281 ], [ 89.362608769109315, 26.181062388623022 ], [ 89.362665304827559, 26.18118157621528 ], [ 89.363088845740421, 26.182096458520984 ], [ 89.363180939393473, 26.182368249607613 ], [ 89.363488571646698, 26.182506764220502 ], [ 89.364333326329799, 26.182711706130679 ], [ 89.365026879873696, 26.18278049397156 ], [ 89.365118954809461, 26.182658849519978 ], [ 89.365195493112765, 26.182403770999084 ], [ 89.365179445172743, 26.181659520060432 ], [ 89.36562757903549, 26.180580553605232 ], [ 89.365764224480316, 26.180398569059111 ], [ 89.365970856979828, 26.180253333354067 ], [ 89.366650892097411, 26.18007316616859 ], [ 89.367070343766429, 26.179649094898831 ], [ 89.367923113868585, 26.179552517183978 ], [ 89.368776677625789, 26.179640794504785 ], [ 89.371335800449998, 26.180703119470888 ], [ 89.373225273521697, 26.182026337897909 ], [ 89.374196554528979, 26.183173782442449 ], [ 89.37535827127796, 26.18509851263239 ], [ 89.375474511404079, 26.185437496946633 ], [ 89.375549190084428, 26.185650091277662 ], [ 89.375634213431482, 26.185886570438903 ], [ 89.375360110876571, 26.186684407117589 ], [ 89.373991001184592, 26.187633740039452 ], [ 89.373106444521426, 26.189614600439914 ], [ 89.372169184000981, 26.191033799708048 ], [ 89.371081296927002, 26.191800018436879 ], [ 89.369782345834253, 26.19173215187433 ], [ 89.368693377854655, 26.191551656180547 ], [ 89.367226805685959, 26.191949464997109 ], [ 89.366466585276413, 26.192647938551126 ], [ 89.365914964065112, 26.193827733036649 ], [ 89.366064504973451, 26.194958812732793 ], [ 89.366276494633482, 26.195704641538541 ], [ 89.366832564748321, 26.196241304245802 ], [ 89.367561254698316, 26.196491399865117 ], [ 89.369041326112367, 26.196724667736838 ], [ 89.369520471547133, 26.196911745572169 ], [ 89.369656055649486, 26.196934845699161 ], [ 89.369886646524137, 26.196973422334832 ], [ 89.370344165600585, 26.197027428308839 ], [ 89.371153723249193, 26.196957457849404 ], [ 89.371956289283375, 26.196838491236388 ], [ 89.372622617933629, 26.196562320814241 ], [ 89.373249643802566, 26.195930491233156 ], [ 89.373775596483767, 26.195631880276977 ], [ 89.374281522722171, 26.195594670058764 ], [ 89.375574843344225, 26.19539732909649 ], [ 89.376855069318296, 26.195325442633862 ], [ 89.377656924815739, 26.195113546012127 ], [ 89.378163286183224, 26.194726293064289 ], [ 89.37824154250832, 26.194410156441485 ], [ 89.378303190072302, 26.194198345464446 ], [ 89.378348586084087, 26.194108870524843 ], [ 89.378526630440518, 26.194047098022583 ], [ 89.378682390964983, 26.19403917151358 ], [ 89.379305260993277, 26.194045860997306 ], [ 89.380978897505884, 26.194578034669075 ], [ 89.382422031960971, 26.195285669383981 ], [ 89.382465157792595, 26.195307516872063 ], [ 89.383162166442432, 26.195665758049632 ], [ 89.385847865757967, 26.196251001601677 ], [ 89.38720600613479, 26.196744345489442 ], [ 89.387239901930386, 26.196752264218194 ], [ 89.387950201230595, 26.196921851319601 ], [ 89.388308190395705, 26.197010114208215 ], [ 89.388503288387767, 26.197059065521646 ], [ 89.389685548366174, 26.197515141686022 ], [ 89.389998186657053, 26.197689410209186 ], [ 89.390184448727723, 26.198088118120353 ], [ 89.39048019227792, 26.198535444057267 ], [ 89.391238160463757, 26.199083281208889 ], [ 89.3921631131889, 26.199431629773702 ], [ 89.392469746206359, 26.199553368865399 ], [ 89.393134528299058, 26.199695421716275 ], [ 89.393932329245942, 26.199675633625912 ], [ 89.394361014069986, 26.199377854925125 ], [ 89.394560385256327, 26.199173083590711 ], [ 89.394829946547503, 26.198895641440743 ], [ 89.394970641445681, 26.198755649360852 ], [ 89.395087072122976, 26.198648217515945 ], [ 89.395308230940714, 26.198547728966115 ], [ 89.395459819239889, 26.198508072793874 ], [ 89.395750767140868, 26.198544274059717 ], [ 89.396118993648983, 26.198641417070615 ], [ 89.39623952816379, 26.198693356413184 ], [ 89.396268142215433, 26.198819790206361 ], [ 89.396223816695382, 26.19904435748925 ], [ 89.396043008487965, 26.19938594563903 ], [ 89.396015000298618, 26.199686899059017 ], [ 89.396101098411236, 26.199919327280643 ], [ 89.396440685069862, 26.200107638137734 ], [ 89.397037579508549, 26.200109689370162 ], [ 89.397814172434039, 26.20007137234531 ], [ 89.398159007619427, 26.200031583776124 ], [ 89.398228027697414, 26.20027104496269 ], [ 89.398185656367957, 26.200496780338955 ], [ 89.398389094991401, 26.200852700717942 ], [ 89.398875022159842, 26.200852265226306 ], [ 89.399919340520825, 26.200755994714136 ], [ 89.401692310676566, 26.200459012836333 ], [ 89.403502344856989, 26.200369539858681 ], [ 89.404187869398598, 26.200288791977851 ], [ 89.404678382248747, 26.200195512259604 ], [ 89.40547132807518, 26.200153021386274 ], [ 89.405778202381896, 26.200181114627707 ], [ 89.405921002028194, 26.200442203471262 ], [ 89.406100226551359, 26.201544982973658 ], [ 89.406360666186288, 26.201605467313019 ], [ 89.407885994517443, 26.201483389096531 ], [ 89.407987150862084, 26.201331713107084 ], [ 89.407994845978195, 26.201173555210776 ], [ 89.407915726710669, 26.200616011622078 ], [ 89.407968388116132, 26.199967342982351 ], [ 89.408017279256768, 26.199864659459124 ], [ 89.410322619588285, 26.199385125195914 ], [ 89.412306318604678, 26.199316038065227 ], [ 89.413496239935455, 26.199260250263762 ], [ 89.413976197052946, 26.199431276411982 ], [ 89.414262144443242, 26.199820460223521 ], [ 89.414867822557383, 26.200311722802351 ], [ 89.415230935791897, 26.200592156688504 ], [ 89.415672145978149, 26.200584743708077 ], [ 89.415826271591882, 26.200582153851794 ], [ 89.416542152371477, 26.200641755723698 ], [ 89.416980950119097, 26.200741829748594 ], [ 89.417343330624576, 26.20098645403387 ], [ 89.417315477494896, 26.201559990907821 ], [ 89.417091396883464, 26.202244276735001 ], [ 89.416627695435324, 26.202860956443097 ], [ 89.416479289777868, 26.20336488644185 ], [ 89.416815601572722, 26.204147022507577 ], [ 89.416824587863928, 26.204167920569326 ], [ 89.416892571102906, 26.204326021513857 ], [ 89.417544922934781, 26.20537414366353 ], [ 89.417545753829742, 26.205375186477955 ], [ 89.417834133799545, 26.205797613491015 ], [ 89.417841780492338, 26.205808814436036 ], [ 89.418022364472378, 26.206073337380442 ], [ 89.417999005594254, 26.206270507723765 ], [ 89.419655880944248, 26.205842498510055 ], [ 89.419920485673572, 26.205838044143309 ], [ 89.420188053575615, 26.205976806720987 ], [ 89.42030328004077, 26.206428544177466 ], [ 89.420673449117047, 26.207687833435976 ], [ 89.420919501337053, 26.208065733624608 ], [ 89.421396292363951, 26.208081579695467 ], [ 89.422020974313057, 26.207569621943374 ], [ 89.422230683355849, 26.20747057667284 ], [ 89.422654056574615, 26.207463441453211 ], [ 89.42289863100055, 26.207769730646014 ], [ 89.423044286706642, 26.208411974110842 ], [ 89.423159031691029, 26.208839839156742 ], [ 89.423402127753349, 26.209074518162058 ], [ 89.423747111569583, 26.209116456768452 ], [ 89.42426792308747, 26.208701751495159 ], [ 89.42452758523072, 26.208458594234862 ], [ 89.425162647778365, 26.208447880447999 ], [ 89.425509115029243, 26.208561422869082 ], [ 89.426457429814477, 26.209690811695182 ], [ 89.427110434812704, 26.210468484897046 ], [ 89.427600612928217, 26.211128781865622 ], [ 89.427928061614665, 26.211600804568175 ], [ 89.428350403323662, 26.21184133265017 ], [ 89.429177210188556, 26.211842351003341 ], [ 89.430284490978636, 26.211746534975873 ], [ 89.43156349819246, 26.211635847609571 ], [ 89.431883243447757, 26.212130875246284 ], [ 89.431967592311764, 26.212368223558727 ], [ 89.432235684674254, 26.212530830414195 ], [ 89.432762933067977, 26.212426396386618 ], [ 89.433126981094915, 26.212324816479043 ], [ 89.433947249651425, 26.212095935095086 ], [ 89.434529404100488, 26.212086074840094 ], [ 89.435626631793397, 26.212126601468292 ], [ 89.435636368665712, 26.212123636125895 ], [ 89.435655192064374, 26.212133939057662 ], [ 89.435710608789648, 26.212164271873213 ], [ 89.435719969887529, 26.21216939531309 ], [ 89.435876674097528, 26.212254312196546 ], [ 89.436073777685962, 26.212361751736651 ], [ 89.436709949247899, 26.212425633628232 ], [ 89.437077309907693, 26.212428280272221 ], [ 89.43759482377142, 26.212597850043636 ], [ 89.438151433177254, 26.212557370915885 ], [ 89.438442500613917, 26.212690989663823 ], [ 89.438711718334901, 26.213159024028577 ], [ 89.438577225247528, 26.214568977107639 ], [ 89.438548477438388, 26.214870354982153 ], [ 89.438509181467381, 26.214909524216619 ], [ 89.438412139314863, 26.21548727245515 ], [ 89.438104944594059, 26.215989138475706 ], [ 89.437018040161888, 26.216676146355258 ], [ 89.436408641217852, 26.216935155715362 ], [ 89.436452247240709, 26.218519652905059 ], [ 89.436547852701096, 26.218690264032297 ], [ 89.437407565581225, 26.218490793615413 ], [ 89.439088209900319, 26.218455717692208 ], [ 89.439512015033173, 26.218467625608341 ], [ 89.439866387279096, 26.219611396810937 ], [ 89.43986620397267, 26.21961440690739 ], [ 89.439967717008756, 26.219786673091757 ], [ 89.44003425743368, 26.219899591944831 ], [ 89.440072216550888, 26.219907247227173 ], [ 89.440091768323654, 26.21991119013737 ], [ 89.440770999020515, 26.220048169271017 ], [ 89.441291664179104, 26.219993733722223 ], [ 89.441505597575116, 26.219814776052932 ], [ 89.441557410626501, 26.219471888500646 ], [ 89.441543283955355, 26.219119059070284 ], [ 89.442051256372352, 26.218367187244233 ], [ 89.442617667083539, 26.21810923420745 ], [ 89.4429132522733, 26.218066005728339 ], [ 89.44308221525695, 26.218044030879206 ], [ 89.443081501643405, 26.218040620000171 ], [ 89.443726671412222, 26.218455226361787 ], [ 89.444318499197479, 26.219136441186084 ], [ 89.444701857713667, 26.220017738445343 ], [ 89.44483959647242, 26.221038940177014 ], [ 89.444878726135101, 26.222482061572041 ], [ 89.445103064348146, 26.22286561409269 ], [ 89.445670003524157, 26.223249750279955 ], [ 89.446660919327996, 26.223780893806122 ], [ 89.448490162296252, 26.224806927748592 ], [ 89.448522041702617, 26.224855309972167 ], [ 89.448811380508019, 26.224884443375188 ], [ 89.449115655847535, 26.224812295694608 ], [ 89.449187406199229, 26.22472740534371 ], [ 89.449293419727837, 26.22460095863072 ], [ 89.449315828245744, 26.224565038958758 ], [ 89.451497514775483, 26.224054225842526 ], [ 89.453131380802418, 26.224327542923021 ], [ 89.454636446999814, 26.225203229193152 ], [ 89.455686285811922, 26.225832354980355 ], [ 89.457854320271977, 26.226956690819147 ], [ 89.458056179851241, 26.227134101182926 ], [ 89.458772184169518, 26.23101227818508 ], [ 89.459108907930784, 26.231775589310118 ], [ 89.459967757412073, 26.232510829137855 ], [ 89.461030244531941, 26.23292176909866 ], [ 89.461727172386716, 26.232910045737139 ], [ 89.461733110077716, 26.232909945778371 ], [ 89.461762499724756, 26.232907897090517 ], [ 89.462170259245696, 26.232771054200185 ], [ 89.462948112990304, 26.232098875618323 ], [ 89.463138103560269, 26.231972270659579 ] ] ] } },
{ "type": "Feature", "properties": { "BLOCK_NAME": "Dinhata-II", "SUBDIV_NAM": "Dinhata", "DIST_NAME": "Cooch Behar", "AREA_SQKM": 265.005 }, "geometry": { "type": "Polygon", "coordinates": [ [ [ 89.638326551939457, 26.228065045222166 ], [ 89.638469491186967, 26.227640703307511 ], [ 89.638404762681176, 26.227044451786217 ], [ 89.638545233471405, 26.22679884796403 ], [ 89.63679106966093, 26.226660324202374 ], [ 89.635663569974227, 26.225964756838486 ], [ 89.635323437750927, 26.224968234537538 ], [ 89.635511438854621, 26.223914272142032 ], [ 89.635892558819222, 26.223476252794757 ], [ 89.635975878594252, 26.22338049383017 ], [ 89.636489769453945, 26.222977988809788 ], [ 89.636600149889247, 26.222891532660277 ], [ 89.63738425216269, 26.222447384830385 ], [ 89.637587312623083, 26.222061651577842 ], [ 89.637582234870436, 26.221836649198885 ], [ 89.637571155335394, 26.221345690117968 ], [ 89.637126264669291, 26.220398844802176 ], [ 89.636736452661651, 26.219546489320031 ], [ 89.636663078655175, 26.218640573987408 ], [ 89.637484993330034, 26.217527224631233 ], [ 89.638627625694724, 26.21655123445267 ], [ 89.639282138932089, 26.215058946013979 ], [ 89.639098609891917, 26.213964053421346 ], [ 89.638173196151726, 26.212835031520658 ], [ 89.636460537489029, 26.212006951945678 ], [ 89.636184125899675, 26.211486766053618 ], [ 89.635868079454895, 26.210578450406281 ], [ 89.635977326810035, 26.209945029052495 ], [ 89.636203334687508, 26.209403688996936 ], [ 89.636750049060211, 26.208999715836931 ], [ 89.637301603502962, 26.208810530367892 ], [ 89.637500028654244, 26.208806888974454 ], [ 89.637862450036991, 26.208622177565914 ], [ 89.63790356300396, 26.208647087321854 ], [ 89.638944279272366, 26.208407795338495 ], [ 89.639877319725798, 26.207531149041184 ], [ 89.640155475401585, 26.206390287647288 ], [ 89.640216460487579, 26.206140151606505 ], [ 89.640394704842961, 26.204656608731842 ], [ 89.640409905026587, 26.202985058474649 ], [ 89.640494176917713, 26.202028498686154 ], [ 89.640518719459308, 26.201876654203339 ], [ 89.640744250592434, 26.200481296363126 ], [ 89.641940142836646, 26.199022292738213 ], [ 89.643442141206222, 26.197562164123131 ], [ 89.64401442196916, 26.197121884871859 ], [ 89.644795090766166, 26.19653451867611 ], [ 89.645157890346141, 26.196193589579284 ], [ 89.64593422977687, 26.195415295491017 ], [ 89.647288246360802, 26.194316048724989 ], [ 89.647799996157829, 26.193661927907669 ], [ 89.649096715472169, 26.192492030704383 ], [ 89.649875165892453, 26.191809179401556 ], [ 89.650195060008343, 26.191456015864151 ], [ 89.650357765462374, 26.191075169791745 ], [ 89.650131002586235, 26.189825900689431 ], [ 89.649519622154671, 26.189120910330402 ], [ 89.648191623732856, 26.188906622459289 ], [ 89.647503333993072, 26.187725533438673 ], [ 89.64759915615636, 26.186112189192478 ], [ 89.647585661982703, 26.185515555750396 ], [ 89.647383230071668, 26.185340218881755 ], [ 89.645986452286792, 26.185007796568264 ], [ 89.644205043714436, 26.185219627545763 ], [ 89.642368272351376, 26.185909959890978 ], [ 89.640933634771173, 26.186831639647469 ], [ 89.639773452720519, 26.188025999824799 ], [ 89.639575868287764, 26.188229401607433 ], [ 89.639125645078735, 26.188965135759545 ], [ 89.638420864166733, 26.190524013900635 ], [ 89.638412375716698, 26.190542789244514 ], [ 89.638397569446212, 26.190583011735075 ], [ 89.638000922348581, 26.191660543026234 ], [ 89.637799704800031, 26.192366159897809 ], [ 89.637718475814353, 26.192651005505017 ], [ 89.637559466061376, 26.19320860291468 ], [ 89.637339943408605, 26.194036329623593 ], [ 89.636997344382848, 26.194687249170709 ], [ 89.63653738982822, 26.195004718240284 ], [ 89.636530482996122, 26.195106587611878 ], [ 89.635607656503737, 26.195834143507895 ], [ 89.635299906688701, 26.195928058949452 ], [ 89.635008044171187, 26.195933408640979 ], [ 89.634346698258298, 26.195945528582499 ], [ 89.633584808056384, 26.195899798808888 ], [ 89.633419471475335, 26.195902827439561 ], [ 89.633286530828187, 26.195875418232159 ], [ 89.632988253667108, 26.195851037026422 ], [ 89.632956160975269, 26.195826722815454 ], [ 89.63244978046157, 26.195443077817103 ], [ 89.632142781731119, 26.195030878685078 ], [ 89.631829745698212, 26.194350191486325 ], [ 89.631734173515738, 26.19377733822105 ], [ 89.632051053724794, 26.192129306901478 ], [ 89.632122514264552, 26.19059997088716 ], [ 89.631975669933979, 26.19011230281377 ], [ 89.631836520958259, 26.189650188828008 ], [ 89.63144150421472, 26.188559147718401 ], [ 89.63114586765154, 26.187179780832338 ], [ 89.631065069743499, 26.185939735553678 ], [ 89.631195885562661, 26.184695818346498 ], [ 89.631658061253262, 26.184066599661925 ], [ 89.632649253362018, 26.183427696578757 ], [ 89.633907089822188, 26.182879406194473 ], [ 89.635009433278469, 26.182477205756939 ], [ 89.635104689616767, 26.182443544305251 ], [ 89.635229834892272, 26.182399320559192 ], [ 89.636338209978604, 26.182142473689648 ], [ 89.63853715749643, 26.181672391163715 ], [ 89.640098718303094, 26.181376438377551 ], [ 89.640776363786102, 26.181619355651282 ], [ 89.641579568676562, 26.182034361518244 ], [ 89.642101817186443, 26.182311272598035 ], [ 89.643022443023284, 26.182652486741429 ], [ 89.643821621156349, 26.182888488181607 ], [ 89.644813520688771, 26.182870250235791 ], [ 89.645957651381494, 26.182562700920023 ], [ 89.646624857508158, 26.182228107879812 ], [ 89.647607844458037, 26.181816072405891 ], [ 89.647764118607611, 26.18170575737134 ], [ 89.648624021352703, 26.181116916771884 ], [ 89.649322786435079, 26.180423601833159 ], [ 89.65025878106718, 26.179690100408017 ], [ 89.651041697716735, 26.179032401427378 ], [ 89.651876227605413, 26.178992010658281 ], [ 89.652745354240096, 26.17911909368469 ], [ 89.654237027554316, 26.179791302578597 ], [ 89.655149774052092, 26.180552511923331 ], [ 89.65561077357556, 26.180681769517427 ], [ 89.656428031506891, 26.180910911604308 ], [ 89.657541244548995, 26.180815799689093 ], [ 89.657854161685052, 26.180789062533457 ], [ 89.658998446211868, 26.179908406276517 ], [ 89.659500337983161, 26.178705369951476 ], [ 89.659679410332799, 26.177269550453769 ], [ 89.659697428159589, 26.177121276221918 ], [ 89.659813170503185, 26.176168820294169 ], [ 89.65956906225567, 26.174740825290453 ], [ 89.659363907398301, 26.174024945134651 ], [ 89.65905181073785, 26.172935875243795 ], [ 89.658487098383944, 26.171370551861507 ], [ 89.657676338687139, 26.170621526795134 ], [ 89.656931474586614, 26.170444283004667 ], [ 89.656207759360314, 26.170394035633279 ], [ 89.654758442734789, 26.170293397696646 ], [ 89.653679902553776, 26.169799623597406 ], [ 89.653624184327526, 26.169774114469167 ], [ 89.653154288789324, 26.169558983474786 ], [ 89.652857387589506, 26.168131944037551 ], [ 89.65267903063237, 26.16710834027861 ], [ 89.652492473793771, 26.166037649901732 ], [ 89.651775692278605, 26.164761597799586 ], [ 89.650656303130276, 26.16440021927767 ], [ 89.650549491478372, 26.16440770310502 ], [ 89.648807214236726, 26.164529771828839 ], [ 89.647542099372458, 26.164744058339675 ], [ 89.645439308694705, 26.165355744008068 ], [ 89.64381576821782, 26.166101845615007 ], [ 89.642768658893459, 26.166598590226652 ], [ 89.641004689832045, 26.16815900527568 ], [ 89.639974759159173, 26.169419428172045 ], [ 89.639723634143351, 26.169625992242114 ], [ 89.639143485651687, 26.170103191154794 ], [ 89.639022233665202, 26.170226284134014 ], [ 89.638306828182351, 26.170548294322153 ], [ 89.637844734196392, 26.170728134557972 ], [ 89.636890453441765, 26.171099521174 ], [ 89.635842193191067, 26.171548489266836 ], [ 89.635075588290775, 26.172756305232209 ], [ 89.63502204304227, 26.173253815494004 ], [ 89.635064820529607, 26.173276242859661 ], [ 89.635003957791582, 26.173688759590824 ], [ 89.635090552656436, 26.174009492536605 ], [ 89.635381959261451, 26.174612977960809 ], [ 89.635754327624554, 26.175286605248267 ], [ 89.636210078330961, 26.176137768008143 ], [ 89.636907910511511, 26.177163557714493 ], [ 89.637795543237331, 26.178016208737063 ], [ 89.637724181527787, 26.178679402625946 ], [ 89.637264208899239, 26.179404098837743 ], [ 89.637070670798792, 26.179622526540896 ], [ 89.636601017671708, 26.179917641111668 ], [ 89.635536232237754, 26.180223661869363 ], [ 89.635179153943952, 26.180230204684193 ], [ 89.634504671831891, 26.180242560931639 ], [ 89.633349253171815, 26.180048841813015 ], [ 89.631989023213634, 26.179572355377829 ], [ 89.631295236669771, 26.178725532489949 ], [ 89.630929314392304, 26.178338280305727 ], [ 89.630326954593912, 26.178026978192062 ], [ 89.629449285291571, 26.177828146479751 ], [ 89.629004825314752, 26.177478138171946 ], [ 89.628820411693511, 26.176335483908979 ], [ 89.629035152644903, 26.175292974413338 ], [ 89.629130170626922, 26.174562353234773 ], [ 89.629170542658301, 26.174251915933525 ], [ 89.62938688462765, 26.173281003200746 ], [ 89.629493045903089, 26.172706050725328 ], [ 89.629316675099943, 26.171921382253121 ], [ 89.628711139075136, 26.171466875281599 ], [ 89.627893701078008, 26.171272188495866 ], [ 89.627593880667376, 26.171200780313068 ], [ 89.626125993523161, 26.171227583359101 ], [ 89.625276532092613, 26.171243087350561 ], [ 89.625200326870967, 26.172426318256583 ], [ 89.625220385682312, 26.173321285293735 ], [ 89.625212270887602, 26.173880198847364 ], [ 89.625204783366243, 26.174395970699816 ], [ 89.625201218410439, 26.176007635636918 ], [ 89.625144338807303, 26.177011446682855 ], [ 89.624052700673431, 26.177890885816399 ], [ 89.622285763952945, 26.178746817024873 ], [ 89.621897257823292, 26.178859748093497 ], [ 89.621731796783436, 26.178862764155244 ], [ 89.621332905873103, 26.178774532576874 ], [ 89.620901689872241, 26.178424256640636 ], [ 89.620549292474223, 26.178048668015872 ], [ 89.620246059586492, 26.177505053258528 ], [ 89.619810579361371, 26.176963846393715 ], [ 89.619406358869867, 26.176636948841544 ], [ 89.618978357875136, 26.176429862075722 ], [ 89.617973267520881, 26.176448158540133 ], [ 89.617364257422238, 26.176522820740669 ], [ 89.616995808539258, 26.176479474728033 ], [ 89.616249186574663, 26.176815377629534 ], [ 89.615314579372338, 26.177620270862398 ], [ 89.614618010448041, 26.178420831830604 ], [ 89.613948322268811, 26.178647884472966 ], [ 89.613311116996115, 26.178552023304164 ], [ 89.612865101182265, 26.178130363738013 ], [ 89.612728503001648, 26.177344946920421 ], [ 89.612714126672472, 26.176700563741957 ], [ 89.612778301412888, 26.176018940706957 ], [ 89.612976580791369, 26.175727920748411 ], [ 89.61384426039028, 26.175526836206306 ], [ 89.614013879811651, 26.175489092373095 ], [ 89.615339778683563, 26.175194044936937 ], [ 89.615690221373811, 26.175076167003095 ], [ 89.61618019267712, 26.174911355143387 ], [ 89.616305870337328, 26.174851767910695 ], [ 89.617000296663122, 26.174667231713741 ], [ 89.617469408225233, 26.174388642550554 ], [ 89.617827590641298, 26.173916310982925 ], [ 89.617921440817412, 26.173675846499936 ], [ 89.617914772908705, 26.173377522134484 ], [ 89.617810921486281, 26.173170500011956 ], [ 89.617141696994949, 26.172824542610059 ], [ 89.616211983917651, 26.172662386049094 ], [ 89.615318664579505, 26.172648784744322 ], [ 89.6143063007612, 26.172922466535997 ], [ 89.613588526729316, 26.172680810235356 ], [ 89.613532691630169, 26.172651397955878 ], [ 89.613220498663438, 26.172000487232591 ], [ 89.613006456301164, 26.171289095307774 ], [ 89.612970437535296, 26.17116938009455 ], [ 89.612984865641636, 26.170333467770636 ], [ 89.613094482680978, 26.169316759470945 ], [ 89.613374721795864, 26.168535708283049 ], [ 89.613789860504525, 26.167871585548873 ], [ 89.614104696015403, 26.167682653049532 ], [ 89.617507120849368, 26.167863695247384 ], [ 89.618339428525687, 26.167812736914215 ], [ 89.618471045863188, 26.167695260427795 ], [ 89.619117656485173, 26.167118116207156 ], [ 89.619102451264794, 26.166437937027741 ], [ 89.618222364060713, 26.165153777180596 ], [ 89.618035802365483, 26.164881555312647 ], [ 89.617099387705366, 26.163824185243083 ], [ 89.616128914355471, 26.163018121916711 ], [ 89.615984772509293, 26.162911534738193 ], [ 89.614474480647488, 26.16179471588039 ], [ 89.614027530229933, 26.16133005228026 ], [ 89.613369911444508, 26.161118538388216 ], [ 89.613227273206348, 26.161072841954034 ], [ 89.613204723967684, 26.161065832006404 ], [ 89.612686885446735, 26.160257473351802 ], [ 89.612412959767795, 26.158650833598518 ], [ 89.612546898670786, 26.157538179842859 ], [ 89.612558629568099, 26.157341681999398 ], [ 89.612604690736219, 26.156570162520307 ], [ 89.612307068345075, 26.155680224616233 ], [ 89.611742944915008, 26.155296512091333 ], [ 89.610917284948414, 26.155192604627409 ], [ 89.609850691746402, 26.15557580318076 ], [ 89.609812897620543, 26.155589381869103 ], [ 89.608503747673822, 26.156143157791671 ], [ 89.608397599231509, 26.156188057996101 ], [ 89.607102086969164, 26.156820365176742 ], [ 89.606256328911357, 26.157149920763054 ], [ 89.60603329497782, 26.15729813830924 ], [ 89.605715544367072, 26.157427903833788 ], [ 89.605482709745289, 26.157522989240448 ], [ 89.604345045078801, 26.158116602113797 ], [ 89.603611217114661, 26.159025223946525 ], [ 89.603270892971594, 26.159783469848225 ], [ 89.60289168973236, 26.160578232526351 ], [ 89.602382916333283, 26.16099651227313 ], [ 89.601302092138354, 26.160927509486299 ], [ 89.600809671734467, 26.16089837048677 ], [ 89.600217614215865, 26.160939648201094 ], [ 89.599186194306313, 26.16095828140606 ], [ 89.597859098349787, 26.160767361616401 ], [ 89.596636205299433, 26.16050292236288 ], [ 89.595355138162873, 26.160000761092782 ], [ 89.594278395546027, 26.159209743561856 ], [ 89.593975108332202, 26.158971519262991 ], [ 89.593856427984349, 26.15862984520999 ], [ 89.593834222101648, 26.158343733534505 ], [ 89.593828517841985, 26.158085975529335 ], [ 89.593833326322738, 26.158017376183722 ], [ 89.59385264752521, 26.157741727404893 ], [ 89.593853301372008, 26.157561932882377 ], [ 89.594139339948384, 26.156948393927088 ], [ 89.594143702111197, 26.156946789346172 ], [ 89.594992226481864, 26.156634568567124 ], [ 89.596380629378942, 26.156609527962416 ], [ 89.598394471211776, 26.156453804673379 ], [ 89.599739224584326, 26.155952001506055 ], [ 89.600287956746655, 26.155345190736725 ], [ 89.600790389243429, 26.154142318028882 ], [ 89.601057448638599, 26.152764628332125 ], [ 89.601153892997999, 26.149659017879813 ], [ 89.600758495790245, 26.146741363379885 ], [ 89.600611037590156, 26.144565349372868 ], [ 89.600022669293679, 26.143382180154969 ], [ 89.599435636108623, 26.142258673475279 ], [ 89.598732725314349, 26.140933893803755 ], [ 89.598572958011545, 26.140632774416908 ], [ 89.598424225835316, 26.139889334516482 ], [ 89.598440757177016, 26.13914291200523 ], [ 89.599124277010119, 26.138653056983657 ], [ 89.600467507707549, 26.138091595460786 ], [ 89.601151673909655, 26.137631563926114 ], [ 89.601438554876182, 26.13714886333829 ], [ 89.601507940510203, 26.135804587832986 ], [ 89.601183361431012, 26.134586809597437 ], [ 89.600421861164307, 26.13304862576722 ], [ 89.600344520982063, 26.132542657935939 ], [ 89.600561988713579, 26.131911987856014 ], [ 89.601269912178523, 26.131033699193637 ], [ 89.602578673858915, 26.130413155729258 ], [ 89.604381175548909, 26.129694139808933 ], [ 89.604703006121881, 26.129476006124577 ], [ 89.605195489028148, 26.12914220408982 ], [ 89.60570837979617, 26.128416649223357 ], [ 89.605869438576931, 26.128249339795332 ], [ 89.606322398373408, 26.127778796683334 ], [ 89.607659502192661, 26.126948783344982 ], [ 89.60853192121543, 26.126037641101696 ], [ 89.608754639343104, 26.125645624298997 ], [ 89.609010960577464, 26.123790601225707 ], [ 89.608712854938119, 26.123629824468555 ], [ 89.60828418728677, 26.123637587045192 ], [ 89.607766775660011, 26.123684396190324 ], [ 89.607624296102372, 26.123697286262516 ], [ 89.606749717994532, 26.123617611680839 ], [ 89.605919590133183, 26.123466775058549 ], [ 89.605793707254819, 26.123443901647285 ], [ 89.605309200851806, 26.123264608940556 ], [ 89.604773417199652, 26.122161116577622 ], [ 89.604411176096093, 26.120735109972625 ], [ 89.604364231561519, 26.120109214850672 ], [ 89.604456666119546, 26.119869265202773 ], [ 89.604443565494407, 26.119790867252998 ], [ 89.60489322582707, 26.118600878446678 ], [ 89.605389682783326, 26.117732367308605 ], [ 89.606128829163595, 26.117074348879814 ], [ 89.606578939151547, 26.116745024693309 ], [ 89.606831491133548, 26.116560242469934 ], [ 89.60758254661468, 26.116439209378711 ], [ 89.608657995528247, 26.116634623790336 ], [ 89.609620847746172, 26.117118580471086 ], [ 89.61055041957863, 26.117889644114335 ], [ 89.611282523919371, 26.118700093592132 ], [ 89.611659329937524, 26.119588608513599 ], [ 89.611842640993416, 26.120695512548579 ], [ 89.611944254332926, 26.121696455792808 ], [ 89.612122794638438, 26.122588563191851 ], [ 89.612616999539014, 26.123403316936692 ], [ 89.613108023906491, 26.124074871515518 ], [ 89.613287890786268, 26.124292795495617 ], [ 89.613515753174582, 26.12456886660129 ], [ 89.614114598659469, 26.124737068656739 ], [ 89.614550031139231, 26.124693351587382 ], [ 89.615447790796836, 26.124032407095079 ], [ 89.616137681173015, 26.122945468517475 ], [ 89.616817984520964, 26.121428936160722 ], [ 89.61743013349647, 26.120415032044217 ], [ 89.618051053623915, 26.11979491652443 ], [ 89.618834581622465, 26.119350911230686 ], [ 89.621010028763095, 26.11906065338577 ], [ 89.621324895127344, 26.119096416397202 ], [ 89.622640686735195, 26.119245859080468 ], [ 89.623805087216397, 26.119869300691683 ], [ 89.624457178177721, 26.120645321139055 ], [ 89.62467706591903, 26.121608280406104 ], [ 89.625223014591214, 26.122959246624269 ], [ 89.625559482716056, 26.123812639039059 ], [ 89.625934010835067, 26.124593709569307 ], [ 89.626341793756865, 26.125087664024765 ], [ 89.6264631672652, 26.125192891680665 ], [ 89.626905805046405, 26.125471328136367 ], [ 89.627660893386107, 26.125529182070608 ], [ 89.628295407184396, 26.125517605389156 ], [ 89.628438613172364, 26.125514992214395 ], [ 89.628841786963648, 26.125113685803143 ], [ 89.629683763696804, 26.123737405446839 ], [ 89.630055464137058, 26.122620402219745 ], [ 89.630189223687083, 26.121507742911689 ], [ 89.630436333284081, 26.120142319679672 ], [ 89.630527226013626, 26.118887189272208 ], [ 89.630579480542934, 26.118468991453131 ], [ 89.630661782177341, 26.117810328870743 ], [ 89.630752865278751, 26.116777482797623 ], [ 89.630488251001211, 26.11633296827112 ], [ 89.630023871893314, 26.115672927660086 ], [ 89.629319974363341, 26.114945629550508 ], [ 89.628403533177732, 26.114174454228685 ], [ 89.62724865216569, 26.113383743947153 ], [ 89.625507408042111, 26.112388827078405 ], [ 89.621358277971922, 26.110148421027915 ], [ 89.619695900029541, 26.109128117609679 ], [ 89.618011370376848, 26.108299202049487 ], [ 89.616785816986678, 26.107891696784417 ], [ 89.615677698373318, 26.108007317196087 ], [ 89.613910309115184, 26.108206517328252 ], [ 89.611695647192306, 26.108509305925079 ], [ 89.61053146317424, 26.108482648244237 ], [ 89.609367808992729, 26.108479847977847 ], [ 89.608708002367365, 26.108539545807886 ], [ 89.607732568489538, 26.108676580228654 ], [ 89.606865518640845, 26.108931027307939 ], [ 89.606212592204187, 26.109300975868546 ], [ 89.605358768373804, 26.110152074364752 ], [ 89.603937620814094, 26.110464274026963 ], [ 89.603258515320732, 26.110405934299575 ], [ 89.603168178348923, 26.110449815626264 ], [ 89.602865234963943, 26.110462196778229 ], [ 89.602602989667346, 26.110395121572751 ], [ 89.601525324638388, 26.110223968762607 ], [ 89.6011468177783, 26.109732937613032 ], [ 89.600825643257764, 26.108664313539851 ], [ 89.600754373955766, 26.107636373315358 ], [ 89.600641011017075, 26.107432062150583 ], [ 89.6005656966028, 26.105821789773714 ], [ 89.600426139253514, 26.10489314295663 ], [ 89.599933689462901, 26.104149932592012 ], [ 89.599095478563711, 26.103914352696002 ], [ 89.597578459375598, 26.103476118412992 ], [ 89.596542794921078, 26.103279896094797 ], [ 89.595903638252409, 26.103076524225092 ], [ 89.595501597382977, 26.102833065938544 ], [ 89.594815679208722, 26.102308203885677 ], [ 89.594566709250003, 26.101811287807987 ], [ 89.594505645607995, 26.101160939221032 ], [ 89.594603852771314, 26.100312580012876 ], [ 89.595590696937563, 26.098625331204801 ], [ 89.595799727126021, 26.098375662564319 ], [ 89.596251045868513, 26.097394760641848 ], [ 89.597023581317501, 26.096455646588279 ], [ 89.59776570327584, 26.095636456642644 ], [ 89.598776749609172, 26.095021332398318 ], [ 89.599153223647932, 26.094927103426333 ], [ 89.600190201139796, 26.094667549041333 ], [ 89.601506504232589, 26.094405040624206 ], [ 89.602461347791831, 26.094238581282614 ], [ 89.603411563638033, 26.093863284013313 ], [ 89.604322783801834, 26.093220080861094 ], [ 89.60577052684431, 26.091433065459096 ], [ 89.606020661265021, 26.09109624612206 ], [ 89.606444493010073, 26.090525532361177 ], [ 89.607341115361336, 26.089225986157395 ], [ 89.607853177834073, 26.088470600319674 ], [ 89.60833550672649, 26.087864976722454 ], [ 89.60898367963182, 26.087286195112952 ], [ 89.609505656352013, 26.086978299621087 ], [ 89.610364624284031, 26.086962751707755 ], [ 89.61040866057229, 26.086971583957403 ], [ 89.61159296477976, 26.087209113528576 ], [ 89.612064102846261, 26.087588563564772 ], [ 89.612408397074105, 26.088209068676711 ], [ 89.61258883251368, 26.088892232687677 ], [ 89.612610710621155, 26.089876718768917 ], [ 89.612617946723432, 26.090202322599303 ], [ 89.612634578920648, 26.090950702510085 ], [ 89.612659111635253, 26.092054518970215 ], [ 89.612689613759628, 26.093426831279963 ], [ 89.612694436436612, 26.093643797850724 ], [ 89.612945159505387, 26.094112665430913 ], [ 89.613126040763589, 26.094190272079107 ], [ 89.613683179241406, 26.094429306970262 ], [ 89.613879951614905, 26.094454919104361 ], [ 89.61426301415986, 26.094323499448489 ], [ 89.61467526939866, 26.093540056010454 ], [ 89.615016796244646, 26.092548981338766 ], [ 89.615055751390344, 26.092512363965813 ], [ 89.615696666985244, 26.091909905480346 ], [ 89.616813334317641, 26.091591192766654 ], [ 89.617939959681266, 26.09171996349184 ], [ 89.618578321883902, 26.092185887565016 ], [ 89.619399831782943, 26.093454290004246 ], [ 89.619757480897078, 26.094671428201011 ], [ 89.619879872910772, 26.095713771019145 ], [ 89.619903148699692, 26.096757914932223 ], [ 89.61932306184751, 26.0974250423026 ], [ 89.618769359802371, 26.097793240258063 ], [ 89.61792028617559, 26.098256335454742 ], [ 89.617540958893869, 26.098599183952551 ], [ 89.617385678479224, 26.09893804915539 ], [ 89.617203382171354, 26.099657635027928 ], [ 89.617216936972412, 26.100266222203366 ], [ 89.617313778418549, 26.101052366780554 ], [ 89.617343850763845, 26.101228846583247 ], [ 89.617405038399696, 26.101587916251464 ], [ 89.617653302254354, 26.102048985946148 ], [ 89.618171937432436, 26.102182821312262 ], [ 89.618960140152168, 26.101953618325965 ], [ 89.619665051137886, 26.101546857299166 ], [ 89.620049570481768, 26.101002662008284 ], [ 89.620545847061678, 26.100134110865376 ], [ 89.621282403860405, 26.099368630261679 ], [ 89.622538373176866, 26.098772765646952 ], [ 89.622751495859475, 26.098676819784639 ], [ 89.623284497864702, 26.098436865902595 ], [ 89.624474740495828, 26.098451012841789 ], [ 89.62511230852266, 26.098582657283508 ], [ 89.625921270366902, 26.099284195104858 ], [ 89.626417053760434, 26.100170502821829 ], [ 89.626679752701961, 26.101275937358704 ], [ 89.626706162483416, 26.102457304538802 ], [ 89.626613625285032, 26.103640839355439 ], [ 89.626686089994891, 26.10510787585088 ], [ 89.626988796596109, 26.105777782806832 ], [ 89.627117343889324, 26.105841654018981 ], [ 89.627718107399573, 26.106099303099924 ], [ 89.62824878427864, 26.106179159888701 ], [ 89.628421012916888, 26.106163033448958 ], [ 89.628644621801286, 26.106142095689542 ], [ 89.629496372306974, 26.10579826634196 ], [ 89.630178900427239, 26.105278453012932 ], [ 89.63082303537054, 26.10452058166511 ], [ 89.631660734026113, 26.103550260448831 ], [ 89.632203721965851, 26.102704696942737 ], [ 89.632779075825425, 26.101828695057453 ], [ 89.633087422863483, 26.100838191874104 ], [ 89.633534892228724, 26.098681207602056 ], [ 89.633547478804374, 26.098613869056344 ], [ 89.633836634000929, 26.097066900424945 ], [ 89.633859551594384, 26.096944290597559 ], [ 89.63405472128656, 26.095329117576103 ], [ 89.634220193075251, 26.093863709941008 ], [ 89.634527175772703, 26.092813540477746 ], [ 89.63523127790981, 26.091785955943543 ], [ 89.635710793533931, 26.09106092123157 ], [ 89.63657537832394, 26.089821485236108 ], [ 89.636877084084972, 26.089148476385983 ], [ 89.636953090355618, 26.088978930528189 ], [ 89.637171621498084, 26.088311028482707 ], [ 89.637171265074031, 26.088307523823342 ], [ 89.636541157045727, 26.086409087347338 ], [ 89.636142255993164, 26.085127095038278 ], [ 89.63551931843422, 26.082106271751854 ], [ 89.635448462376971, 26.081054335089267 ], [ 89.635400457785508, 26.080341643289923 ], [ 89.635482332644727, 26.079550623210856 ], [ 89.635602801002392, 26.079177587862883 ], [ 89.635941248309393, 26.078235475401922 ], [ 89.636299121106006, 26.077216605865249 ], [ 89.636620734392764, 26.076552294492117 ], [ 89.637193890146762, 26.075853659760377 ], [ 89.638777727613999, 26.074272772900741 ], [ 89.639742778154215, 26.073597514886426 ], [ 89.641055204089852, 26.07267917302628 ], [ 89.643540862196303, 26.071529393302363 ], [ 89.645601753611402, 26.070596275747452 ], [ 89.647265562078303, 26.069640572673986 ], [ 89.647913207511394, 26.069087993390063 ], [ 89.649029453638491, 26.068359301912952 ], [ 89.649701450712627, 26.067678445064011 ], [ 89.650100596153791, 26.066620589424495 ], [ 89.65053860861741, 26.064941254862493 ], [ 89.651329337269459, 26.06249142125721 ], [ 89.651439325557902, 26.061539774223572 ], [ 89.650816092149327, 26.06082956342291 ], [ 89.649750573865816, 26.060467125948037 ], [ 89.649467438324578, 26.060457293310748 ], [ 89.648851117409592, 26.060435889459331 ], [ 89.647429641063468, 26.060700733668323 ], [ 89.64632094333939, 26.060768822376115 ], [ 89.645052631184427, 26.060792078157416 ], [ 89.643407961519912, 26.060535711137671 ], [ 89.642736419917327, 26.06048313891419 ], [ 89.641925049584515, 26.060419616010378 ], [ 89.640656737675883, 26.060442832871971 ], [ 89.639233094782767, 26.060612134583625 ], [ 89.637756599584279, 26.060782387745391 ], [ 89.636859275353871, 26.060846540548937 ], [ 89.635960880729371, 26.06086295570973 ], [ 89.634839417945642, 26.060768299504147 ], [ 89.634320893548505, 26.060815310174444 ], [ 89.633284774144158, 26.060583527615133 ], [ 89.63251569553529, 26.0598812876799 ], [ 89.631741023901554, 26.058928450302187 ], [ 89.631123301696462, 26.057901118130648 ], [ 89.630507991487278, 26.056981179938429 ], [ 89.629976755560634, 26.056274588120022 ], [ 89.629290190336832, 26.0557140795725 ], [ 89.62772930042118, 26.055062048708375 ], [ 89.626846982303078, 26.054612533152785 ], [ 89.625999513745569, 26.053947494418932 ], [ 89.624701728889789, 26.052645991262903 ], [ 89.624142084724866, 26.052441285504056 ], [ 89.623498531728444, 26.05231679604746 ], [ 89.622795372694313, 26.052501578975246 ], [ 89.622008298180276, 26.052766577416829 ], [ 89.621299689520569, 26.052994333245621 ], [ 89.620438918594914, 26.053511359221812 ], [ 89.619696243508784, 26.053990422512317 ], [ 89.618908757298911, 26.054448103768536 ], [ 89.618579520054908, 26.055479060293319 ], [ 89.618370870993346, 26.055979116230674 ], [ 89.618353658567159, 26.056020367541588 ], [ 89.618249087440901, 26.056666915037304 ], [ 89.61806285745466, 26.057207502906685 ], [ 89.617796560861052, 26.057713728805446 ], [ 89.617290861121305, 26.058152669012422 ], [ 89.617180648363217, 26.058221960579623 ], [ 89.617056236292925, 26.058300179816062 ], [ 89.616467283095943, 26.05856155748101 ], [ 89.615285392769835, 26.058905309211035 ], [ 89.614065448958826, 26.059321367917637 ], [ 89.612929534191522, 26.059950779659037 ], [ 89.612429225340733, 26.060499883356467 ], [ 89.61197376817681, 26.061591254216111 ], [ 89.611899528218984, 26.061832206581098 ], [ 89.61152990642141, 26.063031849007992 ], [ 89.61076152633656, 26.064144051655134 ], [ 89.609979371126812, 26.064635723560521 ], [ 89.609265336337344, 26.064795937385437 ], [ 89.608821970328151, 26.064895416870286 ], [ 89.607973201389711, 26.064767505062918 ], [ 89.607331602685932, 26.064444836920259 ], [ 89.60647543720178, 26.06398278510872 ], [ 89.60587929823788, 26.063325023155297 ], [ 89.605644744487833, 26.062874925527172 ], [ 89.605664020659333, 26.062732813802192 ], [ 89.605696920361922, 26.062490266953386 ], [ 89.605842509801064, 26.061823088676693 ], [ 89.605860120862289, 26.06174238562576 ], [ 89.606024799191275, 26.061061330969412 ], [ 89.607196326138109, 26.059053678331136 ], [ 89.607961011034945, 26.057774429038346 ], [ 89.608584065267934, 26.057261770295145 ], [ 89.61086276496917, 26.056313271186784 ], [ 89.612182321212984, 26.056217763655528 ], [ 89.613365521098117, 26.05593370558007 ], [ 89.613915100223238, 26.055684991909821 ], [ 89.614518582305578, 26.055483051908215 ], [ 89.61501478114161, 26.055211425728562 ], [ 89.615118723580366, 26.055162104066557 ], [ 89.615341840472198, 26.054465343329078 ], [ 89.615393011397117, 26.053198988154936 ], [ 89.61542147158363, 26.052100176620502 ], [ 89.61544025691353, 26.051403640715154 ], [ 89.615082521163956, 26.050951771500522 ], [ 89.613342320603778, 26.049661780338038 ], [ 89.610924210939942, 26.049083410741197 ], [ 89.609513749705258, 26.048886666307123 ], [ 89.608203139938396, 26.048298812024868 ], [ 89.607064390876133, 26.047603101946823 ], [ 89.605722219083901, 26.046672292107584 ], [ 89.603648223721166, 26.045515909430652 ], [ 89.601652178499947, 26.044895302821875 ], [ 89.599994309246654, 26.044626719928015 ], [ 89.598839542304958, 26.044668393697663 ], [ 89.596744004979868, 26.044743993845024 ], [ 89.59622283038307, 26.044896787627319 ], [ 89.596225715812153, 26.044228383223007 ], [ 89.596251503243408, 26.044044638740225 ], [ 89.596171407780872, 26.043683071466443 ], [ 89.59607297716245, 26.043054509190263 ], [ 89.596226498224254, 26.042345011790484 ], [ 89.596491167334463, 26.041881828006336 ], [ 89.596888121733187, 26.041664577026861 ], [ 89.59745584478614, 26.041520656774793 ], [ 89.597794018659854, 26.041514571992561 ], [ 89.598108109846763, 26.041375212939982 ], [ 89.598609895464719, 26.041117869295711 ], [ 89.598881363227477, 26.040913536467631 ], [ 89.599051531843728, 26.040590134194431 ], [ 89.599361104419387, 26.039937618568448 ], [ 89.599322602209369, 26.038629982362128 ], [ 89.599243150133361, 26.038293963285074 ], [ 89.598842813845806, 26.037423180535079 ], [ 89.5979549249043, 26.036885179763637 ], [ 89.597229178891013, 26.036573519459303 ], [ 89.59650301575131, 26.036242761499423 ], [ 89.596228261427626, 26.036247702063989 ], [ 89.595787371015319, 26.036389336063131 ], [ 89.595589887724074, 26.036499116840226 ], [ 89.595432281323824, 26.03658672941922 ], [ 89.595037022006082, 26.036880348522317 ], [ 89.594455328114478, 26.037349226550319 ], [ 89.593496977265033, 26.037996778529649 ], [ 89.592117585660205, 26.038728287851292 ], [ 89.591867554880366, 26.038803338679561 ], [ 89.591301155253163, 26.038973350227032 ], [ 89.591077764682396, 26.038977359458539 ], [ 89.590522641784432, 26.038972994189528 ], [ 89.589981796533792, 26.038896742727339 ], [ 89.589516118672435, 26.038632906043158 ], [ 89.589262808684921, 26.038410708396192 ], [ 89.589231007045043, 26.038344834198565 ], [ 89.58854851660324, 26.037513743365221 ], [ 89.588042485316365, 26.036615513022813 ], [ 89.587816984954571, 26.035682203500841 ], [ 89.587472772446276, 26.034670249331398 ], [ 89.586410466466546, 26.032027064833073 ], [ 89.586194244094941, 26.031286988206308 ], [ 89.586167585196606, 26.031195740776027 ], [ 89.586121530921702, 26.030301201313549 ], [ 89.586225701532371, 26.029749228454875 ], [ 89.586478588448202, 26.028858641841239 ], [ 89.586619475510503, 26.027751835762299 ], [ 89.586734540496337, 26.026973791733436 ], [ 89.5867135936398, 26.026019111498215 ], [ 89.586498451624394, 26.025246981096423 ], [ 89.586281202330255, 26.024836927152712 ], [ 89.585970200534945, 26.024657540612864 ], [ 89.584940025958048, 26.024377525798165 ], [ 89.583909856660384, 26.02409750323212 ], [ 89.582785857975963, 26.024057915454954 ], [ 89.582054837823264, 26.023862066361556 ], [ 89.581999137872103, 26.023771392902557 ], [ 89.581998797331636, 26.023729387939895 ], [ 89.582263300361575, 26.021054377680365 ], [ 89.582650226263539, 26.019750640408727 ], [ 89.583071596609187, 26.017271892782166 ], [ 89.583160782145043, 26.014632547697659 ], [ 89.583132382137023, 26.013335665601215 ], [ 89.582993279983583, 26.011810058763988 ], [ 89.58286254452284, 26.010666324420335 ], [ 89.582785682827563, 26.009569379882169 ], [ 89.58280193610625, 26.00789773527173 ], [ 89.583032961993766, 26.007406218648921 ], [ 89.583458355661847, 26.006501165281758 ], [ 89.583628780198623, 26.00606440255725 ], [ 89.583908691132024, 26.005347042022024 ], [ 89.584142184705797, 26.004787705732998 ], [ 89.58451121661335, 26.003903678847855 ], [ 89.584443981752273, 26.00334561139033 ], [ 89.584356817673452, 26.002622110049888 ], [ 89.584252886358371, 26.001759415493613 ], [ 89.584277336448167, 26.001085994731312 ], [ 89.584285850346006, 26.000851519160449 ], [ 89.585019804317184, 26.000179639530138 ], [ 89.586323980417546, 25.999721597736688 ], [ 89.587326911055968, 25.998994219777764 ], [ 89.587575435278481, 25.998567375312039 ], [ 89.589171934125289, 25.996189343405661 ], [ 89.590010296204056, 25.993939489152226 ], [ 89.590046033686264, 25.992678172431674 ], [ 89.589515110099811, 25.991598917990508 ], [ 89.589312289304416, 25.991042655316203 ], [ 89.588805916556197, 25.990307368149789 ], [ 89.587636184263729, 25.989637140976818 ], [ 89.587810473779143, 25.988379905335503 ], [ 89.588066707229956, 25.986531524996757 ], [ 89.588500626504995, 25.984788518736 ], [ 89.588977215181004, 25.98287406094358 ], [ 89.589239293538625, 25.979765425527795 ], [ 89.588693203454639, 25.978376954887402 ], [ 89.58785211451746, 25.978131067939906 ], [ 89.585881655984679, 25.978933366673889 ], [ 89.584796956854859, 25.97905926086208 ], [ 89.583682507576796, 25.978770872542043 ], [ 89.582690049648264, 25.978187595081554 ], [ 89.582014068962934, 25.97834588386133 ], [ 89.58088487234059, 25.979559869383671 ], [ 89.580402786794366, 25.980165387400156 ], [ 89.58010766827752, 25.980260190421298 ], [ 89.57961059125212, 25.980179521044018 ], [ 89.57930830676672, 25.979946146829789 ], [ 89.579003418315267, 25.979593435243352 ], [ 89.578623399450109, 25.978824221603404 ], [ 89.578473789011611, 25.978021053851414 ], [ 89.578454256310593, 25.977126028390956 ], [ 89.578523639011081, 25.976852344845934 ], [ 89.57877091641663, 25.976601414149386 ], [ 89.578976952677237, 25.976358974818361 ], [ 89.579104716338335, 25.976285832916389 ], [ 89.579407435517268, 25.97611253150583 ], [ 89.579958565665677, 25.975947502673652 ], [ 89.580325898611221, 25.975833504509197 ], [ 89.580734760117409, 25.975733324979519 ], [ 89.580746301650677, 25.975730497499615 ], [ 89.581298731217657, 25.975625132075066 ], [ 89.581409442255108, 25.975598566925104 ], [ 89.581889985909214, 25.975483257138642 ], [ 89.582176865213668, 25.975391094386978 ], [ 89.582859544942394, 25.974772938377903 ], [ 89.583243101251668, 25.974193049834611 ], [ 89.583428774491239, 25.973019781358357 ], [ 89.583332342669138, 25.972233577384536 ], [ 89.582822632081857, 25.970666824972952 ], [ 89.582373045537608, 25.969433269263934 ], [ 89.581652654520269, 25.967894148778093 ], [ 89.580764655493596, 25.967145942257208 ], [ 89.580250646932384, 25.967039477636611 ], [ 89.579697196448024, 25.966747140510403 ], [ 89.578705762058604, 25.966705125163131 ], [ 89.576989531703106, 25.966735707745485 ], [ 89.575677153808215, 25.967117230479786 ], [ 89.574183629827402, 25.968277957385837 ], [ 89.573809659425393, 25.969299370966127 ], [ 89.573778251962992, 25.969653542122312 ], [ 89.573703624908191, 25.970495092985125 ], [ 89.573741308344168, 25.972225482595185 ], [ 89.574110360686419, 25.974009666453775 ], [ 89.574135057181408, 25.975143368819484 ], [ 89.574025126570504, 25.976160083703338 ], [ 89.573780565414836, 25.977059811981515 ], [ 89.573077791694672, 25.978146767540174 ], [ 89.572623478565745, 25.978513000504265 ], [ 89.572164711331141, 25.978812310013982 ], [ 89.571588087796712, 25.978744477979475 ], [ 89.571322419930155, 25.978713224909566 ], [ 89.570533078936293, 25.978385941356748 ], [ 89.570356102464459, 25.978312560389956 ], [ 89.569948326642873, 25.977782581846888 ], [ 89.569916728886753, 25.977734294157884 ], [ 89.569504302880404, 25.977104015419243 ], [ 89.569391259901977, 25.976657689697376 ], [ 89.569239273481344, 25.975659456077636 ], [ 89.569208136728975, 25.974227405295455 ], [ 89.568859103280531, 25.972753246848775 ], [ 89.567877403249838, 25.971338073542622 ], [ 89.567069599937099, 25.970782979581312 ], [ 89.566590277107082, 25.970453600211552 ], [ 89.564880697844686, 25.969576606346727 ], [ 89.563797597389282, 25.968354211924321 ], [ 89.563411375237067, 25.967596998574777 ], [ 89.56338963643671, 25.966594557445145 ], [ 89.563379285023544, 25.966117204127865 ], [ 89.563711668242192, 25.964392182716487 ], [ 89.563215709037522, 25.963445897679716 ], [ 89.562897522059927, 25.96327387140013 ], [ 89.56269796661995, 25.963165982352173 ], [ 89.562206164388087, 25.963046933080879 ], [ 89.55860300996234, 25.963732377477914 ], [ 89.556468876980603, 25.964138317990564 ], [ 89.55373735395581, 25.964855113813353 ], [ 89.550902239737624, 25.965669193769749 ], [ 89.548898635063352, 25.966928315227541 ], [ 89.54840039633396, 25.96724141422008 ], [ 89.54611691958273, 25.969144029370483 ], [ 89.545065237385671, 25.970260377151899 ], [ 89.544679154047429, 25.970959389322505 ], [ 89.544128711792851, 25.972998619530408 ], [ 89.544102475161395, 25.973105094807302 ], [ 89.544115516461474, 25.973710864533459 ], [ 89.544813404737951, 25.976678439213636 ], [ 89.54535617879516, 25.978720207918755 ], [ 89.545433885609398, 25.978871367235712 ], [ 89.545787116495134, 25.979939613893844 ], [ 89.546306042949098, 25.981034788846763 ], [ 89.546922876819863, 25.98215181747236 ], [ 89.546788715298788, 25.982226363461553 ], [ 89.546721663076084, 25.982263620117521 ], [ 89.54456754446089, 25.982826836026437 ], [ 89.543150770079791, 25.983281546321376 ], [ 89.542484712767049, 25.984248339358473 ], [ 89.542095058323937, 25.985783319778083 ], [ 89.541774650666, 25.988081146348829 ], [ 89.542368605110269, 25.991126960479306 ], [ 89.543360483959688, 25.9930196723334 ], [ 89.546732431913426, 25.995013726478341 ], [ 89.549347458881698, 25.9962092309692 ], [ 89.551690172455565, 25.99702746246594 ], [ 89.551740414463936, 25.997016801294791 ], [ 89.55209946398422, 25.997117797549684 ], [ 89.552928695228943, 25.997320289953311 ], [ 89.553168381646515, 25.997954930453329 ], [ 89.55310252718796, 25.998664919565204 ], [ 89.552944141765622, 25.999206525105066 ], [ 89.551602932020643, 25.999388197103343 ], [ 89.549695838146562, 25.999780004386835 ], [ 89.548119051799844, 25.999920522412772 ], [ 89.547908406562769, 26.000044723290863 ], [ 89.547039518575716, 26.000919607057732 ], [ 89.546303573526075, 26.002078666649314 ], [ 89.545629769705499, 26.00317932498692 ], [ 89.544063548817036, 26.004066473370866 ], [ 89.542928696274458, 26.004372970315217 ], [ 89.541904578194092, 26.0039325491597 ], [ 89.541686033102522, 26.002618383719319 ], [ 89.542047863662376, 26.001752448735349 ], [ 89.542075857032131, 26.001050785932645 ], [ 89.542089044836644, 26.00072023924201 ], [ 89.541644091504608, 26.000670759915838 ], [ 89.540381251675882, 26.000922180499281 ], [ 89.538318989147783, 26.002333729712745 ], [ 89.537438731175655, 26.002930265313669 ], [ 89.537149681502996, 26.003045104257744 ], [ 89.537028840077127, 26.003092085760738 ], [ 89.535380936982037, 26.003732762481508 ], [ 89.534404556875145, 26.004406507580214 ], [ 89.532437675585399, 26.005097607179888 ], [ 89.532037101595918, 26.005213895250499 ], [ 89.529926665075692, 26.005826544641078 ], [ 89.528649955913679, 26.005301508156098 ], [ 89.527759770928441, 26.005255115272416 ], [ 89.526705797519, 26.005392932521659 ], [ 89.526050576135816, 26.005643158556481 ], [ 89.524346474298795, 26.006269865021221 ], [ 89.522446801359564, 26.007019351276256 ], [ 89.520337527288916, 26.007235233020111 ], [ 89.519280021460176, 26.007253672864103 ], [ 89.518367062705707, 26.009209901582548 ], [ 89.517302328204153, 26.009019005438148 ], [ 89.515807947037288, 26.008726884298547 ], [ 89.515629840551256, 26.008692307926712 ], [ 89.515643853416535, 26.010824709159767 ], [ 89.515690552702878, 26.010814320270597 ], [ 89.515866614429299, 26.010771682648524 ], [ 89.516625549128179, 26.010814514654104 ], [ 89.517498696999326, 26.012536634285386 ], [ 89.517698205127942, 26.015222676884893 ], [ 89.519665201747628, 26.019828985324533 ], [ 89.521873980739798, 26.022677727834985 ], [ 89.52228180672779, 26.023135486338983 ], [ 89.522292985256911, 26.02388597532083 ], [ 89.522073774808845, 26.024951249262063 ], [ 89.521534893910669, 26.025972716198254 ], [ 89.521222832119051, 26.026332713281473 ], [ 89.521709853243706, 26.0266162681515 ], [ 89.521901619213637, 26.027005600068215 ], [ 89.521932233140816, 26.027403107973107 ], [ 89.52191224865723, 26.027753853184901 ], [ 89.521779732470847, 26.028211678754968 ], [ 89.521712065980438, 26.028465682756007 ], [ 89.521510298002809, 26.028476232865088 ], [ 89.520265759463598, 26.02850463211249 ], [ 89.519675578958427, 26.028607539264527 ], [ 89.519509892697343, 26.028801960485275 ], [ 89.519502890323366, 26.028810172134243 ], [ 89.51901783198393, 26.030482613990621 ], [ 89.518650889509786, 26.030975985352605 ], [ 89.517706027676397, 26.032241727568465 ], [ 89.517460482047653, 26.032194393987229 ], [ 89.517276675945453, 26.032158959108102 ], [ 89.517178355221375, 26.031912502979413 ], [ 89.51726173575382, 26.031556681067983 ], [ 89.517308421592034, 26.031310260259779 ], [ 89.517264600919248, 26.031118427459337 ], [ 89.517161209858088, 26.030953873287441 ], [ 89.516833546620134, 26.030706831440654 ], [ 89.516480918708893, 26.030601004920115 ], [ 89.516467391059976, 26.030596946815166 ], [ 89.515949344261202, 26.030596979098561 ], [ 89.515451799138958, 26.030707088965144 ], [ 89.515036242923898, 26.030872261415897 ], [ 89.514208564726033, 26.03159578313921 ], [ 89.513273317085577, 26.03241283313535 ], [ 89.512128804692551, 26.033051320068719 ], [ 89.512018955459695, 26.032983305030619 ], [ 89.510801745032921, 26.032229143931463 ], [ 89.510237030405079, 26.032033800119034 ], [ 89.509708820363514, 26.032041031468534 ], [ 89.509210386336747, 26.031693285213493 ], [ 89.509052142441945, 26.031695664642832 ], [ 89.508658418938182, 26.03200648926779 ], [ 89.50864439126569, 26.03217929424067 ], [ 89.508637795832342, 26.032260645233762 ], [ 89.508825120760036, 26.032880414649373 ], [ 89.507328011334579, 26.034317611204958 ], [ 89.505332948347586, 26.035831862548793 ], [ 89.50472512617867, 26.036062896773942 ], [ 89.502802810705006, 26.036796346474222 ], [ 89.498982448988286, 26.037361525549123 ], [ 89.498352404903088, 26.037433572926233 ], [ 89.49783010212218, 26.037606761312617 ], [ 89.495970555984655, 26.038220999690154 ], [ 89.495225099721637, 26.038237717678832 ], [ 89.494295366697855, 26.038550914863933 ], [ 89.49429867183656, 26.038602429282005 ], [ 89.494017567657536, 26.038695435702131 ], [ 89.494176904257898, 26.039726471750996 ], [ 89.494931585527553, 26.042266446989878 ], [ 89.495411427602633, 26.045235121000623 ], [ 89.495709658357995, 26.046420394332092 ], [ 89.495773395498915, 26.046652851986362 ], [ 89.496241477396126, 26.048359989566617 ], [ 89.496478625315603, 26.050263729614549 ], [ 89.496211455741147, 26.051814822490496 ], [ 89.49622740855726, 26.052018515567028 ], [ 89.496030423697817, 26.052113938712854 ], [ 89.495709016808789, 26.051961466759202 ], [ 89.495416457260632, 26.051718476810422 ], [ 89.495246809991002, 26.051698333179342 ], [ 89.495124132393371, 26.051744022437038 ], [ 89.495030089321702, 26.051878088105546 ], [ 89.495052530698445, 26.052123965294204 ], [ 89.49509198813422, 26.052326015019798 ], [ 89.495101429844013, 26.052340368613773 ], [ 89.495053536525816, 26.052399909043995 ], [ 89.495060391419941, 26.052654886123609 ], [ 89.495088469367872, 26.052862774662248 ], [ 89.495281072633389, 26.053162957845565 ], [ 89.495558159215122, 26.053191692229493 ], [ 89.495566477155435, 26.053192283001167 ], [ 89.496127637296695, 26.0531909781749 ], [ 89.496253030025741, 26.053272006332637 ], [ 89.4962733711873, 26.053285142532118 ], [ 89.49635022740128, 26.053447847871745 ], [ 89.496320524208457, 26.053551097375106 ], [ 89.496222297716955, 26.053870323136668 ], [ 89.496565970953995, 26.054356219015482 ], [ 89.496651989154103, 26.054644645565229 ], [ 89.496764204647903, 26.055020116686343 ], [ 89.496543064311481, 26.055152069244016 ], [ 89.496211303962767, 26.055336592919552 ], [ 89.495924295364091, 26.055590015554142 ], [ 89.495811448231692, 26.055725303129634 ], [ 89.495716107183767, 26.055839469290213 ], [ 89.495715492848362, 26.056128895469552 ], [ 89.49585663285643, 26.05631640762401 ], [ 89.496132279800676, 26.056474156057465 ], [ 89.496335465237408, 26.056852808962962 ], [ 89.496839590260763, 26.058422636975838 ], [ 89.496898298744611, 26.058604269599108 ], [ 89.496850338633408, 26.058875123813831 ], [ 89.496513870739378, 26.059133943898647 ], [ 89.495977979218267, 26.05957124722854 ], [ 89.495205689852099, 26.060309544218956 ], [ 89.494650304297238, 26.060621790256846 ], [ 89.494289043299005, 26.060879939581937 ], [ 89.494256049311062, 26.060903474528139 ], [ 89.494153856224656, 26.061201155964103 ], [ 89.494133763692986, 26.061474082750916 ], [ 89.494126695549184, 26.061570751688077 ], [ 89.493999998260605, 26.06184490196615 ], [ 89.493485967499311, 26.062189966093349 ], [ 89.493466223234606, 26.062203185240662 ], [ 89.493312775308169, 26.062477818033724 ], [ 89.49329406438801, 26.062742946305075 ], [ 89.493293608430179, 26.062749440090773 ], [ 89.493190662312145, 26.06307254880921 ], [ 89.492872855714879, 26.063288887288383 ], [ 89.492853031956656, 26.06330237486252 ], [ 89.492679920031293, 26.06347927127149 ], [ 89.492651586143836, 26.06390158664572 ], [ 89.492878837132224, 26.065368164697404 ], [ 89.493058755360238, 26.06548890098281 ], [ 89.493380360274585, 26.06548047471945 ], [ 89.493833769227649, 26.065492915668511 ], [ 89.494244075155351, 26.065755912687226 ], [ 89.494161151781398, 26.066234379907804 ], [ 89.493943448280774, 26.066743685297613 ], [ 89.493923661362814, 26.067071740007229 ], [ 89.494171067587786, 26.067391047114992 ], [ 89.494562248809444, 26.067528111771178 ], [ 89.494932374584835, 26.067564600543555 ], [ 89.495346315156368, 26.067750012451391 ], [ 89.49535531864673, 26.067995366023631 ], [ 89.495356464213472, 26.068026536632647 ], [ 89.495196063436538, 26.068190590137796 ], [ 89.495074145266315, 26.06831586575338 ], [ 89.49503363388088, 26.068570826726138 ], [ 89.495330878987161, 26.068963421884387 ], [ 89.495319787216545, 26.069192935783189 ], [ 89.495218916241242, 26.069457995035417 ], [ 89.495201032390298, 26.069505934672716 ], [ 89.49487817639131, 26.069703518779324 ], [ 89.49466640316497, 26.069755997098817 ], [ 89.494612536233959, 26.069769361599032 ], [ 89.494530641119653, 26.069877951583866 ], [ 89.49452690176453, 26.070061534577672 ], [ 89.494788126735855, 26.07028501289075 ], [ 89.495745131933674, 26.070715237621233 ], [ 89.49462818958402, 26.07210483236722 ], [ 89.494538256877021, 26.072216618003839 ], [ 89.49451735210161, 26.072665857303189 ], [ 89.494364859574702, 26.073253508151215 ], [ 89.494241146613334, 26.073994111760666 ], [ 89.494056622953252, 26.074215743516497 ], [ 89.493791858574454, 26.074442906359106 ], [ 89.49361045469216, 26.074925229928336 ], [ 89.493600371206568, 26.076434215853382 ], [ 89.493606334274304, 26.077053344807954 ], [ 89.493769564690837, 26.077329197846836 ], [ 89.49401262016589, 26.077524190891289 ], [ 89.494014678703593, 26.077782005454768 ], [ 89.494016804870711, 26.078090892884628 ], [ 89.494072308556923, 26.078397265386055 ], [ 89.494288888780645, 26.078671735738684 ], [ 89.494639719960063, 26.078837450851374 ], [ 89.494640775326602, 26.079121155815105 ], [ 89.494641581876607, 26.079481141747703 ], [ 89.494749731884511, 26.079708351973999 ], [ 89.494996149254391, 26.079856347600302 ], [ 89.495498389609708, 26.07991905999793 ], [ 89.497956658998149, 26.080100736038133 ], [ 89.498683799509791, 26.080260118431884 ], [ 89.498736433430082, 26.080412847930901 ], [ 89.498728573504934, 26.080801842558262 ], [ 89.4985553105126, 26.0811227299486 ], [ 89.498493365852653, 26.081465686549574 ], [ 89.499011489341953, 26.082042016732672 ], [ 89.501308856199572, 26.083160356876725 ], [ 89.502649629907864, 26.084075915885077 ], [ 89.502643224667892, 26.084320034284904 ], [ 89.502583327705466, 26.084540230395959 ], [ 89.502630340335983, 26.08480841403339 ], [ 89.502814372230532, 26.084988195077958 ], [ 89.502913086594418, 26.085335124570719 ], [ 89.502803626143347, 26.085395191400231 ], [ 89.502586139347628, 26.08546105946834 ], [ 89.502451070385717, 26.085468361485518 ], [ 89.502283803885589, 26.085667313640602 ], [ 89.50209335459229, 26.085705640325209 ], [ 89.501603841626405, 26.085736905402307 ], [ 89.501332716578091, 26.085674890881116 ], [ 89.501200051325611, 26.085470186665201 ], [ 89.501179061734774, 26.085097787116922 ], [ 89.501017253355613, 26.084897127524126 ], [ 89.500274219770773, 26.084792378639349 ], [ 89.499996180697835, 26.084944283108442 ], [ 89.499855061965505, 26.085193030163172 ], [ 89.49952141803513, 26.085347898437195 ], [ 89.49921687615533, 26.085365209092092 ], [ 89.499103868632417, 26.085582651619809 ], [ 89.498934000066754, 26.085960177815767 ], [ 89.49871266033567, 26.085992382593265 ], [ 89.498572884898408, 26.086180459179563 ], [ 89.498478167043686, 26.087452046489105 ], [ 89.498565424361686, 26.08746500707494 ], [ 89.498670384690996, 26.087480460230065 ], [ 89.499037546676021, 26.087656801965341 ], [ 89.499125359270948, 26.087636869290531 ], [ 89.498904823960245, 26.08915106547455 ], [ 89.498826769018095, 26.089186268000763 ], [ 89.497638774738888, 26.089705196854357 ], [ 89.49632895096056, 26.089790757765378 ], [ 89.496303195816267, 26.089895597694532 ], [ 89.496234549819334, 26.090174100528305 ], [ 89.496168534406522, 26.090170906257285 ], [ 89.495597230895001, 26.090144642722269 ], [ 89.495582709333888, 26.09025155416694 ], [ 89.495495761172648, 26.090884439214417 ], [ 89.495423554869774, 26.090870361784692 ], [ 89.494948087272547, 26.090778028664808 ], [ 89.494943073034165, 26.090886049813282 ], [ 89.494897620730782, 26.091843861624547 ], [ 89.495784717388631, 26.091995243474116 ], [ 89.495803850234637, 26.09229011583572 ], [ 89.495727062737643, 26.092306122432035 ], [ 89.495231923337514, 26.092408809481661 ], [ 89.495237714071507, 26.092465455970835 ], [ 89.495401888019558, 26.093903790829167 ], [ 89.496264157901024, 26.094101996836955 ], [ 89.496379943967355, 26.094701789468754 ], [ 89.497256379211606, 26.09457149842024 ], [ 89.497213912618633, 26.095266963186017 ], [ 89.497736094070802, 26.095255445327563 ], [ 89.49772988873606, 26.095534169991151 ], [ 89.498418003258408, 26.095852669196638 ], [ 89.498804132642249, 26.095479718119744 ], [ 89.499408502248798, 26.0956578602581 ], [ 89.4994250791772, 26.09610572378757 ], [ 89.50029173340144, 26.09619023324402 ], [ 89.500302782325321, 26.096785589320376 ], [ 89.500823049038104, 26.096796360894295 ], [ 89.500870971581278, 26.097110480407199 ], [ 89.501561140465711, 26.097227642534612 ], [ 89.502026241447666, 26.09717750808138 ], [ 89.502203607425741, 26.097082249591608 ], [ 89.502535408422943, 26.09674882401233 ], [ 89.502862058998289, 26.096558575733354 ], [ 89.503065959671773, 26.096546235827997 ], [ 89.503135807130334, 26.097026810779465 ], [ 89.504349086731338, 26.096950307019604 ], [ 89.504267620378968, 26.097081099895597 ], [ 89.503089782560266, 26.098955021446301 ], [ 89.501457414575341, 26.09985239773297 ], [ 89.500678462854708, 26.099995811635949 ], [ 89.50078717860103, 26.1033583972123 ], [ 89.503928996792098, 26.103648544016135 ], [ 89.5044476803603, 26.103543027996299 ], [ 89.505519653969927, 26.103321570371698 ], [ 89.505945834191692, 26.101519755952971 ], [ 89.507318440213027, 26.101131578351684 ], [ 89.508307553121583, 26.10130880112338 ], [ 89.508259732347369, 26.102006475440689 ], [ 89.508246791396147, 26.102313709652083 ], [ 89.508834706212312, 26.102644980577193 ], [ 89.50808765703313, 26.105997427001984 ], [ 89.509150107615056, 26.106412456483611 ], [ 89.509894595922589, 26.107053722971603 ], [ 89.509609202466265, 26.107444475424291 ], [ 89.508980488116094, 26.107889723534136 ], [ 89.505836408953456, 26.108327141641595 ], [ 89.505612874325649, 26.109426814144577 ], [ 89.505924725148589, 26.112667304515835 ], [ 89.507307883011251, 26.113698927868146 ], [ 89.507323761654604, 26.11439833846255 ], [ 89.507351536260813, 26.116135932872972 ], [ 89.508547827247227, 26.116426119959602 ], [ 89.508527004728236, 26.115622583510543 ], [ 89.510363275938332, 26.11536109553375 ], [ 89.511238363922701, 26.116014298739159 ], [ 89.516115317852041, 26.117262516366608 ], [ 89.517234373143609, 26.117931193716846 ], [ 89.518074337647661, 26.118433263790347 ], [ 89.518202108752206, 26.119555626163201 ], [ 89.518177813031613, 26.120232646720265 ], [ 89.516863624694281, 26.1220138795838 ], [ 89.516715392030719, 26.122215639125027 ], [ 89.516643512035699, 26.122409261263691 ], [ 89.51662836261211, 26.122760433717445 ], [ 89.517398881060913, 26.124078497155654 ], [ 89.518001026713307, 26.125403275305445 ], [ 89.518280444247253, 26.125556690977252 ], [ 89.51853695114977, 26.125548787983 ], [ 89.519114416699168, 26.125509257490602 ], [ 89.519319037838514, 26.12559682006226 ], [ 89.519337423495244, 26.12582874309096 ], [ 89.518942795638679, 26.126048444444876 ], [ 89.517531415246395, 26.126862897401402 ], [ 89.517326115475257, 26.126896542781108 ], [ 89.51708026964701, 26.126888986506838 ], [ 89.516971863232783, 26.126836013789678 ], [ 89.516837330562566, 26.126770264206648 ], [ 89.516585761119018, 26.126561207048528 ], [ 89.516503618739605, 26.126219988124969 ], [ 89.516450076609402, 26.125969108444249 ], [ 89.516324558847472, 26.125864528824334 ], [ 89.51606791840068, 26.12577204441628 ], [ 89.515646751963686, 26.125694191638331 ], [ 89.514721123101054, 26.125797664496087 ], [ 89.512693797664582, 26.126104766910263 ], [ 89.512588714923254, 26.126294606050273 ], [ 89.512699094835156, 26.127121262277083 ], [ 89.512928002676389, 26.129373949948398 ], [ 89.512805333673185, 26.129702282375217 ], [ 89.512783878557286, 26.129759440589439 ], [ 89.512728570105025, 26.129906654081893 ], [ 89.512372915381917, 26.130848749200137 ], [ 89.512225563930741, 26.132297269177943 ], [ 89.512482379785354, 26.132793570926392 ], [ 89.512501977331709, 26.132831451653921 ], [ 89.512853143460291, 26.132906139721449 ], [ 89.513916557744068, 26.133011667709241 ], [ 89.513950548878142, 26.133015041471079 ], [ 89.514075603675053, 26.133214284440005 ], [ 89.514068853962016, 26.133601289204016 ], [ 89.514082124664455, 26.133914054979893 ], [ 89.514082320359464, 26.133918709024513 ], [ 89.514543969554325, 26.134164921615799 ], [ 89.514632084134107, 26.134211894286466 ], [ 89.514788160837313, 26.13456765882167 ], [ 89.515192439286849, 26.134949652924391 ], [ 89.515510304395733, 26.135133592050352 ], [ 89.515886005794485, 26.135350873822528 ], [ 89.515878342330083, 26.135533965145409 ], [ 89.515414070349863, 26.135934603099887 ], [ 89.515408635827882, 26.13616190810286 ], [ 89.515374937975778, 26.136526159169524 ], [ 89.515054517485964, 26.136943156011139 ], [ 89.514876556323529, 26.137195486304446 ], [ 89.514487222975461, 26.137543712682124 ], [ 89.514305933898896, 26.137860304099338 ], [ 89.514147273691549, 26.138241240810473 ], [ 89.514032235418767, 26.13855500663038 ], [ 89.513819878444494, 26.138694939943367 ], [ 89.513607116987657, 26.138812753261526 ], [ 89.513204021901856, 26.139181077591658 ], [ 89.512895874205512, 26.139279779801647 ], [ 89.512611965543414, 26.139310939901542 ], [ 89.512304606105658, 26.139342756772745 ], [ 89.512185118002677, 26.139479914190279 ], [ 89.511710556251856, 26.139672487993622 ], [ 89.511544326499816, 26.139744310016759 ], [ 89.510952077895993, 26.13991797777318 ], [ 89.510539919389856, 26.14046514980576 ], [ 89.510532120348543, 26.140755380622412 ], [ 89.51135198698195, 26.140909451445872 ], [ 89.511746835251174, 26.141120971286686 ], [ 89.512019756480925, 26.141448045907527 ], [ 89.512416583577149, 26.141615227829412 ], [ 89.512843985759787, 26.141602585808549 ], [ 89.51390067088758, 26.141592509695499 ], [ 89.513937753304319, 26.141592164566557 ], [ 89.516836896088108, 26.141097683989386 ], [ 89.517050274446206, 26.141060741852968 ], [ 89.517189818887758, 26.141036540250074 ], [ 89.517160182248887, 26.141243281162833 ], [ 89.517226913828537, 26.14146575246945 ], [ 89.517448107456133, 26.141540109850137 ], [ 89.5177476903322, 26.141611308446134 ], [ 89.517828978932201, 26.141790651226678 ], [ 89.517781587817566, 26.142453518060037 ], [ 89.517733261975778, 26.142866832012029 ], [ 89.517737766052576, 26.143049689619591 ], [ 89.517894311346467, 26.143204773742756 ], [ 89.518060437820466, 26.14340690620325 ], [ 89.518061449546167, 26.143680695142088 ], [ 89.517986882354052, 26.144162977906817 ], [ 89.517868138432945, 26.144926534988411 ], [ 89.517827122965173, 26.145271167871201 ], [ 89.517812431593086, 26.145409705215503 ], [ 89.517812165093346, 26.145409819972762 ], [ 89.517694481638443, 26.145460891768401 ], [ 89.51746545461846, 26.145474071753245 ], [ 89.517306222976799, 26.145366690802607 ], [ 89.517241567331681, 26.145162445967717 ], [ 89.516967517117251, 26.143597192352772 ], [ 89.516604823478829, 26.143109794836356 ], [ 89.516209766191494, 26.142828078281561 ], [ 89.51435779807106, 26.142522870252989 ], [ 89.514140892902731, 26.142574010382528 ], [ 89.514138031202449, 26.142576055631544 ], [ 89.513944324395922, 26.142714394976618 ], [ 89.513933381642218, 26.142984473059091 ], [ 89.514136795411801, 26.143271587643859 ], [ 89.514275961510222, 26.143380606115528 ], [ 89.514461324340772, 26.143533625239929 ], [ 89.514523320016636, 26.143780289154122 ], [ 89.514537425554764, 26.144028377817495 ], [ 89.514745580593726, 26.144226914183196 ], [ 89.514958254863146, 26.144312478775159 ], [ 89.516219512925105, 26.144507849029889 ], [ 89.51670413791517, 26.144997156101514 ], [ 89.516891938109822, 26.145667279213466 ], [ 89.516963270311237, 26.145979779568787 ], [ 89.517002247251469, 26.146209548417112 ], [ 89.516974976638963, 26.146225195965496 ], [ 89.516657165433287, 26.146325740949678 ], [ 89.516415193278945, 26.146312552796591 ], [ 89.515712795080987, 26.146266001596626 ], [ 89.515336016944445, 26.146285571021824 ], [ 89.515008234545761, 26.146211946688794 ], [ 89.515004686029371, 26.146022840844292 ], [ 89.514910199726131, 26.145699416367933 ], [ 89.514283474487328, 26.145501857667469 ], [ 89.513996301196414, 26.14539258849079 ], [ 89.513655401262383, 26.14539722059444 ], [ 89.513294990511753, 26.145312348069243 ], [ 89.513183561334031, 26.145134660337074 ], [ 89.513201276100943, 26.144820836832263 ], [ 89.51322138455356, 26.144439498416226 ], [ 89.513166116566239, 26.144104477377894 ], [ 89.512959152748266, 26.14392995678644 ], [ 89.512819922140324, 26.143843667728436 ], [ 89.512804792862184, 26.143664855610314 ], [ 89.512813375239475, 26.143485396823923 ], [ 89.513034592785729, 26.143345203386371 ], [ 89.51318690400484, 26.143139294296308 ], [ 89.513123126026926, 26.142961515481844 ], [ 89.513055439359391, 26.142873637575306 ], [ 89.512760789763519, 26.142936626129284 ], [ 89.512694926448773, 26.142950697517229 ], [ 89.511340383653106, 26.143904068305535 ], [ 89.510897792370784, 26.144184442767699 ], [ 89.510625762748361, 26.144208424746317 ], [ 89.510517832698866, 26.144218025301914 ], [ 89.510520497180195, 26.144264355841084 ], [ 89.510526751263086, 26.144373657015876 ], [ 89.51054937865598, 26.14477636809508 ], [ 89.510627143691806, 26.145330586597431 ], [ 89.51064216733468, 26.145439162673977 ], [ 89.51069216156246, 26.145804903773854 ], [ 89.511061808060461, 26.147299167426745 ], [ 89.51107176192707, 26.147340680831086 ], [ 89.511036219095374, 26.147399098956409 ], [ 89.510973680519129, 26.147552973598536 ], [ 89.510863041912856, 26.148114788558818 ], [ 89.510366959024495, 26.149054743756331 ], [ 89.509005928560427, 26.150974761297405 ], [ 89.50537176576141, 26.152706571600273 ], [ 89.50516145212076, 26.152777099808507 ], [ 89.503915454457612, 26.153193942040531 ], [ 89.503964105316783, 26.153226945206278 ], [ 89.504191529324956, 26.153408221020662 ], [ 89.504276516774496, 26.153702417458451 ], [ 89.504406129444135, 26.154155446696777 ], [ 89.504390276526934, 26.15466248447748 ], [ 89.50443177785327, 26.155028814593589 ], [ 89.504529243126584, 26.155138894363294 ], [ 89.505319137878772, 26.155258800913167 ], [ 89.506269197213001, 26.155677646025268 ], [ 89.506297311669982, 26.155690024285235 ], [ 89.506935285141523, 26.156091995044623 ], [ 89.50715736966994, 26.156309320560659 ], [ 89.507256744579621, 26.156464379330387 ], [ 89.507258716365172, 26.156716360621623 ], [ 89.506918288067865, 26.157514589296177 ], [ 89.506698582951657, 26.158445465350216 ], [ 89.506374588705171, 26.15915485092366 ], [ 89.506172693828759, 26.159582555331635 ], [ 89.50619375004743, 26.159999302924881 ], [ 89.506915909963055, 26.161100013874133 ], [ 89.507050578964794, 26.161305073385979 ], [ 89.507965664314014, 26.163096921507936 ], [ 89.50802949267198, 26.163211403578469 ], [ 89.508068198143562, 26.163280820986884 ], [ 89.508072420305368, 26.163288393716616 ], [ 89.50807739217511, 26.163297307029534 ], [ 89.508116654911547, 26.163367714604579 ], [ 89.508274215200757, 26.163470350880534 ], [ 89.508630184217523, 26.163463571743385 ], [ 89.508722870329692, 26.163461797082572 ], [ 89.50926507296316, 26.163451355295656 ], [ 89.509852741547746, 26.163461279618751 ], [ 89.509925470254998, 26.163462498201906 ], [ 89.510704616267631, 26.16374529921131 ], [ 89.511122708495066, 26.163896974510255 ], [ 89.51198196337441, 26.164689995756625 ], [ 89.512322526111134, 26.165362627147822 ], [ 89.512517109679649, 26.165746893376934 ], [ 89.513473757315481, 26.167635457373379 ], [ 89.514208489475436, 26.169342899107289 ], [ 89.514334366959261, 26.169634629898912 ], [ 89.514461591780929, 26.170060904643453 ], [ 89.514495318931722, 26.170092382145896 ], [ 89.514731875525243, 26.170313050154469 ], [ 89.51491265427974, 26.170494294560786 ], [ 89.515137681979184, 26.170830921587925 ], [ 89.515124463086806, 26.170899078555685 ], [ 89.514892395222375, 26.172094539206828 ], [ 89.51488867029731, 26.172535417709852 ], [ 89.51496169356065, 26.172635387457127 ], [ 89.515161857407719, 26.172909501629697 ], [ 89.515343324585956, 26.173212550274304 ], [ 89.51552508864313, 26.17347554272607 ], [ 89.515539737226376, 26.173569659920954 ], [ 89.515568092598571, 26.173752269683096 ], [ 89.515561334902614, 26.174315130919574 ], [ 89.515552262604785, 26.174406202975309 ], [ 89.515455321116477, 26.175370227715046 ], [ 89.515536345316278, 26.177690234290196 ], [ 89.515515775624522, 26.177729170129989 ], [ 89.514510561668743, 26.179626459258994 ], [ 89.514239079569606, 26.180136761956458 ], [ 89.514310492595072, 26.180609195927836 ], [ 89.514336744613686, 26.180783245128247 ], [ 89.514328419263407, 26.181112047163865 ], [ 89.514241562757192, 26.182073461069432 ], [ 89.513973184689149, 26.183853271441397 ], [ 89.513914129310194, 26.184241439348568 ], [ 89.513661535979253, 26.18502712942767 ], [ 89.513362849426031, 26.185952282025728 ], [ 89.512825405064973, 26.187916204007795 ], [ 89.5126737143556, 26.19017961833373 ], [ 89.512565668129639, 26.192635306289567 ], [ 89.512649459867944, 26.193400549792845 ], [ 89.512894283545023, 26.194102147954844 ], [ 89.51291253176997, 26.194154184303098 ], [ 89.512895842498324, 26.195210466742296 ], [ 89.513182069702083, 26.196385123995903 ], [ 89.513194787682863, 26.196436268779372 ], [ 89.513257469050032, 26.196688990829653 ], [ 89.51324138032102, 26.19678680195889 ], [ 89.513194800842697, 26.197009132444872 ], [ 89.513225035315017, 26.197222675137265 ], [ 89.513357303287549, 26.198145070621869 ], [ 89.513467131989827, 26.1988905798205 ], [ 89.513452522625911, 26.199227029185636 ], [ 89.513505014322575, 26.199292383910326 ], [ 89.513565316272718, 26.199367360003595 ], [ 89.513801351045984, 26.199404067758397 ], [ 89.514037117359706, 26.199441171464521 ], [ 89.514177441618784, 26.199637393117754 ], [ 89.514177195663109, 26.199735992996104 ], [ 89.514169140712966, 26.202137888258054 ], [ 89.51413769574755, 26.202863553531753 ], [ 89.51416678198504, 26.203035763887591 ], [ 89.514185953099499, 26.203149483592604 ], [ 89.514197673692848, 26.203219084914103 ], [ 89.514616882576348, 26.203056152153568 ], [ 89.514859003511077, 26.202963183569523 ], [ 89.515357785661564, 26.202774330453121 ], [ 89.515513026398395, 26.202716294287193 ], [ 89.517238770540587, 26.20262714437634 ], [ 89.521672126392673, 26.202748470596156 ], [ 89.525244376580687, 26.203359638132511 ], [ 89.526504620411814, 26.203741194284252 ], [ 89.526927748668257, 26.203861519582404 ], [ 89.52751574006696, 26.204020126776403 ], [ 89.52781664703673, 26.204095413498294 ], [ 89.527967512048633, 26.204131263034743 ], [ 89.531092680052069, 26.204828829239162 ], [ 89.532760084132519, 26.206339382537426 ], [ 89.534098824044008, 26.207765749617231 ], [ 89.534703639091788, 26.208562922557746 ], [ 89.535004560817612, 26.208765597172409 ], [ 89.535171601062657, 26.208661749741676 ], [ 89.535576630997568, 26.208070393497184 ], [ 89.535744525398215, 26.207501096148267 ], [ 89.536092500427358, 26.207153167021421 ], [ 89.53646997384206, 26.207033952133369 ], [ 89.537149429593256, 26.207117878666494 ], [ 89.538899178040481, 26.207473876603462 ], [ 89.540308948577874, 26.207751140484739 ], [ 89.540382845724579, 26.207770555628446 ], [ 89.540777757769902, 26.208022451690901 ], [ 89.541362444582603, 26.208400668966469 ], [ 89.542180247809995, 26.208873074879772 ], [ 89.542302944076454, 26.209469096863707 ], [ 89.542291200173651, 26.209519754064853 ], [ 89.542206978074177, 26.20987565527728 ], [ 89.54204358279317, 26.210315936559116 ], [ 89.542063573441439, 26.21067018208462 ], [ 89.542553884210875, 26.210845820310684 ], [ 89.542679714440567, 26.211257062977694 ], [ 89.542568891350257, 26.21166457477106 ], [ 89.542534464117381, 26.21182216956435 ], [ 89.542498598944718, 26.211995119996789 ], [ 89.542514194503866, 26.212298140836545 ], [ 89.542969971324609, 26.212420055649041 ], [ 89.543412828053434, 26.212539880225535 ], [ 89.543452257625304, 26.212543778372101 ], [ 89.544089505246134, 26.212613758127528 ], [ 89.544267460153804, 26.212519318662618 ], [ 89.544798646847624, 26.212236592414261 ], [ 89.545152456443546, 26.212141537480338 ], [ 89.545535091191795, 26.212163698055214 ], [ 89.546054126724499, 26.212353106337339 ], [ 89.546459331549755, 26.212572470202932 ], [ 89.5466623247152, 26.212226438444937 ], [ 89.546524627467278, 26.212048702002367 ], [ 89.546350556254609, 26.211814083831122 ], [ 89.546635949407374, 26.211714110211492 ], [ 89.547057399677016, 26.211745167078657 ], [ 89.547136913728266, 26.211751450859254 ], [ 89.547635822328601, 26.211731345269236 ], [ 89.547745232959045, 26.211684784116262 ], [ 89.547966626508398, 26.21159012337932 ], [ 89.548590081083063, 26.211325466479291 ], [ 89.549252570668173, 26.210904550683399 ], [ 89.549478740265414, 26.210709073221604 ], [ 89.549999127964227, 26.209946931478825 ], [ 89.55030698631596, 26.208914359405458 ], [ 89.550357950933787, 26.208108564209912 ], [ 89.550411790548225, 26.207112529443187 ], [ 89.550420777327233, 26.206942762754288 ], [ 89.550407086135479, 26.206578917186441 ], [ 89.550403552843903, 26.206485834830119 ], [ 89.55040321660708, 26.206476975511286 ], [ 89.55040052402174, 26.206405977377639 ], [ 89.550414162053613, 26.206419555805414 ], [ 89.551190714427776, 26.207192679096881 ], [ 89.551982077384679, 26.208265010187375 ], [ 89.55234060535166, 26.209019354483125 ], [ 89.552532628575193, 26.209711117376827 ], [ 89.552760974969388, 26.209961779373831 ], [ 89.553496572054883, 26.209989911105882 ], [ 89.553950347031034, 26.20975293206622 ], [ 89.554550171110193, 26.20983008506375 ], [ 89.555327330600036, 26.210411121511832 ], [ 89.55579120082372, 26.210550433866977 ], [ 89.556539698003263, 26.210336428080609 ], [ 89.557215080917999, 26.210396264653991 ], [ 89.557971791177025, 26.211338626064911 ], [ 89.558586978831016, 26.21126117289921 ], [ 89.559595214807615, 26.210906902261797 ], [ 89.560254275215058, 26.210546466558743 ], [ 89.560539427766159, 26.21022528429511 ], [ 89.560743837004864, 26.209883002643828 ], [ 89.56103542521312, 26.209776701299713 ], [ 89.561842362243894, 26.209915476736494 ], [ 89.562968262449431, 26.209847627422956 ], [ 89.564268842550518, 26.2090161457979 ], [ 89.565504289413056, 26.208773449887417 ], [ 89.565955959723013, 26.208716232691529 ], [ 89.566214870484444, 26.208683528057723 ], [ 89.566460411444794, 26.208652577749195 ], [ 89.566757848372546, 26.20861516938621 ], [ 89.566908326089134, 26.208638700336348 ], [ 89.570197529183929, 26.20753970783915 ], [ 89.572720514586038, 26.206200836064568 ], [ 89.572720919988029, 26.20620062035335 ], [ 89.572842159567912, 26.20631031543855 ], [ 89.573653681452228, 26.207047220258701 ], [ 89.574472712024075, 26.20800023748096 ], [ 89.575388816452332, 26.207129742819035 ], [ 89.57706609505334, 26.205970001775214 ], [ 89.577385686839534, 26.206007710028008 ], [ 89.577793597355011, 26.205917434556952 ], [ 89.577844064526133, 26.205907010926008 ], [ 89.577915193934189, 26.205892545730375 ], [ 89.577955145561035, 26.205890345624866 ], [ 89.578730139641053, 26.205475353268266 ], [ 89.579836337494783, 26.205226817767048 ], [ 89.580564857172462, 26.205372156845694 ], [ 89.582433731557586, 26.205997999067201 ], [ 89.58503093954053, 26.207461398618143 ], [ 89.586109341223107, 26.208313141192278 ], [ 89.586307569927428, 26.208298820316191 ], [ 89.587250902449128, 26.207393398847415 ], [ 89.588414046642725, 26.206304482104333 ], [ 89.589298252159068, 26.205794732341779 ], [ 89.589885617534208, 26.205646952585656 ], [ 89.5901009985012, 26.205881609375137 ], [ 89.591183076017927, 26.207015409435641 ], [ 89.592120320185728, 26.20750587141676 ], [ 89.593343970975482, 26.207483797257545 ], [ 89.596080966824871, 26.207076247916877 ], [ 89.597483880424974, 26.207677639639186 ], [ 89.599279026791237, 26.208063011348983 ], [ 89.601974229205339, 26.208241490501472 ], [ 89.602084691551411, 26.208269834319069 ], [ 89.602204124373102, 26.208300479149344 ], [ 89.602237891313152, 26.208309143410418 ], [ 89.602364988723224, 26.208341754596535 ], [ 89.602256396959305, 26.208506412407196 ], [ 89.601805760037394, 26.209901764863002 ], [ 89.601931769519169, 26.210806760820706 ], [ 89.603011915596724, 26.212522212805954 ], [ 89.604004598151676, 26.212612594122749 ], [ 89.605147120370106, 26.212563063249643 ], [ 89.606046699883578, 26.212546752360794 ], [ 89.606159979420639, 26.212878957147943 ], [ 89.606380157477531, 26.213256974524132 ], [ 89.606916774135399, 26.213581500536243 ], [ 89.606931674012301, 26.214249748160697 ], [ 89.606942317119049, 26.214727068622764 ], [ 89.606699635115149, 26.215420780065045 ], [ 89.606663125531171, 26.216451181550656 ], [ 89.607362771095751, 26.216963751519884 ], [ 89.609016898375074, 26.217968058759325 ], [ 89.609558871099736, 26.218531231265853 ], [ 89.610202424464077, 26.218901551175104 ], [ 89.611321189252067, 26.219215481338349 ], [ 89.612586980498378, 26.219001465631461 ], [ 89.613877454406733, 26.217896349668383 ], [ 89.614104552401841, 26.218209843964765 ], [ 89.616237318297379, 26.218887291940344 ], [ 89.619324645441225, 26.219685259686333 ], [ 89.619959217022625, 26.219663050471919 ], [ 89.619961181357226, 26.219662981263781 ], [ 89.621905622400774, 26.219594910516026 ], [ 89.622381098340924, 26.219593237139385 ], [ 89.622467126169298, 26.219592934768158 ], [ 89.622605529691512, 26.219654442119634 ], [ 89.624211645263671, 26.219780449070853 ], [ 89.625046724897203, 26.219836820147904 ], [ 89.625486521424634, 26.219972036368357 ], [ 89.626021654227216, 26.220911831726287 ], [ 89.626053277923631, 26.220967367981636 ], [ 89.626011179519992, 26.220965449285192 ], [ 89.626315697730305, 26.221532660008041 ], [ 89.627428361540851, 26.223338783672592 ], [ 89.62797814544993, 26.224832877092954 ], [ 89.629018157911261, 26.225171978576064 ], [ 89.629469255841258, 26.225808357874275 ], [ 89.629450509315419, 26.226739840429879 ], [ 89.629859508228662, 26.227269548255865 ], [ 89.631770139849479, 26.228112402523639 ], [ 89.632459194123498, 26.227986368707867 ], [ 89.633539379046425, 26.227788785089455 ], [ 89.633659671241986, 26.227853211697834 ], [ 89.633907884027735, 26.228047535294589 ], [ 89.634511898439285, 26.228728848482898 ], [ 89.63500467056754, 26.228793059672107 ], [ 89.63568013837957, 26.228826176207903 ], [ 89.638326551939457, 26.228065045222166 ] ] ] } },
{ "type": "Feature", "properties": { "BLOCK_NAME": "Haldibari", "SUBDIV_NAM": "Mekhliganj", "DIST_NAME": "Cooch Behar", "AREA_SQKM": 145.208 }, "geometry": { "type": "Polygon", "coordinates": [ [ [ 88.776767376027593, 26.398701639970639 ], [ 88.777393416722191, 26.3986514461646 ], [ 88.777959416503592, 26.398783978056947 ], [ 88.778324770150874, 26.398816669947244 ], [ 88.778481946183703, 26.398830673318152 ], [ 88.778961452544593, 26.398791396932204 ], [ 88.779020486738446, 26.398775867984501 ], [ 88.779417467053761, 26.398671436176038 ], [ 88.779654839661774, 26.398608965629933 ], [ 88.780594245994052, 26.398261650794591 ], [ 88.781144505200558, 26.398051874710667 ], [ 88.781199850993573, 26.398030788838529 ], [ 88.781459507051053, 26.39800839901271 ], [ 88.782050907667895, 26.397957043041075 ], [ 88.782637957871131, 26.397995340591063 ], [ 88.783135228585635, 26.397913513646614 ], [ 88.783345942445209, 26.397878758206041 ], [ 88.783440737175496, 26.397842921115817 ], [ 88.783831353614517, 26.396220128833615 ], [ 88.784671498372234, 26.39480651251003 ], [ 88.785205552633713, 26.394183066857003 ], [ 88.785373270704724, 26.393708086938283 ], [ 88.785554912705223, 26.393103963232154 ], [ 88.78555108870826, 26.392855440984679 ], [ 88.785549401439511, 26.392745784055275 ], [ 88.785705837975939, 26.392571873021861 ], [ 88.786103863120047, 26.392563049308723 ], [ 88.787185081216506, 26.392539072671521 ], [ 88.788289830840299, 26.392691600417137 ], [ 88.788386747837038, 26.392675160054662 ], [ 88.788657268502121, 26.392587858959089 ], [ 88.788790091557658, 26.392545114286392 ], [ 88.789019154348892, 26.392336504878376 ], [ 88.78914189605247, 26.392232456637469 ], [ 88.789357002712691, 26.391804451596158 ], [ 88.789400937640551, 26.391402103494396 ], [ 88.789329356733703, 26.390806935803038 ], [ 88.789136699771717, 26.389757652643098 ], [ 88.789181066293764, 26.389101692424486 ], [ 88.789667819737915, 26.387816969836802 ], [ 88.790964267554685, 26.385733679573288 ], [ 88.791898797332962, 26.384432289479296 ], [ 88.796804947460728, 26.379165436156782 ], [ 88.797229016614352, 26.378577444898074 ], [ 88.797509480175961, 26.378256443680762 ], [ 88.798246566161879, 26.377187364364342 ], [ 88.798472488759529, 26.376859678193277 ], [ 88.798783210719947, 26.37637811070406 ], [ 88.799372590721291, 26.376084105614712 ], [ 88.80007155893928, 26.376017996640858 ], [ 88.801534005464902, 26.375942277747161 ], [ 88.803232700347323, 26.376054632517103 ], [ 88.803893404257678, 26.376256478581354 ], [ 88.804175337486782, 26.376654161038509 ], [ 88.804161845826542, 26.377151098879146 ], [ 88.804231703395686, 26.377551454189426 ], [ 88.80474574254535, 26.377869783186583 ], [ 88.804921938715992, 26.378287903816918 ], [ 88.804970888272791, 26.378707628971565 ], [ 88.805163840559842, 26.378838940678758 ], [ 88.806395700141508, 26.378938036667758 ], [ 88.806910642927107, 26.379313665168414 ], [ 88.806935848101347, 26.379339219127292 ], [ 88.807076735231163, 26.379482058044911 ], [ 88.807320142469322, 26.379728836664849 ], [ 88.807768492336052, 26.379914238429553 ], [ 88.80829840380558, 26.379888437254127 ], [ 88.808327025181427, 26.379886089757221 ], [ 88.808573814960624, 26.379865850461023 ], [ 88.808781435829431, 26.379576630711149 ], [ 88.808768595710433, 26.379319403681233 ], [ 88.80876787030266, 26.379304874537706 ], [ 88.808935626344194, 26.378581147324947 ], [ 88.809395061606637, 26.378116785425199 ], [ 88.81006577861686, 26.377814108294253 ], [ 88.810066509481757, 26.377825249660628 ], [ 88.811661638490023, 26.37791615482044 ], [ 88.812582824794589, 26.378496790326317 ], [ 88.813363022188327, 26.379556866246563 ], [ 88.813487799533164, 26.379677831629788 ], [ 88.81366834623293, 26.379852862836028 ], [ 88.813966105112229, 26.38014152206415 ], [ 88.814394451291193, 26.380403581824687 ], [ 88.814670160293858, 26.3804000861637 ], [ 88.814857452390768, 26.380168434081316 ], [ 88.814852674997596, 26.379862792702948 ], [ 88.815191709761436, 26.379839386394305 ], [ 88.815596757720385, 26.379967993250734 ], [ 88.815830049311344, 26.379965033499353 ], [ 88.816018533467556, 26.379809791467164 ], [ 88.816260308632621, 26.379459632690114 ], [ 88.816288774468745, 26.379418406125058 ], [ 88.816747373018899, 26.378940754123267 ], [ 88.817251584062944, 26.378628650215781 ], [ 88.819177624848564, 26.378355799298497 ], [ 88.821106949465744, 26.37829305108799 ], [ 88.823402805048218, 26.378607734396468 ], [ 88.825126053803245, 26.378929682671338 ], [ 88.827042588544728, 26.379401994161711 ], [ 88.827920711697232, 26.37947861638456 ], [ 88.828863827409236, 26.378510941497012 ], [ 88.828876116491898, 26.378498582327484 ], [ 88.829350426067634, 26.37843074086911 ], [ 88.829656808657774, 26.378255553194229 ], [ 88.829666223480771, 26.378250190198404 ], [ 88.829812436697679, 26.378167093461915 ], [ 88.830314360062303, 26.377170423696036 ], [ 88.831482499937295, 26.375709915887345 ], [ 88.832762741213529, 26.374935279131069 ], [ 88.832989533906371, 26.374799222199862 ], [ 88.833504653663823, 26.374386661770895 ], [ 88.835198676553645, 26.371322472045545 ], [ 88.835977690304148, 26.369611407620297 ], [ 88.837295330977298, 26.366684038201925 ], [ 88.837511383642195, 26.365419564773948 ], [ 88.837497613522345, 26.364536852543782 ], [ 88.83748657520951, 26.363791295516798 ], [ 88.83746414731641, 26.362159262857592 ], [ 88.838541627860224, 26.35998019053395 ], [ 88.83931699710125, 26.359296938181533 ], [ 88.840019261679302, 26.358763178811348 ], [ 88.840254014395242, 26.357912827119428 ], [ 88.840431255642073, 26.357668064001686 ], [ 88.841122268469448, 26.357558835668854 ], [ 88.841846121284334, 26.357364328326611 ], [ 88.843906018385354, 26.357023885376361 ], [ 88.846047341923054, 26.356841412362364 ], [ 88.846650507405272, 26.35666214374811 ], [ 88.848025699458134, 26.354927537718854 ], [ 88.849704543735044, 26.351761879363064 ], [ 88.847005674458202, 26.347357394440539 ], [ 88.846964915047053, 26.347022591342327 ], [ 88.846903793834329, 26.346521321099164 ], [ 88.847186045509076, 26.346080950305108 ], [ 88.847801141224608, 26.345551822521035 ], [ 88.847844866833611, 26.345068359084355 ], [ 88.84755597199927, 26.344718024819084 ], [ 88.84774061068191, 26.34401543385863 ], [ 88.848689811743824, 26.343485068192546 ], [ 88.851119154102975, 26.343121140572364 ], [ 88.85178516758458, 26.342897684696094 ], [ 88.852303304057074, 26.341972678037127 ], [ 88.852548554609896, 26.341815264706288 ], [ 88.853063293740519, 26.341484845903985 ], [ 88.853777795086756, 26.341304209648051 ], [ 88.854302564291828, 26.341300397028913 ], [ 88.85549795545603, 26.341863046977544 ], [ 88.855641828761321, 26.342038020620226 ], [ 88.855316625105928, 26.343534809173494 ], [ 88.855556533441714, 26.34384131756492 ], [ 88.857176238955134, 26.344008592797689 ], [ 88.858462082074993, 26.344530564071679 ], [ 88.859078798047406, 26.344528196046252 ], [ 88.85950439001175, 26.344350887372126 ], [ 88.861189435343633, 26.341009540820089 ], [ 88.862365312118101, 26.340571339985026 ], [ 88.86302316178913, 26.340484687468539 ], [ 88.864148625723971, 26.340312179025123 ], [ 88.866393624125308, 26.339883347009597 ], [ 88.867092453678183, 26.339536892747777 ], [ 88.867603870265086, 26.339013928799755 ], [ 88.86799277379825, 26.338122990106676 ], [ 88.868676644345399, 26.336957934764293 ], [ 88.869450212942297, 26.336500599175583 ], [ 88.869933730937078, 26.336357606678146 ], [ 88.871817888707085, 26.336535297947449 ], [ 88.872585807665459, 26.336653806352668 ], [ 88.873311538886512, 26.336460439032756 ], [ 88.873947656573321, 26.335999610943237 ], [ 88.875403037127271, 26.335697015290098 ], [ 88.880813324626359, 26.334557384061927 ], [ 88.882383789624782, 26.334336197469767 ], [ 88.885606962707314, 26.333704289926839 ], [ 88.888349938898827, 26.333356029286385 ], [ 88.889291273812063, 26.333104410948295 ], [ 88.889530524998179, 26.332705893413486 ], [ 88.889823957969497, 26.331822130421973 ], [ 88.891389057365757, 26.327855654580542 ], [ 88.893174440679189, 26.320750931370135 ], [ 88.894432681145673, 26.319163630180061 ], [ 88.895844652869769, 26.317747960119583 ], [ 88.897701846077851, 26.316238026210584 ], [ 88.900335975791819, 26.314933866840363 ], [ 88.901654138741534, 26.314303070702181 ], [ 88.902098968111744, 26.313946417895565 ], [ 88.902580781769771, 26.313289972978506 ], [ 88.90295883548788, 26.312328566871845 ], [ 88.904317849478915, 26.309255018391717 ], [ 88.904824739609154, 26.308129736239781 ], [ 88.905946366276609, 26.306024906084588 ], [ 88.909620062885722, 26.300766687893297 ], [ 88.910415922949966, 26.29998999668782 ], [ 88.912403358010877, 26.298500335743423 ], [ 88.916439716536345, 26.29626873041682 ], [ 88.918181241856843, 26.295492230221139 ], [ 88.9197644715492, 26.294793021935241 ], [ 88.920221035673663, 26.294385817415435 ], [ 88.920594301262369, 26.293887156787321 ], [ 88.921417243057718, 26.29205990536358 ], [ 88.922512510203916, 26.289909384244851 ], [ 88.922959236803578, 26.288327107904262 ], [ 88.924220216423294, 26.285691538188708 ], [ 88.922651382484318, 26.286062912236737 ], [ 88.920597952506654, 26.286854653156997 ], [ 88.918805441091806, 26.287404051126906 ], [ 88.916856565505867, 26.287467503020849 ], [ 88.916316375847856, 26.287485085583725 ], [ 88.91207597066969, 26.287398369920087 ], [ 88.911334039138254, 26.287408256431011 ], [ 88.909585214589853, 26.287365392968411 ], [ 88.908345684915375, 26.287356879619168 ], [ 88.90745745449243, 26.287319828314171 ], [ 88.907165916533387, 26.28730766604372 ], [ 88.903902870633672, 26.287400885150962 ], [ 88.90247871863663, 26.287441547022024 ], [ 88.899386672129793, 26.287447234753184 ], [ 88.899339302266526, 26.287447321211346 ], [ 88.897307718672778, 26.287151787589465 ], [ 88.892913560600846, 26.286545594944528 ], [ 88.892567969861759, 26.286497913452219 ], [ 88.886161844220069, 26.286009093043226 ], [ 88.880711052665603, 26.285614935762286 ], [ 88.877153667204993, 26.285204257470678 ], [ 88.877087949187811, 26.285196670248993 ], [ 88.876147439837183, 26.284867193727727 ], [ 88.875609228321181, 26.284678646189072 ], [ 88.874198468312926, 26.283443235370864 ], [ 88.872372600497926, 26.281102674959712 ], [ 88.869812720977933, 26.277589454002719 ], [ 88.868578376811968, 26.274954534294075 ], [ 88.867249156823235, 26.271353578955093 ], [ 88.867269393627467, 26.270135288145475 ], [ 88.867680015102025, 26.268482025999081 ], [ 88.866926544969473, 26.266091596284578 ], [ 88.866353402317131, 26.262552436789495 ], [ 88.865852308439102, 26.259635951187864 ], [ 88.865696275334486, 26.25872776783844 ], [ 88.864894828203361, 26.254818988283933 ], [ 88.86548445781942, 26.251771028761574 ], [ 88.865994534286031, 26.250489343178781 ], [ 88.866277607934919, 26.250057796125986 ], [ 88.86666736514681, 26.249587013352144 ], [ 88.868008755051775, 26.248311642534848 ], [ 88.868084570765419, 26.248157142665747 ], [ 88.868343724130341, 26.247370185240435 ], [ 88.868583386735466, 26.246654664827332 ], [ 88.869013819010107, 26.246304151105182 ], [ 88.870563182724126, 26.246089819985979 ], [ 88.871148357322795, 26.245941655997143 ], [ 88.871893497248919, 26.245165987976936 ], [ 88.872848156790326, 26.244172194611 ], [ 88.87503740503189, 26.241965510606374 ], [ 88.875191953671845, 26.241813064916869 ], [ 88.876038518398758, 26.240978016586325 ], [ 88.877236568893593, 26.240721446764965 ], [ 88.877748756321964, 26.240611756198625 ], [ 88.878895360168897, 26.240768719393156 ], [ 88.879915795535268, 26.240984644241806 ], [ 88.88023352966961, 26.240980485572422 ], [ 88.880677434350872, 26.240917355581626 ], [ 88.881175656742258, 26.240280323573732 ], [ 88.881164583243574, 26.239592642614102 ], [ 88.880889178656275, 26.238277914553777 ], [ 88.880169892382042, 26.237026314404265 ], [ 88.87918169974607, 26.234861124427944 ], [ 88.87807290849041, 26.233098735019823 ], [ 88.877110564817656, 26.23253812159308 ], [ 88.875964043952109, 26.232381138578344 ], [ 88.873868986953312, 26.232523117026805 ], [ 88.871838383159513, 26.232721543484107 ], [ 88.870569365493154, 26.23285270901593 ], [ 88.868850046699833, 26.232645807129519 ], [ 88.867382155265105, 26.232263658610112 ], [ 88.865660102725172, 26.231884795155317 ], [ 88.864197714120635, 26.231846457587881 ], [ 88.863122975422243, 26.23220431397349 ], [ 88.862618234940456, 26.232394034107738 ], [ 88.861543538449624, 26.232797979377935 ], [ 88.86034443249919, 26.233329384595283 ], [ 88.858886581976435, 26.233577531951951 ], [ 88.857937073687992, 26.233819090946394 ], [ 88.856605620068777, 26.234193821809527 ], [ 88.855904122303357, 26.234323745103499 ], [ 88.854592958136635, 26.234304851488655 ], [ 88.854333372577798, 26.234258682774048 ], [ 88.853890295610597, 26.234179877815411 ], [ 88.853223159635306, 26.233928456241138 ], [ 88.852221201963474, 26.233368181420584 ], [ 88.851374708109148, 26.232590949130348 ], [ 88.850366533223053, 26.231636669026077 ], [ 88.849280079672525, 26.23075503878789 ], [ 88.848320713710507, 26.230373310300862 ], [ 88.846613017694963, 26.230395267362979 ], [ 88.845504422296329, 26.230624459656394 ], [ 88.844638063307087, 26.231101306460921 ], [ 88.844331340532221, 26.231251597438561 ], [ 88.843776133699791, 26.23152363877044 ], [ 88.843598912996484, 26.231704558503996 ], [ 88.843041486278167, 26.232628824846401 ], [ 88.842741841643345, 26.233779062389768 ], [ 88.842254268232153, 26.235103668008197 ], [ 88.841949191529451, 26.235910055470072 ], [ 88.840434933794711, 26.236617298085275 ], [ 88.839083871715587, 26.236852775627746 ], [ 88.838660158588368, 26.236926622567193 ], [ 88.836888076521561, 26.2374078499933 ], [ 88.836005598640753, 26.237806057768051 ], [ 88.835117253494261, 26.23820690519441 ], [ 88.835057831616439, 26.238233718087564 ], [ 88.83371774500857, 26.238818672505452 ], [ 88.833164012399934, 26.239060374170919 ], [ 88.831840299974502, 26.239765098732757 ], [ 88.831763247502209, 26.239841051899308 ], [ 88.831233707122621, 26.240363037513127 ], [ 88.830838801375378, 26.240752304052226 ], [ 88.82996618113566, 26.24185250064216 ], [ 88.829843027291176, 26.242141939306151 ], [ 88.829888392261992, 26.242804046388347 ], [ 88.830497266387496, 26.243632203313457 ], [ 88.831635735301191, 26.244453603773209 ], [ 88.833045574329873, 26.245689488414339 ], [ 88.833261974830108, 26.246821180975978 ], [ 88.832746429702524, 26.247723381808925 ], [ 88.831567934552538, 26.248574330021512 ], [ 88.830385678229291, 26.249186483503291 ], [ 88.830022583129164, 26.249399805022627 ], [ 88.829317062231965, 26.249814300282406 ], [ 88.829139078763632, 26.249918864503517 ], [ 88.826649566141015, 26.251622380792249 ], [ 88.824949758051972, 26.253017281215065 ], [ 88.823571606602997, 26.253810996544328 ], [ 88.821265641925606, 26.254556760938598 ], [ 88.819723675886166, 26.254852713684706 ], [ 88.819581422925225, 26.254940854519543 ], [ 88.818629343663986, 26.255000656628901 ], [ 88.816624708122959, 26.256743555880192 ], [ 88.816166972293686, 26.257967396399589 ], [ 88.816197066091917, 26.259901567077684 ], [ 88.816396097425326, 26.262478448591246 ], [ 88.817238571945325, 26.265548735215141 ], [ 88.817851658821809, 26.269195118112776 ], [ 88.816940586323256, 26.271929349858034 ], [ 88.815702717107683, 26.27409451243534 ], [ 88.814941567129935, 26.276253637434699 ], [ 88.814749999253621, 26.279265355757847 ], [ 88.814778982903491, 26.281127885703121 ], [ 88.815370915535652, 26.283413192898433 ], [ 88.816524722735238, 26.286049632416077 ], [ 88.818069224941297, 26.288251210763061 ], [ 88.819536553819262, 26.29059704743257 ], [ 88.820278631102028, 26.292307224746253 ], [ 88.820139825449445, 26.293598678493346 ], [ 88.819198461287499, 26.29439876640182 ], [ 88.818858835623914, 26.294576681268296 ], [ 88.818860223421311, 26.29466560563332 ], [ 88.817292888770609, 26.295505683426658 ], [ 88.815442264620216, 26.296608345141724 ], [ 88.812496977290877, 26.298156518191828 ], [ 88.811921580609464, 26.298207787283442 ], [ 88.811491858569738, 26.298473816909173 ], [ 88.810831220430629, 26.299521831637477 ], [ 88.810263803685501, 26.300352357730972 ], [ 88.809856567121969, 26.30059561704898 ], [ 88.808927647665641, 26.301150489307499 ], [ 88.808303493112547, 26.301334071237648 ], [ 88.806916065119594, 26.301742215629897 ], [ 88.805777315077009, 26.302403824486767 ], [ 88.804431420752508, 26.304312604142325 ], [ 88.802983044046968, 26.305965152372877 ], [ 88.802133473479472, 26.306491366311146 ], [ 88.800228787038321, 26.306988169741164 ], [ 88.79770025260234, 26.307624143623631 ], [ 88.795510709393767, 26.308514954483368 ], [ 88.793850554802475, 26.309571796735796 ], [ 88.79351400145255, 26.309489668522581 ], [ 88.792640037820945, 26.308723549705395 ], [ 88.791016317100897, 26.306945372961565 ], [ 88.790301057348557, 26.306162741816902 ], [ 88.78933344488442, 26.305700379285128 ], [ 88.788660923148242, 26.30562238931596 ], [ 88.78760245417422, 26.305419820482864 ], [ 88.786779928168059, 26.304998599785424 ], [ 88.785417495343196, 26.303850499959797 ], [ 88.782903325429757, 26.302586941426611 ], [ 88.780704371248007, 26.30282997751652 ], [ 88.778422140065459, 26.303461976659655 ], [ 88.777463853203372, 26.303300990794945 ], [ 88.775633165974881, 26.302373583569942 ], [ 88.771148720291691, 26.300313596039125 ], [ 88.767638118852588, 26.299320753966573 ], [ 88.765192021297338, 26.299091861120807 ], [ 88.762851497425871, 26.299509175746167 ], [ 88.760610639504421, 26.300184248357336 ], [ 88.760470241379224, 26.300401820660095 ], [ 88.760477414936446, 26.300876601412906 ], [ 88.759836340586972, 26.302827111900271 ], [ 88.759143447534171, 26.30451923742265 ], [ 88.758377368261932, 26.305835592018386 ], [ 88.758237619566543, 26.306086531313721 ], [ 88.757663293772623, 26.307117803170897 ], [ 88.757130140954331, 26.308664833674868 ], [ 88.757131097095296, 26.308685656895236 ], [ 88.757189336803918, 26.309953826039315 ], [ 88.758100990054245, 26.312414608375743 ], [ 88.758239149491089, 26.313666805059281 ], [ 88.757857928858115, 26.314746244011367 ], [ 88.757467280423441, 26.315435873009367 ], [ 88.757122240741836, 26.316044978439983 ], [ 88.756935946663205, 26.316871247832317 ], [ 88.756950677845154, 26.317083929893059 ], [ 88.75703759909851, 26.318338845847343 ], [ 88.757110862586657, 26.320559124627728 ], [ 88.757164666668487, 26.321489926406731 ], [ 88.757330683240596, 26.321953622229767 ], [ 88.757856589133993, 26.322556206071258 ], [ 88.757635954492571, 26.323741150527791 ], [ 88.757685437568668, 26.324385400856603 ], [ 88.757892291387677, 26.324920245497527 ], [ 88.758458504226198, 26.325558157694356 ], [ 88.758822734335098, 26.325983592423785 ], [ 88.759031762054164, 26.326661710502371 ], [ 88.759204833270985, 26.32759104622124 ], [ 88.759218369683538, 26.328486514163963 ], [ 88.759632651717027, 26.329592014755907 ], [ 88.760098117993962, 26.33005059549081 ], [ 88.760956229649651, 26.330708793794926 ], [ 88.761324436207019, 26.331220153609134 ], [ 88.761355757589726, 26.331888508498256 ], [ 88.760890704382689, 26.333384557718908 ], [ 88.760376590068461, 26.334441751140687 ], [ 88.759500030094458, 26.335369646023274 ], [ 88.758897042691743, 26.335683447164126 ], [ 88.75773272591384, 26.336289358666864 ], [ 88.756217787974833, 26.337072210199622 ], [ 88.755335121149415, 26.337598911745708 ], [ 88.754096055517493, 26.338397468133753 ], [ 88.753677786879322, 26.33878472564858 ], [ 88.75362363166181, 26.339080419469877 ], [ 88.753597550853385, 26.339222821360579 ], [ 88.753599596229719, 26.339281275894059 ], [ 88.753609670910649, 26.339569296963123 ], [ 88.753890491677936, 26.340234244678214 ], [ 88.754414029792798, 26.341202284884655 ], [ 88.754575988254032, 26.342098324814497 ], [ 88.754457833665683, 26.342690165556913 ], [ 88.75447741609652, 26.342686049610464 ], [ 88.754095669253473, 26.343302738190648 ], [ 88.753207462079573, 26.344159513289711 ], [ 88.751978098992709, 26.345607569645839 ], [ 88.750859899118495, 26.347398180726554 ], [ 88.750636443596562, 26.348050545525368 ], [ 88.750603528987071, 26.348681474298104 ], [ 88.750489826802479, 26.349580886638027 ], [ 88.750124554266549, 26.350674442504705 ], [ 88.749409157646312, 26.3524601214245 ], [ 88.748915422299959, 26.353251981141995 ], [ 88.748580822458933, 26.353788611178434 ], [ 88.748187708073246, 26.354443043886825 ], [ 88.748108923259906, 26.354845250031765 ], [ 88.748256912779155, 26.355190779659299 ], [ 88.748328727153776, 26.355358452339683 ], [ 88.748513629540952, 26.355579268284469 ], [ 88.748566287525051, 26.355642154525537 ], [ 88.748655704581296, 26.355946773247126 ], [ 88.748662314764815, 26.356386150219883 ], [ 88.7487534572914, 26.356805388717969 ], [ 88.748973842137161, 26.357356795914445 ], [ 88.749075096565235, 26.358050927877105 ], [ 88.749115733814776, 26.358329512694283 ], [ 88.749011502680105, 26.359859334712201 ], [ 88.749152248859886, 26.36075563744901 ], [ 88.749630276612208, 26.36151407195964 ], [ 88.750188566734664, 26.361961287381391 ], [ 88.750875462190535, 26.362511513733217 ], [ 88.75154292261243, 26.363172089866509 ], [ 88.752301553358663, 26.364251897339617 ], [ 88.752656700763097, 26.365298425669579 ], [ 88.752815520554662, 26.365984326440881 ], [ 88.753603751876298, 26.36761786006662 ], [ 88.754035963155815, 26.368147556112529 ], [ 88.754273854450616, 26.368450349854715 ], [ 88.754465870355389, 26.368524424193694 ], [ 88.754677650992662, 26.368502721606522 ], [ 88.754972239229687, 26.368346256911135 ], [ 88.755312703690421, 26.36841851027247 ], [ 88.755660432821372, 26.368608402328199 ], [ 88.755826001186421, 26.36869881720985 ], [ 88.756019462223463, 26.368868406051828 ], [ 88.756065052313645, 26.369078021720288 ], [ 88.755879964598421, 26.369462427613026 ], [ 88.755359890654546, 26.370137543394268 ], [ 88.755153880137442, 26.370541311152003 ], [ 88.755157632601183, 26.370789654154002 ], [ 88.755226161780968, 26.371113629337426 ], [ 88.755970316655677, 26.372633045331515 ], [ 88.756263348805987, 26.373775857638869 ], [ 88.756661270386644, 26.374840954515765 ], [ 88.758197409739964, 26.37682830370445 ], [ 88.759853543449196, 26.379731283004013 ], [ 88.761354341632796, 26.382177588520364 ], [ 88.761572232019162, 26.382557040974458 ], [ 88.76204347733524, 26.382856947656865 ], [ 88.762641112702795, 26.383097975070946 ], [ 88.763176282478071, 26.383416196512055 ], [ 88.763501969888296, 26.383908957482539 ], [ 88.76523591966658, 26.387728024979936 ], [ 88.766090301826353, 26.38896891360098 ], [ 88.767231770672737, 26.390626709642682 ], [ 88.768315305787496, 26.392122748487736 ], [ 88.768594252062712, 26.392329473984457 ], [ 88.76895687928679, 26.392458737515479 ], [ 88.769402313146884, 26.392453229439855 ], [ 88.769473708778804, 26.392515786427893 ], [ 88.769617337385384, 26.392641636441638 ], [ 88.769909108101359, 26.393688892829374 ], [ 88.769943701983138, 26.394722697561537 ], [ 88.769948093026869, 26.39485391553217 ], [ 88.770106773689776, 26.3955206848374 ], [ 88.770515625980906, 26.395897758027669 ], [ 88.771028498339362, 26.396139796665427 ], [ 88.771454483687393, 26.396249161971237 ], [ 88.772254083760544, 26.396098344827141 ], [ 88.772321832696875, 26.39608556585436 ], [ 88.773440508288601, 26.39570867712462 ], [ 88.773737178771043, 26.39568589226063 ], [ 88.77403706293002, 26.39587323986521 ], [ 88.774254731002955, 26.396233566553949 ], [ 88.774448078207001, 26.396604776548784 ], [ 88.774670025923612, 26.397030892125319 ], [ 88.775069668705953, 26.398191437226942 ], [ 88.775247257232934, 26.398705111530962 ], [ 88.775264916959401, 26.398781914677151 ], [ 88.775335962247453, 26.399090906762865 ], [ 88.775431055413989, 26.399118277156564 ], [ 88.775826968641596, 26.399105163743226 ], [ 88.776209201967049, 26.398906135104959 ], [ 88.776767376027593, 26.398701639970639 ] ] ] } },
{ "type": "Feature", "properties": { "BLOCK_NAME": "Mathabhanga-I", "SUBDIV_NAM": "Mathabhanga", "DIST_NAME": "Cooch Behar", "AREA_SQKM": 321.942 }, "geometry": { "type": "Polygon", "coordinates": [ [ [ 89.069611004561537, 26.499638738438314 ], [ 89.069700959158723, 26.49895354347478 ], [ 89.070113486213771, 26.498954240350976 ], [ 89.071190729652855, 26.497920170298528 ], [ 89.072756576668453, 26.496998942941854 ], [ 89.073095087780416, 26.496964162886435 ], [ 89.07317398401338, 26.497352755850688 ], [ 89.073622611464415, 26.497616130571487 ], [ 89.074145642023069, 26.498118216396772 ], [ 89.075347710576779, 26.498760379657369 ], [ 89.07787823863309, 26.499892661615448 ], [ 89.081481717647975, 26.501554479840188 ], [ 89.082818369816749, 26.502158521701283 ], [ 89.085387238080258, 26.502581862308233 ], [ 89.08668745280265, 26.502833954767492 ], [ 89.087977870549807, 26.502543964000711 ], [ 89.090019896597013, 26.502161619632336 ], [ 89.090621873948336, 26.5021256869829 ], [ 89.091233949144936, 26.501595212846073 ], [ 89.091419699135415, 26.501783886097193 ], [ 89.091662744847696, 26.501780322373381 ], [ 89.093133071320736, 26.500747086233545 ], [ 89.095200062949473, 26.499103540692101 ], [ 89.098128141024716, 26.496353612785839 ], [ 89.10000979728818, 26.494548801023878 ], [ 89.100418253472256, 26.493613244623404 ], [ 89.100867591891117, 26.491583421691011 ], [ 89.10069778467053, 26.490601552265023 ], [ 89.100685840768435, 26.489945484642398 ], [ 89.100646499059749, 26.489453868109781 ], [ 89.100849694704337, 26.488931367647758 ], [ 89.100940887673644, 26.488830630923474 ], [ 89.101326301159702, 26.488404874281329 ], [ 89.102790316843056, 26.487043652268586 ], [ 89.105907367302933, 26.484755845566543 ], [ 89.107759121545499, 26.483032548119347 ], [ 89.10821333580725, 26.482943688435046 ], [ 89.10866859034779, 26.482909523015877 ], [ 89.109120794380246, 26.482711297887551 ], [ 89.110412138412215, 26.481871434907074 ], [ 89.112471031557774, 26.479789207570935 ], [ 89.115666189119011, 26.47667921294827 ], [ 89.117545107184128, 26.47476649762385 ], [ 89.118060702197837, 26.474310160412312 ], [ 89.118172859414457, 26.474210869800686 ], [ 89.118595559019624, 26.474068018989939 ], [ 89.119261259047008, 26.473921432229115 ], [ 89.120962141544467, 26.473896170067068 ], [ 89.122938888025033, 26.474003495430477 ], [ 89.123241780255569, 26.474009471739091 ], [ 89.123729084183751, 26.474019084010529 ], [ 89.124422637675565, 26.473735341671844 ], [ 89.125349270387858, 26.473192013966678 ], [ 89.126767074081116, 26.472360667252872 ], [ 89.131096859105355, 26.469917333756641 ], [ 89.1318490947111, 26.469523313031836 ], [ 89.132452997039465, 26.469322899448468 ], [ 89.133392998936998, 26.469226829221274 ], [ 89.134914596330816, 26.469368135170143 ], [ 89.137263298657686, 26.469879832341221 ], [ 89.139594291346555, 26.47107530578743 ], [ 89.140394583502228, 26.471637490582896 ], [ 89.1409741800924, 26.471765509297907 ], [ 89.141248033694055, 26.471788743500852 ], [ 89.141759267056045, 26.47150773061146 ], [ 89.142110981997931, 26.470819158010105 ], [ 89.143457456671783, 26.46809344430239 ], [ 89.144357522928345, 26.465866338655271 ], [ 89.144597234416594, 26.465374166890399 ], [ 89.145001103318265, 26.464544937697475 ], [ 89.145924552683312, 26.463574879964945 ], [ 89.146969427968131, 26.462603100316088 ], [ 89.147594376653856, 26.462169603429711 ], [ 89.14849851445328, 26.461542456081876 ], [ 89.149492247455555, 26.461090966773284 ], [ 89.150005803095368, 26.460947041495157 ], [ 89.151007602390976, 26.46093304969763 ], [ 89.151647629644287, 26.461060882110957 ], [ 89.152381753738553, 26.461351528691807 ], [ 89.152663158795065, 26.46156010041917 ], [ 89.152997490221935, 26.461807909337356 ], [ 89.153717017839895, 26.462946398930885 ], [ 89.154702006935636, 26.465283677311849 ], [ 89.155543716219725, 26.46644721342572 ], [ 89.156536822414509, 26.467581010591477 ], [ 89.158167052896516, 26.468678326390705 ], [ 89.159655554237787, 26.47026726834503 ], [ 89.161000106872905, 26.472181384392218 ], [ 89.161504961985855, 26.473098868174031 ], [ 89.161757821064512, 26.473585185106142 ], [ 89.161910771122464, 26.473637354841252 ], [ 89.162366877617657, 26.473657742519723 ], [ 89.16296869188983, 26.473347866140379 ], [ 89.166074205230814, 26.470561374155867 ], [ 89.167759055602687, 26.469491128773324 ], [ 89.168193345908179, 26.468511334701773 ], [ 89.168693144611197, 26.466658174077004 ], [ 89.169716500577337, 26.463613162963977 ], [ 89.170757449218627, 26.461832157282831 ], [ 89.171657926487384, 26.462864544462644 ], [ 89.174271136621769, 26.46258818954945 ], [ 89.17701619547303, 26.462099469890841 ], [ 89.178158724482671, 26.464134427417672 ], [ 89.180761335682917, 26.464241908638058 ], [ 89.182361751167051, 26.464465058999782 ], [ 89.182605192679972, 26.46449229003348 ], [ 89.182685170522106, 26.465023580897149 ], [ 89.183069756978611, 26.465173508320081 ], [ 89.183520622758422, 26.465165710278651 ], [ 89.18396981195113, 26.46506440551715 ], [ 89.184468520407265, 26.46205661447409 ], [ 89.184030078360621, 26.459063236781034 ], [ 89.183636476635115, 26.458444238613385 ], [ 89.18359645992247, 26.458163592264516 ], [ 89.184822992201291, 26.45692604709502 ], [ 89.185651879450404, 26.456694607186556 ], [ 89.187387920526405, 26.456699277422445 ], [ 89.188813351494716, 26.456802439604868 ], [ 89.189123959121346, 26.456703926545902 ], [ 89.188693700513184, 26.4541479523117 ], [ 89.188962341743917, 26.451831272246739 ], [ 89.189426377138915, 26.450667878131664 ], [ 89.190473323642664, 26.449120533804102 ], [ 89.192356741149098, 26.447747852495731 ], [ 89.194387227533255, 26.446810400121802 ], [ 89.195068902480202, 26.44614365895147 ], [ 89.195651194669551, 26.445728449751748 ], [ 89.196768610763812, 26.444242482959268 ], [ 89.197451443183439, 26.443638216449241 ], [ 89.198934255069787, 26.443115387169886 ], [ 89.201419323567592, 26.44235834690889 ], [ 89.203374875971093, 26.441140671933795 ], [ 89.205158653812845, 26.440019375783017 ], [ 89.20823788068283, 26.437659266145086 ], [ 89.210432472332059, 26.436259052572392 ], [ 89.210625211610747, 26.43625390101894 ], [ 89.2113826755307, 26.436160155739294 ], [ 89.212168410170122, 26.43595660384527 ], [ 89.213043136481119, 26.435642303610905 ], [ 89.213911587323835, 26.434999999910186 ], [ 89.214203533225984, 26.43468531280001 ], [ 89.214863791040074, 26.4339736156907 ], [ 89.215232337463732, 26.432600838794883 ], [ 89.215154366851863, 26.431699784892817 ], [ 89.215041856070457, 26.430580535505356 ], [ 89.214591214659933, 26.429247796260427 ], [ 89.213738083737894, 26.427511170260402 ], [ 89.213167604408568, 26.426262304926929 ], [ 89.212814344881906, 26.425256145663326 ], [ 89.2118115713279, 26.423631186459613 ], [ 89.210949662823438, 26.421429870865747 ], [ 89.210302373217388, 26.419334595688024 ], [ 89.209364708080656, 26.416341536729455 ], [ 89.208110892570929, 26.414282960712853 ], [ 89.207627449679833, 26.412813990105626 ], [ 89.207486771102651, 26.411804528327067 ], [ 89.207506687943379, 26.411653741638844 ], [ 89.207645997982723, 26.410599046870662 ], [ 89.208176241014129, 26.409743274311513 ], [ 89.208761976908391, 26.40861322785139 ], [ 89.208872457285182, 26.408037350936578 ], [ 89.208861001571478, 26.40743601648942 ], [ 89.208842256627207, 26.40645201405566 ], [ 89.208761245023268, 26.405386948933554 ], [ 89.208503483971555, 26.403012223345492 ], [ 89.208493073706492, 26.402465555476525 ], [ 89.208632343294596, 26.40180720956096 ], [ 89.209281868593266, 26.400840225638031 ], [ 89.209604805313319, 26.400261065979432 ], [ 89.210913192008633, 26.398819090623594 ], [ 89.211715480024154, 26.39790441866036 ], [ 89.212248247375726, 26.397185302323265 ], [ 89.212653870798178, 26.396167395092064 ], [ 89.212636145564389, 26.395238059785033 ], [ 89.212914215579971, 26.392308224367007 ], [ 89.213509843506472, 26.390111693982746 ], [ 89.213878307110889, 26.388738919673507 ], [ 89.213984057253114, 26.387917039716086 ], [ 89.214088241925651, 26.387013159547848 ], [ 89.214038600338554, 26.386002294343729 ], [ 89.213644187264507, 26.384422592955076 ], [ 89.213548569737057, 26.382592192444694 ], [ 89.2135356759443, 26.381908740793612 ], [ 89.213582600605619, 26.381169538751202 ], [ 89.213942324955511, 26.380259142498236 ], [ 89.21401763637941, 26.380068572797541 ], [ 89.214436003539944, 26.379706411965394 ], [ 89.216364774975446, 26.378937746545482 ], [ 89.217113854840306, 26.378518216628919 ], [ 89.219429680830615, 26.377221173741777 ], [ 89.221077234999981, 26.376019065322691 ], [ 89.222243733549647, 26.375070659464591 ], [ 89.223969939818531, 26.373183121159176 ], [ 89.225420751207523, 26.37116282622538 ], [ 89.226442963058702, 26.368957859899467 ], [ 89.22701366835507, 26.366979082695092 ], [ 89.22721875459807, 26.364923904515749 ], [ 89.227244701745249, 26.363035752670562 ], [ 89.22689690637543, 26.360633672913799 ], [ 89.226310800831158, 26.358481635656002 ], [ 89.225883045180325, 26.35671050319311 ], [ 89.225839105325804, 26.356000300094767 ], [ 89.225822229673611, 26.355125740475398 ], [ 89.225836081384642, 26.354278158852996 ], [ 89.225914176070077, 26.353621053038196 ], [ 89.226676722123813, 26.352325545602032 ], [ 89.227685257346209, 26.3512179110324 ], [ 89.229208234246585, 26.35007556359065 ], [ 89.230346553308692, 26.349403283307137 ], [ 89.231578638894661, 26.34886611789463 ], [ 89.232183157965125, 26.34877523121764 ], [ 89.232911133987542, 26.348791776898125 ], [ 89.233517343963271, 26.348782783972347 ], [ 89.234340658346824, 26.34901646269682 ], [ 89.234926917046494, 26.349526922584626 ], [ 89.23548880764335, 26.350338361665965 ], [ 89.235817357919743, 26.35314825266763 ], [ 89.235550904075581, 26.356568773002184 ], [ 89.235574180927216, 26.357771309034593 ], [ 89.235773941301034, 26.358697929941084 ], [ 89.236064047590929, 26.359595926454233 ], [ 89.236232316961235, 26.36046844450221 ], [ 89.236518658437674, 26.361175185476338 ], [ 89.236922074358603, 26.361661437178739 ], [ 89.237446218752055, 26.362118553624299 ], [ 89.23781945287412, 26.362369804663299 ], [ 89.238121927669027, 26.362573423898514 ], [ 89.239220474586304, 26.362939960482375 ], [ 89.241134789228383, 26.363157703493354 ], [ 89.242895438340582, 26.363268340018379 ], [ 89.244472084020074, 26.36324456042087 ], [ 89.245774151781887, 26.363115194223617 ], [ 89.243574009721499, 26.359164178291689 ], [ 89.239914106848246, 26.352144215041658 ], [ 89.237341378635747, 26.347563677542343 ], [ 89.234370563677047, 26.347175396020663 ], [ 89.229234234547349, 26.346602745668687 ], [ 89.226872109427148, 26.346601778449195 ], [ 89.227068512483683, 26.346418575716083 ], [ 89.227452465489449, 26.34561955937248 ], [ 89.227548905105422, 26.344464171385383 ], [ 89.227620121802445, 26.3440303537853 ], [ 89.227010005491664, 26.343570771355836 ], [ 89.226521431435145, 26.343181507944244 ], [ 89.225995744036808, 26.342937076709571 ], [ 89.225367363155556, 26.339628947475074 ], [ 89.225467066034128, 26.339399290051208 ], [ 89.225635398260366, 26.339011572496442 ], [ 89.226419959223733, 26.338169587864385 ], [ 89.228879983668833, 26.336940416374098 ], [ 89.230213369555258, 26.335439572592868 ], [ 89.230399101734392, 26.334678558938798 ], [ 89.230755423369402, 26.334456404808012 ], [ 89.23187689653912, 26.334438938123697 ], [ 89.23528066883928, 26.334349770413173 ], [ 89.23768381473333, 26.334312255343981 ], [ 89.238807365052736, 26.334403004771193 ], [ 89.23952736607896, 26.332261796845625 ], [ 89.23996793399462, 26.332254909547405 ], [ 89.242466437346835, 26.333010044832893 ], [ 89.242734971609835, 26.332392126505901 ], [ 89.243282470960764, 26.331697638457339 ], [ 89.24394733274687, 26.330856907062138 ], [ 89.244364222538792, 26.329622947889266 ], [ 89.244573195193666, 26.327995135315433 ], [ 89.244553005588926, 26.326948526214661 ], [ 89.244496944546654, 26.326119084124233 ], [ 89.244723316985258, 26.325393520595156 ], [ 89.245662209139454, 26.324223582253929 ], [ 89.247192050666641, 26.322538961109302 ], [ 89.247846380202418, 26.321156866984879 ], [ 89.248527188988334, 26.321146187061611 ], [ 89.249600799630272, 26.320732229550572 ], [ 89.251665807836432, 26.319797280674148 ], [ 89.253419490802216, 26.319336508806089 ], [ 89.254055347364641, 26.319073804520059 ], [ 89.254460008328365, 26.319284044311932 ], [ 89.254700987951665, 26.319316354219865 ], [ 89.256085136329091, 26.318392053900475 ], [ 89.255587795602295, 26.317533463782418 ], [ 89.257131399480443, 26.316570544370325 ], [ 89.257763032086814, 26.316091286844873 ], [ 89.256922240330368, 26.314046786232883 ], [ 89.256218397438971, 26.312866541611054 ], [ 89.255242648942939, 26.312123780013003 ], [ 89.254640586948696, 26.312061049187829 ], [ 89.25404760804922, 26.312467483320734 ], [ 89.253614104699395, 26.312835307262493 ], [ 89.253136363424488, 26.312987220526285 ], [ 89.252296124010911, 26.313036525996779 ], [ 89.251014693828907, 26.313056654647703 ], [ 89.248784350773278, 26.311647626455144 ], [ 89.247000149563732, 26.310556509958364 ], [ 89.246320660635575, 26.310711638426987 ], [ 89.245841689257134, 26.310863608958257 ], [ 89.245525165161865, 26.311121326274943 ], [ 89.24488805289333, 26.311420210689839 ], [ 89.2444463501228, 26.311427188455724 ], [ 89.244437892633385, 26.31095797879604 ], [ 89.244041720666004, 26.308978503809783 ], [ 89.243474285407146, 26.306315683387158 ], [ 89.243930459824938, 26.305045010240914 ], [ 89.244262327894461, 26.303559675807108 ], [ 89.245053421840808, 26.303041877539084 ], [ 89.245977853957044, 26.303207903970286 ], [ 89.247259876470167, 26.303223912790425 ], [ 89.248060705012421, 26.30321136083764 ], [ 89.248621981433132, 26.303238664150069 ], [ 89.248790508261095, 26.303669232053402 ], [ 89.249030757533689, 26.303665463772631 ], [ 89.249183954759303, 26.30330205161362 ], [ 89.249455880945106, 26.302864570382571 ], [ 89.249930102850712, 26.302532213625355 ], [ 89.25068391085847, 26.302159377064971 ], [ 89.252432452707893, 26.30144601368195 ], [ 89.252785141483727, 26.301043363541588 ], [ 89.252895491644779, 26.300536217735797 ], [ 89.252859965247026, 26.298694353677359 ], [ 89.252825890734371, 26.296923671722578 ], [ 89.252972261851596, 26.294143339776891 ], [ 89.253048140919446, 26.293925726536109 ], [ 89.253527183156933, 26.29384637200873 ], [ 89.253235042979512, 26.293237429327615 ], [ 89.252908460780702, 26.292917658961894 ], [ 89.252779965129278, 26.292486658809935 ], [ 89.253042050424952, 26.291544610844213 ], [ 89.252995026700603, 26.29118452552575 ], [ 89.25171295050508, 26.291132055411939 ], [ 89.251424916675987, 26.290703532875447 ], [ 89.251417309370382, 26.290306681966971 ], [ 89.251504187201931, 26.28864477015842 ], [ 89.25116485956336, 26.287422970893751 ], [ 89.250997968845056, 26.286791579668424 ], [ 89.251082937084618, 26.28667206892672 ], [ 89.251075820545623, 26.286278311112003 ], [ 89.251064043782563, 26.285667950287362 ], [ 89.251148877931684, 26.285548432613055 ], [ 89.251432951165768, 26.285583322617274 ], [ 89.251870064069038, 26.285635490142944 ], [ 89.252216670242149, 26.285511841593976 ], [ 89.252255766702376, 26.285274885753005 ], [ 89.252248914416953, 26.284920482119375 ], [ 89.252508745615671, 26.28481790284436 ], [ 89.252988632945517, 26.284810326178057 ], [ 89.253536224755322, 26.284919848060092 ], [ 89.253779560167999, 26.285093274395344 ], [ 89.253958937109672, 26.285346507208338 ], [ 89.254856382579717, 26.285470426981288 ], [ 89.255993328842621, 26.285531706761052 ], [ 89.256453535062761, 26.285603477947923 ], [ 89.256740530601817, 26.285756731240458 ], [ 89.257025559921345, 26.28691488140813 ], [ 89.25719530327018, 26.28773977562842 ], [ 89.257546550202633, 26.287793616704004 ], [ 89.257919695498174, 26.287847137468287 ], [ 89.258224880178687, 26.287783490626865 ], [ 89.258395659540724, 26.287564265486925 ], [ 89.258389388275759, 26.287249169632364 ], [ 89.258236951946571, 26.286207212822585 ], [ 89.258232501734497, 26.285990521682795 ], [ 89.258361389506391, 26.285870378768191 ], [ 89.258842938534542, 26.285863265146475 ], [ 89.259192392371432, 26.285818708978443 ], [ 89.259211434183271, 26.285680486764761 ], [ 89.259223881877034, 26.285227027637262 ], [ 89.259216509950164, 26.284872372728728 ], [ 89.25923472231149, 26.284694714381818 ], [ 89.259429624451641, 26.284593293433524 ], [ 89.259425114947433, 26.284376534737724 ], [ 89.259417760548828, 26.284021820891564 ], [ 89.259302279246768, 26.283727849274385 ], [ 89.259473111751106, 26.283528177218866 ], [ 89.259581625316443, 26.283487133503098 ], [ 89.259575431431699, 26.283191531830866 ], [ 89.259457477859684, 26.282779366274223 ], [ 89.259278547554018, 26.282584990641098 ], [ 89.259274867909284, 26.282407663487021 ], [ 89.259293040079086, 26.282230006639907 ], [ 89.259282051290398, 26.281698071286527 ], [ 89.259148991671495, 26.281601608634208 ], [ 89.259409129771072, 26.281083902531421 ], [ 89.259889410505906, 26.281076385759004 ], [ 89.260163699782794, 26.280783155298824 ], [ 89.260155853799318, 26.280386097485358 ], [ 89.260386847842867, 26.279913101406578 ], [ 89.260618051914605, 26.279365981280598 ], [ 89.260931157305862, 26.278851618745158 ], [ 89.261040698480869, 26.278305238342259 ], [ 89.261600680855807, 26.278331247116359 ], [ 89.261723966227976, 26.27850511745137 ], [ 89.262117145794107, 26.278176639698628 ], [ 89.261952250706941, 26.277925758389475 ], [ 89.261267650455707, 26.277648224851227 ], [ 89.260623183647922, 26.277370113310191 ], [ 89.260418651185518, 26.277120167673857 ], [ 89.259979098662939, 26.277092128072503 ], [ 89.259693396328075, 26.276771401555685 ], [ 89.259250015348854, 26.276599160866432 ], [ 89.258767954056253, 26.276572779533879 ], [ 89.257924230183477, 26.276553083790439 ], [ 89.256875486085065, 26.276246915378426 ], [ 89.2567111963603, 26.276032853330271 ], [ 89.256537160363848, 26.275276408061529 ], [ 89.256496729198929, 26.27501895121339 ], [ 89.256401174341946, 26.27441088712375 ], [ 89.256392677097779, 26.273940893774412 ], [ 89.256401751053957, 26.272241356822466 ], [ 89.256594594646998, 26.271803701729699 ], [ 89.256372613091159, 26.270688047028163 ], [ 89.256360177315003, 26.270038111578181 ], [ 89.25667409292808, 26.269634319818906 ], [ 89.256945066323638, 26.269086926313605 ], [ 89.257465743731899, 26.269003286002313 ], [ 89.25798482473644, 26.268919392779271 ], [ 89.258504798033357, 26.269016738227311 ], [ 89.259147636997483, 26.269437623459236 ], [ 89.259677379343458, 26.270186653794518 ], [ 89.260169731462625, 26.271009000394027 ], [ 89.26071075070621, 26.272192226736479 ], [ 89.2612467612703, 26.273086499516641 ], [ 89.262087657632534, 26.273433193091456 ], [ 89.262563688273303, 26.27346106056314 ], [ 89.263033643371074, 26.273272176337013 ], [ 89.263384379606109, 26.273085430161771 ], [ 89.264350950277262, 26.272382984186077 ], [ 89.2647188010816, 26.271510480099014 ], [ 89.264653892904988, 26.270644798917107 ], [ 89.264410164250307, 26.270359540613445 ], [ 89.263885171931761, 26.269825824715635 ], [ 89.262124246519662, 26.268445406772955 ], [ 89.261167033297554, 26.267738832299219 ], [ 89.260725307432594, 26.267240680231101 ], [ 89.26083598392816, 26.266841454326734 ], [ 89.26094493601785, 26.266334064774945 ], [ 89.261176988515103, 26.266149683476282 ], [ 89.261608633493452, 26.266214897289412 ], [ 89.262545504422178, 26.266200648339389 ], [ 89.263051843052182, 26.266193421663999 ], [ 89.263829757724565, 26.266182758180594 ], [ 89.263846903996594, 26.266903791558956 ], [ 89.264165761610627, 26.267187890509586 ], [ 89.264558156300723, 26.267290634681082 ], [ 89.265338757058913, 26.267279489764192 ], [ 89.266085246474887, 26.267267668022829 ], [ 89.267069186671876, 26.26707040098184 ], [ 89.267624133817506, 26.267060677148784 ], [ 89.268262813053227, 26.26726611785158 ], [ 89.268430329100767, 26.267769362000735 ], [ 89.268874589846803, 26.270044326658955 ], [ 89.269044963069007, 26.270549764476105 ], [ 89.270047021926345, 26.271337578685827 ], [ 89.270676561822086, 26.271441337782111 ], [ 89.271450885550337, 26.271035109147281 ], [ 89.271839288822292, 26.270850096251582 ], [ 89.272264704099285, 26.269931942783021 ], [ 89.272503494174998, 26.267403289526808 ], [ 89.273357918233131, 26.266158206933238 ], [ 89.273729603979106, 26.265900014015148 ], [ 89.27423102571457, 26.265890447681084 ], [ 89.274652324540014, 26.266167414310107 ], [ 89.275613379066101, 26.266894095081273 ], [ 89.275666272659123, 26.266270879212765 ], [ 89.27574137163829, 26.265182629785759 ], [ 89.276170440426398, 26.263933433327789 ], [ 89.27664120335092, 26.261404257242699 ], [ 89.277328969562575, 26.259401604226674 ], [ 89.27723529728668, 26.258429904684636 ], [ 89.278649361803218, 26.256601896941465 ], [ 89.278854672554971, 26.255473794784148 ], [ 89.278594946490998, 26.254724699533345 ], [ 89.278157607028319, 26.253593624059413 ], [ 89.277947504230326, 26.252829421196601 ], [ 89.277816224083054, 26.252472037775185 ], [ 89.277944697025404, 26.252064860442911 ], [ 89.278081640130864, 26.251741056736019 ], [ 89.277798933561755, 26.251518515630234 ], [ 89.277442467731788, 26.251462589777667 ], [ 89.277100254824589, 26.250995588407591 ], [ 89.277160072109851, 26.250625352988767 ], [ 89.277467394409925, 26.250241525052576 ], [ 89.27703047580863, 26.250170259607309 ], [ 89.276340469216592, 26.25019398103818 ], [ 89.276296567826606, 26.250612907476587 ], [ 89.276109396024836, 26.250693026466148 ], [ 89.275597919859962, 26.250715201225916 ], [ 89.274999836832706, 26.250800305430701 ], [ 89.273581838326479, 26.251569418298384 ], [ 89.272543085906889, 26.252204381437348 ], [ 89.271937882236614, 26.252430362829593 ], [ 89.271598083968541, 26.252246699463512 ], [ 89.271627111920807, 26.251878882227093 ], [ 89.271792852588945, 26.251272365037611 ], [ 89.271579321667872, 26.250998816137574 ], [ 89.270773420014933, 26.251050705384166 ], [ 89.269987560516796, 26.25098432920656 ], [ 89.27024718030367, 26.250664832407139 ], [ 89.27062610434929, 26.250274392236097 ], [ 89.270830197768817, 26.249961696735124 ], [ 89.270085149060478, 26.249972427417557 ], [ 89.269326203059904, 26.250041663176283 ], [ 89.268419474999718, 26.250476793214524 ], [ 89.268353266858725, 26.25084763093243 ], [ 89.268390260006612, 26.251433459469379 ], [ 89.268325304423669, 26.251683337770654 ], [ 89.267636875933974, 26.251979020879329 ], [ 89.267294861458893, 26.252175082522044 ], [ 89.267153652433024, 26.252420078854367 ], [ 89.266733773487232, 26.252456564724536 ], [ 89.265652980538931, 26.252450756765754 ], [ 89.264411585802577, 26.252253466581191 ], [ 89.264109577572071, 26.252116202132129 ], [ 89.264130834104151, 26.251690675053858 ], [ 89.264240066270091, 26.251151763895525 ], [ 89.264171021515764, 26.250840987838998 ], [ 89.263534414405598, 26.25062026096689 ], [ 89.262917406300488, 26.250598523722925 ], [ 89.26219869725206, 26.250638221674325 ], [ 89.261732250863403, 26.25093114915266 ], [ 89.261447505020428, 26.25122124416459 ], [ 89.2613775919707, 26.251708082588429 ], [ 89.261225158457165, 26.251995183514605 ], [ 89.260979016765518, 26.252000233110081 ], [ 89.259001607262277, 26.252007996803389 ], [ 89.258657949699895, 26.2519849305408 ], [ 89.25858857673218, 26.251425930419945 ], [ 89.258272138586136, 26.250574631090906 ], [ 89.257980079440543, 26.25023731534171 ], [ 89.256739757357082, 26.250130583316388 ], [ 89.256562114860387, 26.250106987190904 ], [ 89.25643868396817, 26.249938438068881 ], [ 89.256480601494715, 26.249677785169091 ], [ 89.25674999913177, 26.249380423643125 ], [ 89.257079123608136, 26.249110519893023 ], [ 89.257524794059208, 26.248730801420642 ], [ 89.257455577317671, 26.248561945005832 ], [ 89.257147521078764, 26.248340236714519 ], [ 89.256599009077405, 26.248291023988145 ], [ 89.256321537738131, 26.248500823525646 ], [ 89.256105688251125, 26.248682524447126 ], [ 89.255675384003965, 26.249417095278815 ], [ 89.255217121501971, 26.249775920452237 ], [ 89.254890139945701, 26.249955981589373 ], [ 89.254506741386891, 26.25002375287427 ], [ 89.253839337304214, 26.249959590713175 ], [ 89.253059085296073, 26.250012979558054 ], [ 89.252188821085809, 26.250094326636241 ], [ 89.251674296630213, 26.250239211248761 ], [ 89.251183286907093, 26.250466233567568 ], [ 89.250792971244095, 26.250362648557353 ], [ 89.250263988804022, 26.249957650575624 ], [ 89.249689652493402, 26.249913565459071 ], [ 89.24923421970648, 26.250031982141152 ], [ 89.248961412991989, 26.250036255328205 ], [ 89.248593746703094, 26.249051599393006 ], [ 89.248731689020971, 26.247908721420455 ], [ 89.24820797835234, 26.24742646424497 ], [ 89.247931685212606, 26.246908019615518 ], [ 89.246807251493024, 26.246973923586577 ], [ 89.246245071447191, 26.247042772992234 ], [ 89.246047110365382, 26.247237803295544 ], [ 89.246005202008945, 26.247676472767044 ], [ 89.245614833945012, 26.247873968579551 ], [ 89.245282986296843, 26.247961182469894 ], [ 89.244648439820864, 26.247971047990653 ], [ 89.243885432685531, 26.248118232770981 ], [ 89.243391897728756, 26.248261236287735 ], [ 89.243080007494754, 26.24845771057764 ], [ 89.242782150934332, 26.248901766636809 ], [ 89.24237088794024, 26.24940107090244 ], [ 89.242133352631583, 26.249732916136672 ], [ 89.241405866235766, 26.249744274073812 ], [ 89.240859201956937, 26.249698123905205 ], [ 89.240673366090931, 26.249586917809129 ], [ 89.24067171766508, 26.24908086966736 ], [ 89.24026897752573, 26.24913899424649 ], [ 89.239186394486779, 26.249712343026072 ], [ 89.238964067962996, 26.249942688492752 ], [ 89.238565169143044, 26.250386686744044 ], [ 89.238137187260207, 26.250613114389672 ], [ 89.237305089526402, 26.250625663623719 ], [ 89.236592084799796, 26.250527160930378 ], [ 89.235686232588549, 26.250541655546368 ], [ 89.234872173014423, 26.250923648948369 ], [ 89.23388530243146, 26.251481059081531 ], [ 89.232717741936753, 26.251480362076208 ], [ 89.232287056524441, 26.251649060017655 ], [ 89.232270567434412, 26.251930407154177 ], [ 89.233757602329078, 26.255818755014015 ], [ 89.234157759320908, 26.256720326161545 ], [ 89.234535483646752, 26.256896840292161 ], [ 89.236419961004884, 26.257245646974376 ], [ 89.237427661196733, 26.257189952981921 ], [ 89.238290208949351, 26.259577722305458 ], [ 89.237598942103645, 26.259703957333247 ], [ 89.237018276329707, 26.259757169159982 ], [ 89.236586003933283, 26.259498164229033 ], [ 89.236080322576257, 26.259193651301352 ], [ 89.23511146628789, 26.258656119868188 ], [ 89.234539024556355, 26.258539196808595 ], [ 89.233888837136632, 26.258699374821436 ], [ 89.233355732981096, 26.259029059088594 ], [ 89.233160556032587, 26.259792802978755 ], [ 89.233091658115796, 26.261025134220965 ], [ 89.232903105803246, 26.261003140292363 ], [ 89.23233206001143, 26.26099038017168 ], [ 89.232046892003652, 26.260984447260348 ], [ 89.231565114602404, 26.261128715929654 ], [ 89.231244931966373, 26.261127293314566 ], [ 89.231270804409547, 26.260708317563637 ], [ 89.230986966033512, 26.260371926051601 ], [ 89.230282928186099, 26.260486906903388 ], [ 89.23064227903302, 26.262155240693431 ], [ 89.231008510493467, 26.263497546423146 ], [ 89.231439357240248, 26.263492668521408 ], [ 89.231666120888633, 26.263891241551605 ], [ 89.231643651112037, 26.264315692294431 ], [ 89.231584293446147, 26.265073666542524 ], [ 89.231410521222259, 26.26579703395457 ], [ 89.23094204868984, 26.266033941833246 ], [ 89.230349935151324, 26.266452337787126 ], [ 89.229957172294462, 26.266757516089559 ], [ 89.230041642247969, 26.267538448591278 ], [ 89.230058659739825, 26.267734612505727 ], [ 89.229802626300767, 26.26794781149119 ], [ 89.229455766765753, 26.267933651238007 ], [ 89.22873438157842, 26.268878556035574 ], [ 89.228217715631303, 26.267897245897593 ], [ 89.22700166808994, 26.265962889761106 ], [ 89.226158762039745, 26.265031301261104 ], [ 89.22554184341827, 26.264555060498591 ], [ 89.225044440080183, 26.264237481967363 ], [ 89.224052584766838, 26.264204979214362 ], [ 89.223369816667656, 26.264375010049548 ], [ 89.222922316727548, 26.264558887214744 ], [ 89.222488512278971, 26.265286681401719 ], [ 89.222097170430871, 26.266174944263728 ], [ 89.221906494718326, 26.266465544655698 ], [ 89.221418507745213, 26.267298665209914 ], [ 89.221013923558601, 26.267430137551461 ], [ 89.220803560392596, 26.267447634841876 ], [ 89.220571667969395, 26.267128915093817 ], [ 89.219780329459866, 26.266158835398638 ], [ 89.218438124735485, 26.265195565609996 ], [ 89.217029016267546, 26.264841470565113 ], [ 89.215102965131123, 26.264939022160412 ], [ 89.214461252546798, 26.26507926902968 ], [ 89.213785201870607, 26.265446788761089 ], [ 89.213200600969401, 26.265947026373698 ], [ 89.212896707056203, 26.266235693710978 ], [ 89.212477308920469, 26.266580841306549 ], [ 89.212203691554976, 26.266629323132516 ], [ 89.212052008439883, 26.266464183776002 ], [ 89.212054405000387, 26.266202151044968 ], [ 89.212083698868227, 26.26528628690258 ], [ 89.212047133737954, 26.264211538128421 ], [ 89.211949977173973, 26.263675049749978 ], [ 89.21138698447426, 26.263523465789255 ], [ 89.210506195567945, 26.263238480306779 ], [ 89.210439619053091, 26.263218064805073 ], [ 89.209745882799965, 26.263039487057888 ], [ 89.209607431812884, 26.263004888572016 ], [ 89.209599445125662, 26.263002898666855 ], [ 89.209271495422385, 26.262921775571304 ], [ 89.206104061595937, 26.262585602424828 ], [ 89.206130271656789, 26.263073279586582 ], [ 89.206152415155955, 26.263962708623744 ], [ 89.206292953020736, 26.264438321312642 ], [ 89.206583893206357, 26.265253589678775 ], [ 89.206893768205973, 26.265653930773137 ], [ 89.206955847551484, 26.266075941949989 ], [ 89.206983340008108, 26.266829779343567 ], [ 89.206977355695784, 26.2679404136207 ], [ 89.206762352171381, 26.268308291727216 ], [ 89.206296207881465, 26.268546594186002 ], [ 89.205798338156541, 26.268783843085956 ], [ 89.205880652659872, 26.273225413119132 ], [ 89.205843298886876, 26.274711296277321 ], [ 89.20571830555221, 26.274982388185052 ], [ 89.205606571699619, 26.275227713495497 ], [ 89.204524621141559, 26.275929013145785 ], [ 89.203960423663773, 26.276411425644742 ], [ 89.202256976329394, 26.277356760895945 ], [ 89.201385320736634, 26.277593794241582 ], [ 89.201052908619502, 26.277599706156167 ], [ 89.200504924700383, 26.277415746700427 ], [ 89.19972854621561, 26.276350833262608 ], [ 89.198949615616939, 26.274928474088554 ], [ 89.198366430756209, 26.274112399069853 ], [ 89.198034427793459, 26.274009537871468 ], [ 89.197676178578433, 26.274266269119142 ], [ 89.197558010207473, 26.274462254198614 ], [ 89.197484521428549, 26.27567924136973 ], [ 89.197668850769034, 26.277471824574743 ], [ 89.19779847782273, 26.279182708947221 ], [ 89.19793209961783, 26.279677247408252 ], [ 89.19788125741259, 26.280037067441679 ], [ 89.197463637916158, 26.280238098063133 ], [ 89.197130782874297, 26.280216852263152 ], [ 89.196676588491812, 26.280170488259717 ], [ 89.196409324982312, 26.280341174426805 ], [ 89.196009429406345, 26.281176165135101 ], [ 89.195714789267626, 26.281430033459745 ], [ 89.195263174431219, 26.281466461297114 ], [ 89.194869668140456, 26.281419167660548 ], [ 89.194261439101282, 26.281238582116433 ], [ 89.193210236588115, 26.280269168303565 ], [ 89.19154275258775, 26.278546005738328 ], [ 89.191206963258907, 26.278334020245008 ], [ 89.190817531744912, 26.278425778483253 ], [ 89.190516192781175, 26.278644862457682 ], [ 89.189958407828101, 26.279049959137161 ], [ 89.189931461161493, 26.279187675867981 ], [ 89.190027648669599, 26.279432374788723 ], [ 89.191072013488125, 26.280260359948656 ], [ 89.192157641330567, 26.281419235874644 ], [ 89.192852210196662, 26.282559387471174 ], [ 89.192892426299409, 26.282915628590491 ], [ 89.192903425406456, 26.283299781646022 ], [ 89.192321806485481, 26.284105017894106 ], [ 89.191700544914468, 26.284798567468489 ], [ 89.191708255032538, 26.285208561211988 ], [ 89.191836224569883, 26.285562052123574 ], [ 89.191889369472705, 26.285612568802232 ], [ 89.192175938064793, 26.285884965521451 ], [ 89.192181592429307, 26.286185641679523 ], [ 89.191461048322097, 26.286579438855323 ], [ 89.190711204288192, 26.287028365361554 ], [ 89.190111426878062, 26.287392970052675 ], [ 89.189907384313372, 26.287833557590108 ], [ 89.189550184501385, 26.28819445665404 ], [ 89.189158552704157, 26.288337144609294 ], [ 89.18861325108891, 26.288372807448805 ], [ 89.188158405084494, 26.288379746635659 ], [ 89.187367439844721, 26.288255100513894 ], [ 89.187122804441216, 26.288149461847077 ], [ 89.187088890546448, 26.287958584716066 ], [ 89.187143895034566, 26.287656983839227 ], [ 89.187196847710268, 26.287246045324768 ], [ 89.186888490846457, 26.286977325225784 ], [ 89.186585263807189, 26.28698194763394 ], [ 89.186190555801375, 26.286960621835227 ], [ 89.185882714481593, 26.286719234251869 ], [ 89.185846753948496, 26.286419018889376 ], [ 89.185797467826873, 26.285408112643651 ], [ 89.185850423879842, 26.284997174288677 ], [ 89.185844786148806, 26.284696497707618 ], [ 89.185657215974146, 26.284398592153142 ], [ 89.185259442497781, 26.284213257419612 ], [ 89.184500879197287, 26.28419746760197 ], [ 89.184137014432565, 26.28420300782545 ], [ 89.18283623597975, 26.284386858800413 ], [ 89.181984658025542, 26.284263103581608 ], [ 89.181823838938783, 26.283773390886076 ], [ 89.181293021744651, 26.282961198197238 ], [ 89.181229310429359, 26.28279811393919 ], [ 89.180958971190222, 26.282938934097722 ], [ 89.180510278826603, 26.283273860424572 ], [ 89.180297513660818, 26.283249752241421 ], [ 89.179963973404753, 26.283254820867413 ], [ 89.179186332806225, 26.283840820943322 ], [ 89.178884134102773, 26.283900095710809 ], [ 89.178641046156784, 26.283876444743054 ], [ 89.177930362723799, 26.283176385303562 ], [ 89.177499736941357, 26.282855238941412 ], [ 89.17716160888908, 26.282614647315036 ], [ 89.175733009849836, 26.282450082721105 ], [ 89.175459127461679, 26.282401360878321 ], [ 89.175364065864372, 26.282183195969957 ], [ 89.17529156755252, 26.281548725892787 ], [ 89.175258239703467, 26.28073031186457 ], [ 89.175195325064053, 26.280106811195335 ], [ 89.175299725991735, 26.279887531753754 ], [ 89.175678936269676, 26.2798804009965 ], [ 89.17622605618395, 26.279652796729032 ], [ 89.176437518504031, 26.279213937088695 ], [ 89.176356151216496, 26.279025177734699 ], [ 89.176005395376905, 26.279004600771451 ], [ 89.175435268290684, 26.279015405060967 ], [ 89.174610863767455, 26.279031174948098 ], [ 89.174102695031237, 26.278714805203933 ], [ 89.173771893982632, 26.278911506099597 ], [ 89.174073928561455, 26.279068719747109 ], [ 89.174319066498796, 26.279607442211262 ], [ 89.173934634936828, 26.279886520932848 ], [ 89.173495794577946, 26.279949397677928 ], [ 89.173576701132944, 26.280110743527821 ], [ 89.173917615356714, 26.280321289568231 ], [ 89.173827147851583, 26.280648673328734 ], [ 89.173350691931219, 26.280658026056276 ], [ 89.172945073349183, 26.280803209093499 ], [ 89.172835080717221, 26.28099616842788 ], [ 89.172911299584513, 26.281103248309304 ], [ 89.173610056932034, 26.281222133230735 ], [ 89.173714338482043, 26.281545404741447 ], [ 89.17379373577505, 26.28255035974238 ], [ 89.173805555536418, 26.283184294471653 ], [ 89.173842446515039, 26.283536155295167 ], [ 89.174148670042371, 26.283692583513936 ], [ 89.174664070380885, 26.283680684095394 ], [ 89.175361362209884, 26.283663831658558 ], [ 89.175698931428627, 26.283874546194365 ], [ 89.175734845256841, 26.284173669579737 ], [ 89.175657598822553, 26.284910233285469 ], [ 89.175430759318772, 26.285757393434032 ], [ 89.175406552510111, 26.286085562893987 ], [ 89.175290871819044, 26.286388084435899 ], [ 89.174960893100533, 26.286584567873163 ], [ 89.174205378947221, 26.286733235811599 ], [ 89.173295719394105, 26.286748553625063 ], [ 89.171962583580694, 26.286826401559011 ], [ 89.171722020658663, 26.286939165089947 ], [ 89.171544658929193, 26.287186989897233 ], [ 89.171367792588597, 26.287462038852926 ], [ 89.171282401582957, 26.287762896060691 ], [ 89.171071157278377, 26.287820772801584 ], [ 89.170798252666529, 26.287825164714128 ], [ 89.170401549274359, 26.287804085522119 ], [ 89.170068994071599, 26.287945467427097 ], [ 89.170015742332382, 26.288191364192301 ], [ 89.16995985202945, 26.288410149332531 ], [ 89.169441587444481, 26.288417726732742 ], [ 89.168823777549264, 26.288399878778321 ], [ 89.16819876631844, 26.288355417779798 ], [ 89.167725967261063, 26.288308850648487 ], [ 89.16707889923876, 26.288455514507245 ], [ 89.166743977247734, 26.288922458198801 ], [ 89.166663103568908, 26.28938455589282 ], [ 89.166560858996021, 26.289878294994118 ], [ 89.166570577173474, 26.29042694302526 ], [ 89.166305892661953, 26.290897541748109 ], [ 89.16585632710742, 26.291206369062692 ], [ 89.165225190752309, 26.291516284455849 ], [ 89.164679488342088, 26.291523922819493 ], [ 89.164313383636369, 26.291419506408033 ], [ 89.163536948072931, 26.291185975971178 ], [ 89.162837853435533, 26.290815998973539 ], [ 89.16211704615867, 26.290609908695135 ], [ 89.161812420871144, 26.290642060669349 ], [ 89.161666715546659, 26.29075336756522 ], [ 89.161726277655788, 26.291760981039083 ], [ 89.161944149167681, 26.292878308333336 ], [ 89.161779376984597, 26.293810711788161 ], [ 89.161471659502439, 26.295209808764717 ], [ 89.160730758655447, 26.296150612314065 ], [ 89.160490687287535, 26.296290941102892 ], [ 89.160217249298029, 26.296267718042678 ], [ 89.159850807574216, 26.29613652513633 ], [ 89.158734775749423, 26.294840894885418 ], [ 89.158507308759766, 26.294024047394096 ], [ 89.157972809745232, 26.292064286662463 ], [ 89.157682629638046, 26.291713924451113 ], [ 89.157371322993924, 26.291554856073866 ], [ 89.157110045709871, 26.291749738101952 ], [ 89.156895327016002, 26.292353356003222 ], [ 89.156786840726795, 26.292846865275425 ], [ 89.156540220773408, 26.294272377799796 ], [ 89.155922102417207, 26.295293339052858 ], [ 89.155381804720562, 26.295602226693291 ], [ 89.154810167703815, 26.295856898176325 ], [ 89.154475755886679, 26.295861922263477 ], [ 89.154203653439041, 26.295866009660848 ], [ 89.153258545201624, 26.295607039536428 ], [ 89.152114242786567, 26.294420886977679 ], [ 89.151612885605928, 26.293553450572393 ], [ 89.151546684567677, 26.293253677331744 ], [ 89.151731201291639, 26.291747073885958 ], [ 89.151897702306158, 26.29126012061862 ], [ 89.15219166179952, 26.290400385695239 ], [ 89.152009763423266, 26.289967366074247 ], [ 89.151710653323576, 26.28991911759865 ], [ 89.15143605821622, 26.290032668311181 ], [ 89.150847840255636, 26.290423425366839 ], [ 89.150156799387375, 26.290734490195835 ], [ 89.149735927604823, 26.290904806507207 ], [ 89.146761033558334, 26.291195994819901 ], [ 89.146188051598131, 26.291204339220094 ], [ 89.145823553034319, 26.29115507845022 ], [ 89.145506809978556, 26.290914381975345 ], [ 89.145196209046375, 26.290755285606142 ], [ 89.144808688900568, 26.290760596940256 ], [ 89.144504730020358, 26.29085934669364 ], [ 89.144283083424739, 26.290931265941278 ], [ 89.1434354328333, 26.291324944163577 ], [ 89.142929235447951, 26.291496106302901 ], [ 89.14262621104325, 26.291473237713333 ], [ 89.142349786584319, 26.291285968186102 ], [ 89.142069165861827, 26.290880032590884 ], [ 89.141992923545203, 26.290279963603382 ], [ 89.141993466952073, 26.289570257012915 ], [ 89.142077881673217, 26.289024085308913 ], [ 89.1421019703496, 26.288261951807112 ], [ 89.142004429875882, 26.287638552528623 ], [ 89.141924704353826, 26.287125307674788 ], [ 89.141695818205775, 26.286803239702415 ], [ 89.141441792060874, 26.286642815860205 ], [ 89.141198442999737, 26.286643641358527 ], [ 89.141034446634379, 26.286643894063946 ], [ 89.140626854435666, 26.287241435456046 ], [ 89.14011821810476, 26.288694394275193 ], [ 89.139843582017079, 26.290257018189475 ], [ 89.139306552842882, 26.292397750709963 ], [ 89.138838407602677, 26.293334380219541 ], [ 89.138304588900695, 26.293998561962731 ], [ 89.137823893822784, 26.294251811160997 ], [ 89.13737251917361, 26.294449936384403 ], [ 89.136764502595028, 26.294376968274694 ], [ 89.136246961453978, 26.294275307662655 ], [ 89.135818393974503, 26.29406295002768 ], [ 89.135660254144497, 26.293709850205325 ], [ 89.135438731329188, 26.292456387189553 ], [ 89.134657132835386, 26.290536359520559 ], [ 89.133892946325332, 26.289595427620203 ], [ 89.133599137667957, 26.289409745539135 ], [ 89.133170422547551, 26.289417572130759 ], [ 89.132606981499848, 26.289619046204539 ], [ 89.13037515860232, 26.291244474340555 ], [ 89.129659080557886, 26.291851214495789 ], [ 89.129502491190934, 26.291983892782184 ], [ 89.12847249323579, 26.292860273681587 ], [ 89.127910489179101, 26.293375994160801 ], [ 89.127898478542178, 26.293387015807948 ], [ 89.127898215321522, 26.293388393422191 ], [ 89.126583092740177, 26.294716949146085 ], [ 89.126991869845412, 26.295033778667758 ], [ 89.128215460922732, 26.295302193440264 ], [ 89.12951212221499, 26.295567580150337 ], [ 89.13059945923564, 26.295980822907431 ], [ 89.13084961586253, 26.296079706600079 ], [ 89.131941476231461, 26.296511297388427 ], [ 89.13220064503021, 26.296613739745062 ], [ 89.132669618183314, 26.296905272361261 ], [ 89.132941583984945, 26.297289285205885 ], [ 89.132946732541328, 26.297570533986441 ], [ 89.132947046946086, 26.297587708753969 ], [ 89.132756591604348, 26.29803829981751 ], [ 89.132271435616232, 26.298672376191586 ], [ 89.131960695059945, 26.299014679604845 ], [ 89.131914340708562, 26.29906574276124 ], [ 89.131090991326332, 26.299316784333147 ], [ 89.130266547770844, 26.299508137293987 ], [ 89.129978389198229, 26.300049728332592 ], [ 89.129954009825695, 26.300527699965709 ], [ 89.130128831455124, 26.301032563255202 ], [ 89.130273568491916, 26.301192321903311 ], [ 89.130635840077048, 26.301592191129554 ], [ 89.131128212704283, 26.302172353941206 ], [ 89.13121125559519, 26.302270203453411 ], [ 89.131230463955305, 26.30232203304169 ], [ 89.131272024172915, 26.302434181956105 ], [ 89.130608374484922, 26.303711989430024 ], [ 89.130489756330263, 26.30389702163367 ], [ 89.130125367899126, 26.304465430107399 ], [ 89.129839380834966, 26.305126390295861 ], [ 89.129818275561362, 26.305783416519933 ], [ 89.12999744488107, 26.306188867459166 ], [ 89.130423477394359, 26.306622180446293 ], [ 89.131181133028434, 26.306939470720195 ], [ 89.131862620348201, 26.307078397969072 ], [ 89.132617531642524, 26.307067171130829 ], [ 89.134168820385867, 26.306775433609292 ], [ 89.134962931876942, 26.30673376048486 ], [ 89.135228364981813, 26.306759658288826 ], [ 89.135459030356486, 26.307085309571487 ], [ 89.135500363327367, 26.307143663876705 ], [ 89.135512948812746, 26.307830038002901 ], [ 89.13552717641241, 26.308605938200884 ], [ 89.135215762323099, 26.309685194505068 ], [ 89.134501529145112, 26.310471942445705 ], [ 89.133811102134914, 26.3107508750699 ], [ 89.132589240685263, 26.310948159393732 ], [ 89.13203070764385, 26.311195271132206 ], [ 89.131928793017394, 26.311377001914725 ], [ 89.131709966779368, 26.311767200951305 ], [ 89.13168504935571, 26.312215328557713 ], [ 89.132196489631255, 26.313013686746956 ], [ 89.132773616162538, 26.313781214018569 ], [ 89.133906013260088, 26.314122567611999 ], [ 89.134740947998608, 26.314498192563477 ], [ 89.13598474093412, 26.315494579555391 ], [ 89.136342790578624, 26.315884534716268 ], [ 89.136508275867484, 26.316885955470259 ], [ 89.136615547246677, 26.317843035102978 ], [ 89.136621426043206, 26.317864530450034 ], [ 89.136610984541733, 26.317955668920614 ], [ 89.136292989143897, 26.318676819715137 ], [ 89.13589455105641, 26.31890041886497 ], [ 89.135801205135508, 26.318952802861112 ], [ 89.13550097551088, 26.319054506749282 ], [ 89.135340343280063, 26.319108921879902 ], [ 89.133916430188023, 26.319130128461495 ], [ 89.132487048527551, 26.318852897277068 ], [ 89.131553291721772, 26.318508580649478 ], [ 89.131292378626611, 26.318469265639823 ], [ 89.130291130641311, 26.318318391580046 ], [ 89.129496936778295, 26.318360043674183 ], [ 89.12903497662586, 26.318456457911832 ], [ 89.128709291644213, 26.318759800659855 ], [ 89.128560656276278, 26.31898218979881 ], [ 89.128779673474355, 26.319428093256569 ], [ 89.128788072522639, 26.319445193065039 ], [ 89.129366849474664, 26.320302260128237 ], [ 89.129412053790233, 26.320600137142058 ], [ 89.129479842801771, 26.321046844547663 ], [ 89.129224749722624, 26.321587943097395 ], [ 89.128667251741021, 26.321894729766257 ], [ 89.128303530193392, 26.321929982065832 ], [ 89.12744198878535, 26.321912922913587 ], [ 89.126313345523556, 26.321780419342627 ], [ 89.125347009608873, 26.321466396486194 ], [ 89.123845937315423, 26.320891637498605 ], [ 89.123721196282773, 26.320820383424426 ], [ 89.122674395058226, 26.320222429294937 ], [ 89.121639131126429, 26.319760147979803 ], [ 89.120037666031891, 26.319127131804755 ], [ 89.119002422228178, 26.318664830123662 ], [ 89.117466670662552, 26.31800096155915 ], [ 89.116304955855526, 26.317868865265613 ], [ 89.115797457904321, 26.318016288281406 ], [ 89.115547123572725, 26.318089006453771 ], [ 89.113799103812752, 26.318502855092543 ], [ 89.113111417463344, 26.318920265759001 ], [ 89.11288814713653, 26.3194118083875 ], [ 89.112410379595204, 26.320463625285669 ], [ 89.112422294733065, 26.321120165696634 ], [ 89.112475450378852, 26.322223858137434 ], [ 89.112621996908587, 26.322997816718516 ], [ 89.112699604897372, 26.323623536811063 ], [ 89.112511742570945, 26.324223320436371 ], [ 89.112187079922919, 26.324586314446698 ], [ 89.111728867517357, 26.324891574343393 ], [ 89.110905287325522, 26.325142512798326 ], [ 89.11017780627499, 26.325212928123019 ], [ 89.109284201283046, 26.325255934245941 ], [ 89.108323947594812, 26.325114551461837 ], [ 89.107668455678265, 26.324884084878594 ], [ 89.107061552224806, 26.324295994767485 ], [ 89.106253258331222, 26.323561606844088 ], [ 89.105376042523503, 26.322678972307312 ], [ 89.104709406612201, 26.322449958229562 ], [ 89.104274584835139, 26.322217536614875 ], [ 89.103878175981492, 26.322244395298373 ], [ 89.103875406940489, 26.322241307626122 ], [ 89.103432441966689, 26.322247809503242 ], [ 89.103105717603199, 26.322299848650413 ], [ 89.102111258209277, 26.322458239034528 ], [ 89.101586576321367, 26.322752501214527 ], [ 89.101121773812736, 26.323427975163277 ], [ 89.100722019104182, 26.324771153222077 ], [ 89.100323979817645, 26.326209827404263 ], [ 89.099816509089749, 26.327459058990897 ], [ 89.098906242228438, 26.326947019149785 ], [ 89.097824108603689, 26.325721068964004 ], [ 89.097442792172075, 26.325232985751963 ], [ 89.096901818860772, 26.324540532275243 ], [ 89.096144526080437, 26.323691905096883 ], [ 89.095640997261967, 26.322218664181452 ], [ 89.095084498301901, 26.320746194962144 ], [ 89.094008478103618, 26.319854452163394 ], [ 89.093412302938347, 26.319710323819272 ], [ 89.091470364934878, 26.32017807964796 ], [ 89.08951592612064, 26.320540917406674 ], [ 89.087776840927702, 26.321091637591874 ], [ 89.087044463889157, 26.321627682252153 ], [ 89.086952191746946, 26.322393211292241 ], [ 89.087337650740125, 26.323199544944579 ], [ 89.088083742244876, 26.323427484574644 ], [ 89.089734035166302, 26.323833284601953 ], [ 89.090804916005766, 26.324438565353901 ], [ 89.091403216165418, 26.325289542645397 ], [ 89.091629754125293, 26.326098181830208 ], [ 89.091911000447013, 26.327001545206031 ], [ 89.092137546091038, 26.327810182996416 ], [ 89.092312527703399, 26.328178481836865 ], [ 89.092465778581641, 26.328378527899481 ], [ 89.094764912939809, 26.329491211328662 ], [ 89.096320516574977, 26.330519212352446 ], [ 89.097460837683258, 26.332030887693445 ], [ 89.098073867093575, 26.333693559313652 ], [ 89.098922149923013, 26.335199833372322 ], [ 89.098965442709201, 26.335370057304633 ], [ 89.099516364519644, 26.336526167160045 ], [ 89.100203068374952, 26.337543398548288 ], [ 89.100428841764966, 26.33818348071221 ], [ 89.100588105814452, 26.339957864337762 ], [ 89.100628469887411, 26.342192498729467 ], [ 89.100468738768825, 26.343914245716281 ], [ 89.10059389684892, 26.345213548931333 ], [ 89.10073887554563, 26.345907499094285 ], [ 89.100706584439052, 26.347054242198357 ], [ 89.100567436861624, 26.34815479011635 ], [ 89.100160710862184, 26.349115979514032 ], [ 89.099656606303483, 26.350556207084384 ], [ 89.098818978341441, 26.351141619659668 ], [ 89.097823206059132, 26.351777105823 ], [ 89.097356554016983, 26.352357075629669 ], [ 89.097318201226074, 26.353169579170743 ], [ 89.097756848079911, 26.353975094863792 ], [ 89.098246777808384, 26.354684334589674 ], [ 89.098684575166018, 26.355442098685366 ], [ 89.098906926447157, 26.356011973729913 ], [ 89.098917274754854, 26.356584956060658 ], [ 89.098558337630905, 26.357258873883374 ], [ 89.097824074816231, 26.357699484289743 ], [ 89.097304255952949, 26.357883835564301 ], [ 89.096626040488147, 26.358146882881233 ], [ 89.095680186364973, 26.358614461281046 ], [ 89.094625736959784, 26.358940338984613 ], [ 89.094397592654801, 26.359018885096773 ], [ 89.093740769662659, 26.359245012425131 ], [ 89.093136161940862, 26.359391974174777 ], [ 89.092814571600357, 26.359513348136346 ], [ 89.091432913255389, 26.360034799492571 ], [ 89.091029804678087, 26.360186933180298 ], [ 89.090611353376204, 26.36038892688136 ], [ 89.08929529899082, 26.361024197144499 ], [ 89.088795620776551, 26.36122037072268 ], [ 89.088031796594265, 26.361520242576187 ], [ 89.086292960418518, 26.362118728835469 ], [ 89.086209424606807, 26.362160833694571 ], [ 89.085609907307969, 26.362463010256235 ], [ 89.085300451536355, 26.362945132238064 ], [ 89.085259446009871, 26.363614389292373 ], [ 89.085538184460148, 26.364374510983374 ], [ 89.086452991904039, 26.365125362911613 ], [ 89.087889286829977, 26.365390990780053 ], [ 89.089116140160499, 26.365802944176693 ], [ 89.089780555171416, 26.367369368977098 ], [ 89.090457019678169, 26.369604272472461 ], [ 89.09066417410358, 26.372275877157609 ], [ 89.090320617220556, 26.373809255282623 ], [ 89.090172761457836, 26.374432310811159 ], [ 89.089970176487398, 26.374960642525473 ], [ 89.089407923399776, 26.375755924567905 ], [ 89.089398144368033, 26.376468698368932 ], [ 89.089650010682192, 26.37720532030086 ], [ 89.090001027207222, 26.377558403918265 ], [ 89.090432852953256, 26.377981947869838 ], [ 89.090973712750142, 26.378571060861763 ], [ 89.091673613777587, 26.379157847890649 ], [ 89.092217498192767, 26.379914075736117 ], [ 89.092532731665202, 26.381222899277283 ], [ 89.092404933636288, 26.381487454223901 ], [ 89.09197540795067, 26.382663882994429 ], [ 89.092071278227948, 26.383569942789212 ], [ 89.092294951912692, 26.384211448365821 ], [ 89.092628100619294, 26.385042395940943 ], [ 89.093206709126562, 26.386251841353733 ], [ 89.093756668614972, 26.387342300137242 ], [ 89.094669772318937, 26.389454302509737 ], [ 89.094899507755727, 26.390430040738128 ], [ 89.094913300015875, 26.391194015462737 ], [ 89.094844549804648, 26.391792035777939 ], [ 89.094510280032594, 26.392370062789333 ], [ 89.093773633885803, 26.392691293385244 ], [ 89.092889678867493, 26.392932807092656 ], [ 89.092888480018644, 26.392933849049022 ], [ 89.092732628787758, 26.392897570415666 ], [ 89.092541075859955, 26.392862164046825 ], [ 89.092093659234862, 26.392754081650175 ], [ 89.091730383376884, 26.39260655811211 ], [ 89.091386593522998, 26.392363226982642 ], [ 89.090977120017882, 26.392006227655344 ], [ 89.090203959146024, 26.391574394816573 ], [ 89.090105937004239, 26.391483238531347 ], [ 89.088982257572212, 26.390926516628227 ], [ 89.088101030476039, 26.390581173524186 ], [ 89.087180046222713, 26.390236403863916 ], [ 89.086582962130663, 26.390209292352253 ], [ 89.085558787083272, 26.39076154059158 ], [ 89.085327289489513, 26.391158945103893 ], [ 89.085327842058135, 26.391160304447062 ], [ 89.085660197530487, 26.391977973857568 ], [ 89.086553021130243, 26.392967939491083 ], [ 89.087366332511621, 26.393959059006004 ], [ 89.088386213822062, 26.395377007944919 ], [ 89.088402329957873, 26.396272294777052 ], [ 89.088090658769403, 26.396635053753307 ], [ 89.087814237539334, 26.39674655066327 ], [ 89.086223642291358, 26.396769758515454 ], [ 89.084801740133855, 26.396574595639571 ], [ 89.084481732297931, 26.396562318137562 ], [ 89.083710371665646, 26.396430273546915 ], [ 89.083285355849355, 26.396388702836514 ], [ 89.082084696555327, 26.395976333213365 ], [ 89.081567608794671, 26.395798733864769 ], [ 89.081174624450696, 26.395645776923931 ], [ 89.080914189666302, 26.395544409672578 ], [ 89.080155148661973, 26.395211569054105 ], [ 89.079470509393687, 26.3948871936669 ], [ 89.078817515092354, 26.39455280299028 ], [ 89.078292966160248, 26.394283409426471 ], [ 89.077951865016786, 26.394036758434478 ], [ 89.077787918230982, 26.393918207432705 ], [ 89.077572079534306, 26.393745707508636 ], [ 89.077237704956616, 26.392733358215708 ], [ 89.076697372907688, 26.392174036378417 ], [ 89.07576616525705, 26.392024946012164 ], [ 89.075526415965811, 26.391986559511203 ], [ 89.075138115880989, 26.392068503623083 ], [ 89.074831970831553, 26.392371453225127 ], [ 89.07448819417732, 26.392794350681463 ], [ 89.074211103925407, 26.393610313755747 ], [ 89.073974730349462, 26.394053776744904 ], [ 89.073800608527563, 26.394380447919804 ], [ 89.073075707437511, 26.394709409493835 ], [ 89.072985209076734, 26.394750477694782 ], [ 89.072141204751333, 26.395056950869783 ], [ 89.072016732950402, 26.395086898962013 ], [ 89.070905025911145, 26.395198520251281 ], [ 89.070376532935526, 26.395301693828532 ], [ 89.06958549600111, 26.395551948485949 ], [ 89.069062960910557, 26.395989361332166 ], [ 89.069050017000222, 26.396002547489015 ], [ 89.069044223002237, 26.395929930450251 ], [ 89.068252113400106, 26.396120491600698 ], [ 89.066930861888537, 26.396378397481829 ], [ 89.065194949553188, 26.395687046732576 ], [ 89.063069898508871, 26.395478903248335 ], [ 89.062012679635799, 26.395673253440513 ], [ 89.060687173441394, 26.395692354843575 ], [ 89.059883392226581, 26.395226314808227 ], [ 89.059195216824008, 26.39380337220458 ], [ 89.058252552740484, 26.392981108928801 ], [ 89.057656088539417, 26.392989689581636 ], [ 89.05655164776087, 26.394259317105643 ], [ 89.055939948396301, 26.395308793044801 ], [ 89.05577961911051, 26.395583862275487 ], [ 89.054684648263461, 26.397390661008473 ], [ 89.053730809945677, 26.397874866896107 ], [ 89.052385032255444, 26.398558018232244 ], [ 89.051584321180925, 26.398677956244143 ], [ 89.05127088342519, 26.398682725163237 ], [ 89.049933082816466, 26.398594101800548 ], [ 89.047562878692503, 26.398461956104981 ], [ 89.046938951955212, 26.39847316181714 ], [ 89.046905819930529, 26.398497929946672 ], [ 89.046602248788574, 26.398724863208926 ], [ 89.046398202132394, 26.399029555799821 ], [ 89.046401420502733, 26.399275675473426 ], [ 89.046539101756991, 26.399382668351034 ], [ 89.047560236099727, 26.3997477605418 ], [ 89.047831294204187, 26.399907292878833 ], [ 89.047822568801365, 26.40020898582522 ], [ 89.047735017802637, 26.400896048504535 ], [ 89.04764894945248, 26.401802141774759 ], [ 89.047577062709678, 26.402241857797211 ], [ 89.047440740973173, 26.402847010347038 ], [ 89.04727803987231, 26.403123746885594 ], [ 89.046859431032885, 26.403459608116851 ], [ 89.046473556607694, 26.403657961245592 ], [ 89.045829609476129, 26.403997780478505 ], [ 89.045153293198055, 26.404530033419128 ], [ 89.044897183405624, 26.404972807977931 ], [ 89.044898888564845, 26.405246687526457 ], [ 89.045030979605031, 26.405709963983643 ], [ 89.045170010040991, 26.406912349981464 ], [ 89.044989469728833, 26.407928539307026 ], [ 89.044883542535388, 26.409490680167458 ], [ 89.044699270988318, 26.40993186856678 ], [ 89.044140778210149, 26.41033897942388 ], [ 89.043659989759334, 26.410689520143265 ], [ 89.043027643634971, 26.411029467789312 ], [ 89.042745745398889, 26.411308288337807 ], [ 89.042531762398141, 26.411749994470245 ], [ 89.042541917786338, 26.412187481413881 ], [ 89.042933647761458, 26.412563195525049 ], [ 89.04348392558191, 26.412963462840136 ], [ 89.0437210851684, 26.413643056282247 ], [ 89.043916024408759, 26.415308022060614 ], [ 89.04420303966964, 26.418199522390609 ], [ 89.0443451757791, 26.418989692327916 ], [ 89.044602869171527, 26.419368375751766 ], [ 89.044823835376278, 26.419474230192442 ], [ 89.045543962913158, 26.419489817382118 ], [ 89.046169780903242, 26.419506907000724 ], [ 89.04642417181249, 26.419858877897084 ], [ 89.046396103274731, 26.420188340736487 ], [ 89.046335194402502, 26.420408827357953 ], [ 89.04586726911387, 26.420526237570485 ], [ 89.044836553679048, 26.420625197990368 ], [ 89.04399301085131, 26.420638456091972 ], [ 89.043243672757583, 26.42064986090702 ], [ 89.04100601770098, 26.420679362974372 ], [ 89.039431431977306, 26.420812175951802 ], [ 89.035308032943306, 26.421251796748809 ], [ 89.033039447038774, 26.421411573955403 ], [ 89.032827760498137, 26.421612776428024 ], [ 89.03280540130136, 26.421797498439943 ], [ 89.03285086706741, 26.422066009784107 ], [ 89.032975272734632, 26.423226625045316 ], [ 89.032822134892299, 26.424365711840732 ], [ 89.032657472065267, 26.426206845679182 ], [ 89.032488765325866, 26.426453477670929 ], [ 89.032089197728382, 26.426474022869868 ], [ 89.030401563560929, 26.426385344859987 ], [ 89.028728455042369, 26.426027808627023 ], [ 89.027876500352079, 26.426109812146553 ], [ 89.026729996456751, 26.426241990752754 ], [ 89.026636215730377, 26.426378058118569 ], [ 89.026862477497886, 26.426793389268671 ], [ 89.027250944796933, 26.427282498571177 ], [ 89.028572541178363, 26.428879913516059 ], [ 89.029014069158308, 26.429435417573988 ], [ 89.029099515438389, 26.429625031408889 ], [ 89.028828701155376, 26.429924748045956 ], [ 89.02817519810165, 26.430312574522357 ], [ 89.026019280967574, 26.431635902091116 ], [ 89.025625765418269, 26.432046555928864 ], [ 89.025681126583294, 26.432216584337805 ], [ 89.026319694509496, 26.432246628811292 ], [ 89.026858738945734, 26.432502561131383 ], [ 89.026961287717512, 26.432919038414227 ], [ 89.027278745359467, 26.433744164471491 ], [ 89.02736422467872, 26.43395451572211 ], [ 89.02867223792704, 26.434059721857945 ], [ 89.031652263452514, 26.434129729288511 ], [ 89.032131559578659, 26.434338770443663 ], [ 89.032123173443992, 26.434502722662899 ], [ 89.032015423162363, 26.435248024866077 ], [ 89.032278099771219, 26.435516872140628 ], [ 89.033358653554473, 26.435598858557682 ], [ 89.034429048928899, 26.435543155651864 ], [ 89.034594854919632, 26.43567729472851 ], [ 89.034715726174937, 26.43726519326232 ], [ 89.034689656094855, 26.437719186640948 ], [ 89.034670427932014, 26.438059531048573 ], [ 89.034749451165951, 26.438549168307659 ], [ 89.034957841920416, 26.439008031581498 ], [ 89.035863381500931, 26.439668980654766 ], [ 89.037519624317881, 26.440642656316946 ], [ 89.040243216806402, 26.441734832548693 ], [ 89.040927219503146, 26.44192051108292 ], [ 89.042516643460928, 26.442352129756991 ], [ 89.043636510470222, 26.442417428813641 ], [ 89.044948746542602, 26.442398655747944 ], [ 89.047738338502199, 26.441978253089164 ], [ 89.047743674251436, 26.441977449132708 ], [ 89.04885076711831, 26.441444321081331 ], [ 89.048197089213502, 26.442349766997722 ], [ 89.047823458505619, 26.443464083390264 ], [ 89.047040102435417, 26.444996706300071 ], [ 89.045035563816043, 26.448848501382976 ], [ 89.045050634907014, 26.44885331569656 ], [ 89.046182413891387, 26.44914218265875 ], [ 89.046417535951193, 26.449202099703417 ], [ 89.048328592254748, 26.449879126343887 ], [ 89.049688375327733, 26.450142563632873 ], [ 89.050199409962985, 26.450610955183677 ], [ 89.05024764138517, 26.451199784654563 ], [ 89.050261901058178, 26.451792354581258 ], [ 89.05024876122917, 26.452190115369483 ], [ 89.049880637611921, 26.452911350350732 ], [ 89.049313878140936, 26.453363056447937 ], [ 89.04763097351065, 26.453799417287907 ], [ 89.046967393175805, 26.454156034995066 ], [ 89.046805302563769, 26.454395308497396 ], [ 89.046789206663163, 26.454649841743965 ], [ 89.046931120355481, 26.45490496441538 ], [ 89.047278105648616, 26.455308982862967 ], [ 89.047817958925521, 26.456207642482848 ], [ 89.047886356035193, 26.457056812190338 ], [ 89.047868084617576, 26.457590542294628 ], [ 89.047894004156433, 26.458065490062797 ], [ 89.047905675991018, 26.458254808183771 ], [ 89.04777394877128, 26.458565009769384 ], [ 89.047635262549363, 26.458634855126057 ], [ 89.04731183243274, 26.458626459915831 ], [ 89.047241537904597, 26.458459062743273 ], [ 89.046999811635615, 26.458216840511653 ], [ 89.046915070906067, 26.458213973685801 ], [ 89.0468766104118, 26.458232186604487 ], [ 89.046815661890932, 26.458261048229289 ], [ 89.046573104718803, 26.459006406326694 ], [ 89.046162219257141, 26.459776479704203 ], [ 89.046127210251797, 26.460197282475775 ], [ 89.046522349345281, 26.4609367006043 ], [ 89.047047857466879, 26.461846189664776 ], [ 89.047183629714581, 26.462321858719431 ], [ 89.047045902087447, 26.46293518098954 ], [ 89.046966766328694, 26.463261093755126 ], [ 89.047128908317802, 26.463728217262322 ], [ 89.047145637871495, 26.463735568093746 ], [ 89.047171006586694, 26.46374671405631 ], [ 89.047315725932791, 26.463810299863987 ], [ 89.047403609632084, 26.463848636741567 ], [ 89.047445855196301, 26.463867065450046 ], [ 89.049898183005624, 26.464145782979493 ], [ 89.050558752657409, 26.464229740025107 ], [ 89.051110328144475, 26.463494053062764 ], [ 89.051416271151396, 26.46351055352357 ], [ 89.051809423042428, 26.464135355170534 ], [ 89.051877489728426, 26.464382736272018 ], [ 89.051410465274515, 26.464698953821777 ], [ 89.051644448988725, 26.465634569152755 ], [ 89.051854831831776, 26.466276324707113 ], [ 89.052597739642081, 26.467770130224043 ], [ 89.0528460151194, 26.468303876511175 ], [ 89.052978101054464, 26.469018398319825 ], [ 89.052871443622422, 26.469736352142231 ], [ 89.052073425538723, 26.4714227587375 ], [ 89.051690308569619, 26.472606242807068 ], [ 89.051758890167946, 26.472884448077863 ], [ 89.051807748955966, 26.473014165272392 ], [ 89.052688119194613, 26.472984750774764 ], [ 89.054082107951146, 26.473096867015631 ], [ 89.054659527908782, 26.47310091353684 ], [ 89.054805559685192, 26.473179334775256 ], [ 89.054905484611297, 26.473298986671654 ], [ 89.054933930173576, 26.473417129425663 ], [ 89.054849229514417, 26.474263983140826 ], [ 89.054644615856077, 26.475916508181289 ], [ 89.054472618554016, 26.477387850929809 ], [ 89.054483765568961, 26.477950114105287 ], [ 89.054637179786781, 26.478230580216806 ], [ 89.055041222796518, 26.478290421196743 ], [ 89.055489224448507, 26.478323574284779 ], [ 89.056385749709705, 26.478225925278135 ], [ 89.057695307304442, 26.477852271604519 ], [ 89.058763134610601, 26.477748249066561 ], [ 89.059529475075678, 26.478037273543727 ], [ 89.059956321862686, 26.479027714898063 ], [ 89.059968987787329, 26.47973844465065 ], [ 89.059552495991582, 26.480236625912411 ], [ 89.058967584094134, 26.481994938368164 ], [ 89.058246162123581, 26.482333470804711 ], [ 89.056065464906155, 26.482626666993966 ], [ 89.055760534513112, 26.482782905850293 ], [ 89.055631597079739, 26.482848501878152 ], [ 89.055432849555615, 26.48306979432936 ], [ 89.056633469552565, 26.485362695042305 ], [ 89.057685132510471, 26.488843044036788 ], [ 89.06016550165107, 26.49389488223115 ], [ 89.059504397546149, 26.494444916655276 ], [ 89.059344038845708, 26.49471898089125 ], [ 89.059374858915334, 26.495154276246641 ], [ 89.060353427158759, 26.4968787943119 ], [ 89.060961996023821, 26.497678539380946 ], [ 89.061458236036898, 26.499130193148371 ], [ 89.061402340537938, 26.502443762295435 ], [ 89.061629820472191, 26.504756019973538 ], [ 89.062451528107886, 26.504800672990356 ], [ 89.063150631787011, 26.504791971284725 ], [ 89.063904985257935, 26.504481069538791 ], [ 89.067334310590979, 26.502517584987391 ], [ 89.068994644122199, 26.501153054586773 ], [ 89.069362423303389, 26.50062762401987 ], [ 89.069432145502006, 26.500270669290341 ], [ 89.069611004561537, 26.499638738438314 ] ] ] } },
{ "type": "Feature", "properties": { "BLOCK_NAME": "Mathabhanga-II", "SUBDIV_NAM": "Mathabhanga", "DIST_NAME": "Cooch Behar", "AREA_SQKM": 306.222 }, "geometry": { "type": "Polygon", "coordinates": [ [ [ 89.068819018480227, 26.538134055787701 ], [ 89.070195799076558, 26.537760303972746 ], [ 89.070623296137782, 26.537493097618007 ], [ 89.071306113532046, 26.537066298876166 ], [ 89.071657645176586, 26.536962540137875 ], [ 89.072442902969811, 26.536730758122044 ], [ 89.0725314985485, 26.536704606877354 ], [ 89.074270607422207, 26.536564679770098 ], [ 89.075751123400579, 26.536218351575624 ], [ 89.077359375773867, 26.535889250069165 ], [ 89.078037129652856, 26.535783848760516 ], [ 89.078288428425438, 26.535695433126527 ], [ 89.078723823944472, 26.535629597336825 ], [ 89.078758400990651, 26.534602242278176 ], [ 89.078794269182524, 26.533646508030511 ], [ 89.078930881499446, 26.533301595182277 ], [ 89.07891967421304, 26.533272690825903 ], [ 89.07891441151321, 26.53325911727989 ], [ 89.079010901766949, 26.533182163795178 ], [ 89.079060145007318, 26.533108667606811 ], [ 89.079191129857278, 26.533011235383412 ], [ 89.079518339880522, 26.533006461656591 ], [ 89.07958924935177, 26.533005427046312 ], [ 89.08012351925089, 26.53318867256743 ], [ 89.080930098319811, 26.533750024231349 ], [ 89.081438694302875, 26.533981400090113 ], [ 89.081529452075088, 26.533836083148998 ], [ 89.081619313381509, 26.533692199877727 ], [ 89.081498064839238, 26.532858161784755 ], [ 89.081519004713698, 26.532547412822375 ], [ 89.082025872136896, 26.532683290675664 ], [ 89.08261581425775, 26.533008995491123 ], [ 89.083359830325946, 26.533045882581479 ], [ 89.083541737110039, 26.532828300980604 ], [ 89.083536129734341, 26.532517940040048 ], [ 89.083319056838988, 26.532258430837533 ], [ 89.082415543862666, 26.531638731576106 ], [ 89.082197729635553, 26.531172202408982 ], [ 89.082527379812291, 26.53105210797942 ], [ 89.083189605862003, 26.530970790287668 ], [ 89.083585128425895, 26.530821727949821 ], [ 89.083441211591463, 26.530202945651506 ], [ 89.08302628783882, 26.529277680657739 ], [ 89.082879358626016, 26.528491779506307 ], [ 89.083134412544055, 26.527914926809192 ], [ 89.083474258356006, 26.527623396759587 ], [ 89.08450413975774, 26.527321777127256 ], [ 89.086305396407752, 26.527104384018472 ], [ 89.087527091485924, 26.527134258994611 ], [ 89.08831792295787, 26.527226578855483 ], [ 89.089074181247014, 26.52754143798192 ], [ 89.089862691720967, 26.527351781188045 ], [ 89.089919995803044, 26.527337998395652 ], [ 89.090390357156394, 26.526925138128497 ], [ 89.090649263817056, 26.526563138349839 ], [ 89.090687656127656, 26.526461037721816 ], [ 89.090805466769154, 26.526147724009281 ], [ 89.091288346030979, 26.525218956976964 ], [ 89.091463904086098, 26.524640775444588 ], [ 89.092008671102221, 26.523940256414534 ], [ 89.092714396480076, 26.523332894863682 ], [ 89.09284579146248, 26.523259325660575 ], [ 89.093290454075543, 26.522894594598771 ], [ 89.093771617233415, 26.523078569985124 ], [ 89.094301091422196, 26.522999152500638 ], [ 89.09485320262641, 26.522704478625428 ], [ 89.095069727975869, 26.522387061470631 ], [ 89.095215206008035, 26.522173796064461 ], [ 89.09587172932028, 26.521782062996177 ], [ 89.09629677864551, 26.521799694467227 ], [ 89.096304586607914, 26.522229422203704 ], [ 89.096184472997081, 26.522923712144092 ], [ 89.096403289596992, 26.523278696817652 ], [ 89.096752198446552, 26.523488486376678 ], [ 89.097234236824875, 26.523720197270336 ], [ 89.098059111707457, 26.523827460661416 ], [ 89.098882250393586, 26.523839223913853 ], [ 89.099597060657246, 26.523733178202836 ], [ 89.100465886670889, 26.523338298317494 ], [ 89.101448252913897, 26.523347700772671 ], [ 89.102086051031222, 26.523386058180943 ], [ 89.102431054902212, 26.523380970645885 ], [ 89.102480215775572, 26.523165324459775 ], [ 89.102622479411522, 26.522231903309308 ], [ 89.103042306877626, 26.521963030281761 ], [ 89.10346430860271, 26.521813524444781 ], [ 89.103994639441154, 26.52178181824333 ], [ 89.104126460166427, 26.521732113350019 ], [ 89.105258650959669, 26.521671255292869 ], [ 89.10580502756045, 26.521793721155625 ], [ 89.105893214260149, 26.521813486812995 ], [ 89.106892976794313, 26.522049455972613 ], [ 89.107728932738453, 26.522037099484539 ], [ 89.108123735442646, 26.521852161779922 ], [ 89.108522463517019, 26.521882085689377 ], [ 89.109085003184148, 26.522160325357291 ], [ 89.109804155700104, 26.522292964361576 ], [ 89.110833252495553, 26.521955351318184 ], [ 89.111437571341881, 26.522340422151657 ], [ 89.112202435242551, 26.522794752422904 ], [ 89.112843290805571, 26.523000175548649 ], [ 89.114868226791899, 26.522683591644252 ], [ 89.11995792354422, 26.522661726783404 ], [ 89.123406338169218, 26.522640237938031 ], [ 89.123408435805061, 26.522640224745668 ], [ 89.123487283952755, 26.521152285076365 ], [ 89.123894314111212, 26.5212592630456 ], [ 89.124297871082419, 26.521641769916339 ], [ 89.124315985378573, 26.521717241567213 ], [ 89.124413239055698, 26.52212243755692 ], [ 89.124354057965888, 26.522422645681711 ], [ 89.124338358138885, 26.52250228551063 ], [ 89.123967716210245, 26.523004187762169 ], [ 89.123938677301553, 26.52303805156026 ], [ 89.124072365897788, 26.523028069523367 ], [ 89.12435210545398, 26.523007281859691 ], [ 89.125981548245264, 26.522778670210617 ], [ 89.12598454812823, 26.522778781614562 ], [ 89.127074580480368, 26.522821243468179 ], [ 89.127873819971484, 26.52313145843042 ], [ 89.128736931799665, 26.523389882826688 ], [ 89.128739354078945, 26.523389737448955 ], [ 89.129954237185444, 26.5233298316031 ], [ 89.131141518215088, 26.522705693116041 ], [ 89.131528353779302, 26.521766571093604 ], [ 89.131619317198059, 26.521025449502488 ], [ 89.132012113433348, 26.520274832518538 ], [ 89.132785032009309, 26.520105808408093 ], [ 89.133393877797729, 26.51997266014072 ], [ 89.134948005039732, 26.519868766937773 ], [ 89.136062671962677, 26.519817234784131 ], [ 89.139755364893816, 26.519139973504636 ], [ 89.143212075688979, 26.518705268082986 ], [ 89.143214722832198, 26.518705461145977 ], [ 89.145707777905756, 26.518887338958141 ], [ 89.146448872859466, 26.519046797684698 ], [ 89.146449637126224, 26.519046408918189 ], [ 89.147042516652377, 26.518757005032452 ], [ 89.147067852270936, 26.518747441993604 ], [ 89.14915515157675, 26.517959607033486 ], [ 89.15108545332204, 26.517164928949263 ], [ 89.152046516168738, 26.516548909129856 ], [ 89.152224738803511, 26.516327485089892 ], [ 89.153242474119395, 26.515491869286585 ], [ 89.154205551951378, 26.514985171975916 ], [ 89.154499504284928, 26.514906906083965 ], [ 89.155294235925098, 26.514695302865743 ], [ 89.155399575109527, 26.514693710599147 ], [ 89.156448786284869, 26.514677846878396 ], [ 89.157414907652864, 26.514335132697738 ], [ 89.157947487525774, 26.513561507702853 ], [ 89.159148472121331, 26.512777761859926 ], [ 89.161749064359654, 26.512082162292447 ], [ 89.163913838647531, 26.510846067198912 ], [ 89.164635679389562, 26.510452152483683 ], [ 89.165176297550801, 26.510115726233444 ], [ 89.165807877338636, 26.510037284284827 ], [ 89.166691337501291, 26.509927493812917 ], [ 89.16722492440617, 26.50920858325517 ], [ 89.167878637507087, 26.508379287645074 ], [ 89.168952411131315, 26.507270034706732 ], [ 89.170547686703912, 26.507009038199854 ], [ 89.171494860712798, 26.506851458723929 ], [ 89.171553122923271, 26.506841765639919 ], [ 89.172691836519576, 26.506110638605179 ], [ 89.173161564466724, 26.505282106541099 ], [ 89.173390891920661, 26.504567321717854 ], [ 89.173747479454562, 26.504178168267469 ], [ 89.174465706657074, 26.503673085732075 ], [ 89.175669728625792, 26.503213682646848 ], [ 89.175939532316605, 26.50316348649919 ], [ 89.177300763483373, 26.502910108752737 ], [ 89.178321906389783, 26.502399341081446 ], [ 89.178384772076868, 26.502363181507032 ], [ 89.17940173892849, 26.501778309617993 ], [ 89.181028921663966, 26.501256404026986 ], [ 89.182469584409063, 26.500465063030532 ], [ 89.18318907018984, 26.500014957695541 ], [ 89.184096386395069, 26.499889288555007 ], [ 89.184097086250191, 26.499889750762676 ], [ 89.186917616523687, 26.501747935491561 ], [ 89.187088693492313, 26.501865997097447 ], [ 89.189834711920625, 26.503760991640977 ], [ 89.189837326587153, 26.503760493917863 ], [ 89.190541318525547, 26.504246404210921 ], [ 89.190597697272764, 26.504314573187798 ], [ 89.192284906973143, 26.506354541743004 ], [ 89.193165608317742, 26.507125579631502 ], [ 89.193169160426194, 26.507141897652374 ], [ 89.193509540305769, 26.508705415711699 ], [ 89.193506547144793, 26.508707221666445 ], [ 89.19352529015346, 26.508794820004407 ], [ 89.193546283191836, 26.509534318182986 ], [ 89.19355159183614, 26.509734598951844 ], [ 89.193595386963466, 26.509809010549425 ], [ 89.19374262048683, 26.510059164624739 ], [ 89.193745623789042, 26.51005857691138 ], [ 89.194024465131605, 26.510004069964346 ], [ 89.199192122945206, 26.508994230581109 ], [ 89.205849604471936, 26.507524228104035 ], [ 89.209597298025443, 26.50668753090741 ], [ 89.211901692085291, 26.506173004942372 ], [ 89.213269908291565, 26.505886194663294 ], [ 89.214017046537663, 26.505729570416801 ], [ 89.217532403184521, 26.504992949724596 ], [ 89.22189635286162, 26.504378107650634 ], [ 89.223835999928212, 26.504128798440224 ], [ 89.226075490418751, 26.50354886293572 ], [ 89.226745171438978, 26.503513518045132 ], [ 89.229354955480005, 26.503375749687077 ], [ 89.230952696604646, 26.502751425960088 ], [ 89.231403468645965, 26.502574537830771 ], [ 89.232357429902152, 26.501694878832911 ], [ 89.233944167429442, 26.500621786560188 ], [ 89.234337819149161, 26.500355558838255 ], [ 89.236023871855963, 26.499563351307305 ], [ 89.238303846900649, 26.498051106615385 ], [ 89.240407528024704, 26.496815659737891 ], [ 89.241543548215319, 26.495814280810976 ], [ 89.243320241951352, 26.493273624923237 ], [ 89.24379464602373, 26.492664693930102 ], [ 89.245913790926551, 26.492463839327019 ], [ 89.246405059696144, 26.492424974754524 ], [ 89.249212698635489, 26.492202827738542 ], [ 89.252850949985188, 26.491915696127275 ], [ 89.255439070625314, 26.491711384210177 ], [ 89.260409300981706, 26.491313064004814 ], [ 89.263918067407801, 26.490772670626207 ], [ 89.264706053479671, 26.49074644683936 ], [ 89.265135351321945, 26.491048402971099 ], [ 89.267075421576948, 26.490588080457339 ], [ 89.267393178983909, 26.490520734374435 ], [ 89.267679069909377, 26.490484079868828 ], [ 89.267688171846928, 26.490482912673404 ], [ 89.26768615933085, 26.490473327665942 ], [ 89.270448030357855, 26.48977465774966 ], [ 89.274435874849019, 26.489281726132134 ], [ 89.278910749756648, 26.488842194532271 ], [ 89.281115584627514, 26.488660754182646 ], [ 89.281280269157875, 26.488659661721062 ], [ 89.281306624922408, 26.488657720526998 ], [ 89.284418661622993, 26.488428392399438 ], [ 89.285907651842834, 26.487711851941345 ], [ 89.287387247929146, 26.486417441255728 ], [ 89.288497139133881, 26.484624007727216 ], [ 89.289140861779188, 26.483404574624473 ], [ 89.290651489776451, 26.482215331811478 ], [ 89.295916556621208, 26.479753645553416 ], [ 89.300422114254374, 26.477602654746342 ], [ 89.304018342429956, 26.475737735872542 ], [ 89.308353605339676, 26.473204304221444 ], [ 89.309681964305597, 26.472552680339128 ], [ 89.310635991248844, 26.471433361654867 ], [ 89.311996987488683, 26.469356857754974 ], [ 89.31389312423795, 26.466790660404541 ], [ 89.315022534171888, 26.465500204908096 ], [ 89.314832832053213, 26.465129260559305 ], [ 89.313369100437626, 26.464817350895864 ], [ 89.310370141039755, 26.463546841368398 ], [ 89.306867322535226, 26.461206070625895 ], [ 89.303678810047458, 26.459406940730872 ], [ 89.302444034810804, 26.458230721788848 ], [ 89.302119292756458, 26.457039439781926 ], [ 89.302065476606316, 26.454044359479287 ], [ 89.302036990227847, 26.452462423903977 ], [ 89.302077969091513, 26.451369566673989 ], [ 89.302311790199767, 26.450873415210086 ], [ 89.303155357674555, 26.450528670165909 ], [ 89.304186982566932, 26.450507134340786 ], [ 89.305886255472302, 26.450470091484274 ], [ 89.307043376522699, 26.450662577257507 ], [ 89.30959663127814, 26.450820594403339 ], [ 89.315930974734528, 26.451745039938771 ], [ 89.316919699127865, 26.451676365962243 ], [ 89.317265783979224, 26.45165227538596 ], [ 89.317983874393363, 26.451085317717066 ], [ 89.319043674408306, 26.449362857274949 ], [ 89.321183165182603, 26.447013208345503 ], [ 89.321289280556968, 26.446247796317937 ], [ 89.321099667659126, 26.445871852302265 ], [ 89.319670972041251, 26.444222695139466 ], [ 89.317211770288878, 26.442599374262578 ], [ 89.315554140485219, 26.44160695537202 ], [ 89.315236099062659, 26.440852587915369 ], [ 89.314965792359871, 26.439443292853138 ], [ 89.315230934814934, 26.43752968580343 ], [ 89.315298373689828, 26.434805316128575 ], [ 89.315240464733407, 26.431816987726666 ], [ 89.315223830642751, 26.430945082412983 ], [ 89.315260827898427, 26.42969434234595 ], [ 89.315419272069178, 26.42844138623083 ], [ 89.31793835075149, 26.424339426508922 ], [ 89.318032916272458, 26.42418158081157 ], [ 89.31866624348983, 26.423343241927284 ], [ 89.319205864065069, 26.422534841280257 ], [ 89.319410567248141, 26.422228472852101 ], [ 89.319661398039287, 26.420743246769469 ], [ 89.319797014658803, 26.419371443471537 ], [ 89.319663542549108, 26.41702209220632 ], [ 89.318657932571142, 26.415350114825138 ], [ 89.317549123842809, 26.413954578444788 ], [ 89.315781064002394, 26.412300821153117 ], [ 89.314990165138596, 26.411608309406613 ], [ 89.314458022599297, 26.411378957545164 ], [ 89.314146447382271, 26.411244633823941 ], [ 89.313365523023691, 26.411043278012915 ], [ 89.313000594262789, 26.410723332299739 ], [ 89.312987094923358, 26.410013129223305 ], [ 89.3130964572469, 26.409464329205754 ], [ 89.313721999840396, 26.407703197243833 ], [ 89.313950241103697, 26.407097893292971 ], [ 89.314576367927188, 26.405338266906263 ], [ 89.314560762072205, 26.40441077922145 ], [ 89.313244650182753, 26.404109534458417 ], [ 89.311685266942732, 26.403539009829434 ], [ 89.31107600546224, 26.403003980397653 ], [ 89.309959448040516, 26.401439698990611 ], [ 89.309387076878636, 26.400030334744375 ], [ 89.309310066062224, 26.399212651230297 ], [ 89.309655662685344, 26.398386859936075 ], [ 89.31035067359889, 26.396898752860974 ], [ 89.311694185971632, 26.394469048897406 ], [ 89.312883883376259, 26.39346333624577 ], [ 89.313729303460022, 26.392763289257129 ], [ 89.313896126501177, 26.392625226455788 ], [ 89.314432224516651, 26.392178454661536 ], [ 89.315270615462694, 26.391781365521553 ], [ 89.316413019285875, 26.391598477431021 ], [ 89.317317732211976, 26.391638370088039 ], [ 89.31937439822596, 26.392314318056595 ], [ 89.322030547318988, 26.393085195515944 ], [ 89.323417896501041, 26.39344286464538 ], [ 89.325687056951367, 26.394514065653045 ], [ 89.326314706423773, 26.394809865530615 ], [ 89.329457745668918, 26.396764196600881 ], [ 89.332072263683642, 26.397962782712931 ], [ 89.335417935299972, 26.39795536816559 ], [ 89.339007144358007, 26.397734716941407 ], [ 89.340347222381482, 26.39771466317476 ], [ 89.341684015406926, 26.397423790179712 ], [ 89.342711720231591, 26.396866204561729 ], [ 89.343242525546273, 26.39577253341859 ], [ 89.343108293518483, 26.395013907614796 ], [ 89.343034558106964, 26.394254371749042 ], [ 89.342223855033453, 26.393016247746949 ], [ 89.340162307054356, 26.389405983705043 ], [ 89.337316544823523, 26.385537375942931 ], [ 89.335510969991589, 26.383012121145864 ], [ 89.334886016093634, 26.380676296602427 ], [ 89.334597787587199, 26.379601185799874 ], [ 89.334327913014803, 26.378244245333168 ], [ 89.334298652708071, 26.37693890236714 ], [ 89.334273783142748, 26.375796042654795 ], [ 89.335220306692278, 26.372519827254457 ], [ 89.336413408992968, 26.369461071001883 ], [ 89.337349591367172, 26.367316966054332 ], [ 89.337557546963808, 26.366841016930195 ], [ 89.337826518617803, 26.364737129737097 ], [ 89.337871534322076, 26.364386568110046 ], [ 89.337841231290682, 26.362527190710907 ], [ 89.3384132841623, 26.360879890825355 ], [ 89.339061869898842, 26.36032892304442 ], [ 89.342456210048411, 26.357761533708921 ], [ 89.345082008413641, 26.355910565122983 ], [ 89.345447532067979, 26.355617819210327 ], [ 89.347522516415779, 26.353956975673711 ], [ 89.350118882116675, 26.35101915348141 ], [ 89.351233940530577, 26.349581302591677 ], [ 89.352042007704668, 26.347929716873004 ], [ 89.352020105009515, 26.346946747078526 ], [ 89.351874143142766, 26.34585740610347 ], [ 89.350807712477931, 26.344183616289151 ], [ 89.349136028579608, 26.342576047135275 ], [ 89.347389085243734, 26.340591512736903 ], [ 89.344088488506017, 26.338783151956306 ], [ 89.343701083893407, 26.338522170453157 ], [ 89.34329343195364, 26.338246787804145 ], [ 89.342395073201203, 26.338253307349124 ], [ 89.341850642700194, 26.338039192922658 ], [ 89.341644652736264, 26.337005684602094 ], [ 89.341483925710122, 26.33531640687044 ], [ 89.341277513470288, 26.334171904079504 ], [ 89.341236217946573, 26.33242674075813 ], [ 89.340708616595165, 26.330134886564291 ], [ 89.340602633503849, 26.329790003439349 ], [ 89.340390343837896, 26.329096596964671 ], [ 89.339769695554992, 26.328113333137804 ], [ 89.339046488027961, 26.326961877104996 ], [ 89.337187273644219, 26.325756797377093 ], [ 89.334254254072377, 26.324501497266866 ], [ 89.331965438159756, 26.323032945593852 ], [ 89.330569645746294, 26.321452736842271 ], [ 89.329889919568274, 26.319373634703275 ], [ 89.329882771777363, 26.31844061235125 ], [ 89.330174421629323, 26.316900438389329 ], [ 89.331376600616906, 26.315457292064458 ], [ 89.33313103862281, 26.314277108340882 ], [ 89.335014175628231, 26.313638543186364 ], [ 89.336533889851196, 26.31349807945065 ], [ 89.337992398121088, 26.313466296431212 ], [ 89.339863174440993, 26.313922979901573 ], [ 89.342420537851027, 26.315274189828649 ], [ 89.34367057544803, 26.315553438901794 ], [ 89.343902453534241, 26.315524845031142 ], [ 89.344850514081514, 26.315425921355402 ], [ 89.347099632457429, 26.31471708303355 ], [ 89.348345614717971, 26.313581981185692 ], [ 89.349015339984433, 26.311930648464038 ], [ 89.349209673086463, 26.310380500094574 ], [ 89.3490428847457, 26.30722299686602 ], [ 89.348929845249216, 26.304929559149251 ], [ 89.348399547901963, 26.303607584858806 ], [ 89.347686713096294, 26.303500970309102 ], [ 89.34675214256157, 26.303295335725341 ], [ 89.346187123197382, 26.303100497468279 ], [ 89.345602971187759, 26.303094863706569 ], [ 89.344804102149027, 26.303599633904739 ], [ 89.344214548286175, 26.303993933855288 ], [ 89.343505348567874, 26.304201092983821 ], [ 89.342891019347647, 26.30420209122742 ], [ 89.341923893196352, 26.304178318916954 ], [ 89.34097939156031, 26.304128990343798 ], [ 89.340677176219671, 26.303965066487816 ], [ 89.34053284081692, 26.303646154429913 ], [ 89.340111802095478, 26.302216837119225 ], [ 89.339443425914936, 26.30177972382721 ], [ 89.338109141192149, 26.301305300714791 ], [ 89.336709658613884, 26.300051557280742 ], [ 89.335565357076078, 26.298651319682243 ], [ 89.334604585128503, 26.297846430101174 ], [ 89.334247717229999, 26.297968635713609 ], [ 89.334004371649883, 26.298158188516222 ], [ 89.333498041972305, 26.299057041989975 ], [ 89.333184708099878, 26.299441555017886 ], [ 89.332745037854309, 26.299494617231399 ], [ 89.332344491514235, 26.29918938723587 ], [ 89.331651319815734, 26.298556794989899 ], [ 89.331112686341839, 26.29832109624811 ], [ 89.330807299818545, 26.29853979576583 ], [ 89.330813493512821, 26.299049297882135 ], [ 89.330800205425575, 26.299807953443896 ], [ 89.330810145010034, 26.301254513824439 ], [ 89.330508007545802, 26.302576860432247 ], [ 89.330161819078995, 26.303197710994656 ], [ 89.32964342852577, 26.303609576704133 ], [ 89.329192106554956, 26.30364748574036 ], [ 89.328727812633531, 26.303538424754482 ], [ 89.328168197818115, 26.303115857239753 ], [ 89.327368011933856, 26.302922611727176 ], [ 89.326508501672109, 26.302840419348502 ], [ 89.32627939311422, 26.302820679152951 ], [ 89.325486107275708, 26.302579413766107 ], [ 89.324362303270448, 26.302566871298556 ], [ 89.32339959963241, 26.302634567530294 ], [ 89.322013763512928, 26.303088933581702 ], [ 89.321272725318096, 26.303343324918686 ], [ 89.320963837847529, 26.303346696462775 ], [ 89.32076119742031, 26.302723556494907 ], [ 89.320381439680702, 26.30126942179097 ], [ 89.320226731950285, 26.300706534358714 ], [ 89.320146781669408, 26.299875845196233 ], [ 89.320405068336143, 26.299096469717551 ], [ 89.32059818547809, 26.298320254960998 ], [ 89.320577386416034, 26.29760234295285 ], [ 89.32053157168842, 26.295828578702647 ], [ 89.319911456716511, 26.295308035095861 ], [ 89.319538662111256, 26.295206637543572 ], [ 89.318904990335284, 26.295266120192032 ], [ 89.317924186751824, 26.295566435375079 ], [ 89.317094177939722, 26.295865017945268 ], [ 89.316367762724298, 26.295897479983161 ], [ 89.315159197710685, 26.295959029219741 ], [ 89.314341068208293, 26.295937189946734 ], [ 89.312884438198068, 26.295810191285845 ], [ 89.311789822643561, 26.295626045079874 ], [ 89.311266848741766, 26.295413639340385 ], [ 89.310540731443737, 26.294776491331202 ], [ 89.309458749581921, 26.293215825904284 ], [ 89.309311610463652, 26.292795079420628 ], [ 89.309318342210034, 26.292454986348925 ], [ 89.310002560265403, 26.29196281742464 ], [ 89.311196705888293, 26.291443282614399 ], [ 89.312504972799189, 26.290815671437969 ], [ 89.312817111083987, 26.290554186788643 ], [ 89.31321387423742, 26.289797960067169 ], [ 89.31291467031555, 26.288993799879393 ], [ 89.312017835939756, 26.287883087616411 ], [ 89.311058552566578, 26.287241236669228 ], [ 89.310027063546244, 26.28691174650108 ], [ 89.308638783038745, 26.286390056584569 ], [ 89.307817470533465, 26.286477815903737 ], [ 89.305503251038132, 26.287379565725089 ], [ 89.305017016303907, 26.287539453730375 ], [ 89.305039801881321, 26.287742146224666 ], [ 89.3055292630211, 26.288576564796539 ], [ 89.30659599332094, 26.28960685854998 ], [ 89.30699676198924, 26.290467191195901 ], [ 89.30701527726761, 26.291566517866787 ], [ 89.30646945284235, 26.292766212901142 ], [ 89.306240912904201, 26.294092925197916 ], [ 89.3055149810899, 26.295520759064448 ], [ 89.305255001596805, 26.295986058287529 ], [ 89.304704626182485, 26.296302758838962 ], [ 89.304587399156247, 26.296467773665114 ], [ 89.304607524068473, 26.296923732782549 ], [ 89.304663224698402, 26.297653146818327 ], [ 89.30442879678084, 26.298038957840106 ], [ 89.304282811067822, 26.298314472217214 ], [ 89.304195155396854, 26.298479849143288 ], [ 89.304119366259116, 26.299386569900239 ], [ 89.304259987675223, 26.300368740454473 ], [ 89.304387771498583, 26.300694775226606 ], [ 89.304783062726841, 26.300743103651268 ], [ 89.305181599405159, 26.300955422881444 ], [ 89.305279061867935, 26.301281944139546 ], [ 89.305256310795031, 26.301665078818335 ], [ 89.304929776274392, 26.302025756839683 ], [ 89.303607350786791, 26.304179583178712 ], [ 89.301703293072464, 26.306069331506269 ], [ 89.300594754541535, 26.306770641892911 ], [ 89.300144730205204, 26.307023929246334 ], [ 89.29990266589941, 26.30705515315055 ], [ 89.299690385990871, 26.307058558461407 ], [ 89.299557750378213, 26.306486530687348 ], [ 89.299459758461254, 26.306132673207927 ], [ 89.299095853934958, 26.306138509360267 ], [ 89.298879799987432, 26.305950589036346 ], [ 89.298870088916345, 26.305458611427298 ], [ 89.2988270901471, 26.30480278642861 ], [ 89.298549024941948, 26.304505523202199 ], [ 89.298061458873434, 26.304348229462061 ], [ 89.297635981844522, 26.304272181498916 ], [ 89.297213626905247, 26.304388265982908 ], [ 89.297036834437549, 26.304692793063733 ], [ 89.297044956497373, 26.30515873417254 ], [ 89.296809482576862, 26.305545789380986 ], [ 89.29635785537063, 26.305717044938682 ], [ 89.295993627557564, 26.305695274317639 ], [ 89.295565869317556, 26.305510043920147 ], [ 89.295195579202257, 26.305131785897835 ], [ 89.295038607006632, 26.304804841080752 ], [ 89.294761335386383, 26.304534529577641 ], [ 89.294397670513689, 26.304540025709283 ], [ 89.293944003792092, 26.304601792666158 ], [ 89.293579826376728, 26.304579907496873 ], [ 89.293333468791531, 26.304364225343093 ], [ 89.292856860130115, 26.30324806658956 ], [ 89.292169784649488, 26.302356086619497 ], [ 89.291638023733427, 26.301681300591465 ], [ 89.291378614617145, 26.301030469167117 ], [ 89.291070096083104, 26.300816712582353 ], [ 89.290284345826038, 26.300854733016028 ], [ 89.289438927820839, 26.300920852906049 ], [ 89.288414742702855, 26.301098831331014 ], [ 89.286484925416858, 26.301399944081457 ], [ 89.285493172465394, 26.301771329517386 ], [ 89.285106994476891, 26.3021891757544 ], [ 89.284990146300572, 26.30243822794888 ], [ 89.285086846769403, 26.302766190230848 ], [ 89.285278546208929, 26.303339840005592 ], [ 89.285285173314421, 26.303751918318397 ], [ 89.285085358006626, 26.304579897787811 ], [ 89.284762227403689, 26.305244194845919 ], [ 89.283540441240078, 26.306469139758708 ], [ 89.283120702110679, 26.306721892973727 ], [ 89.282545582113286, 26.306785732774014 ], [ 89.281666130291995, 26.306799731858099 ], [ 89.280786678825905, 26.306813725541161 ], [ 89.280052434536259, 26.306497313101772 ], [ 89.279555450999524, 26.305903714215987 ], [ 89.278929147427618, 26.304902055217884 ], [ 89.278653544289497, 26.30476973046714 ], [ 89.278084310673563, 26.305134209573698 ], [ 89.277483143600918, 26.305417169974149 ], [ 89.276270651383385, 26.305463766118084 ], [ 89.274557465101779, 26.304725407153661 ], [ 89.273637028592063, 26.304193186203388 ], [ 89.273565706880959, 26.303647496076085 ], [ 89.273556103658279, 26.303155509593498 ], [ 89.273956110973572, 26.301891478665983 ], [ 89.274329428867389, 26.29926081766515 ], [ 89.274438129350656, 26.297922247132988 ], [ 89.274573970987902, 26.296249424153935 ], [ 89.274621362169569, 26.295859075326337 ], [ 89.27463179128803, 26.295773163876824 ], [ 89.274940285195257, 26.293236315767221 ], [ 89.274978094617268, 26.292032996966768 ], [ 89.27561898648753, 26.29062669215805 ], [ 89.276936249111728, 26.288958222835973 ], [ 89.277363325540719, 26.288413957036795 ], [ 89.278833777876088, 26.286619563677032 ], [ 89.280093887763314, 26.285445464645683 ], [ 89.280637673470821, 26.284364442019903 ], [ 89.281835902445621, 26.282264414885301 ], [ 89.281623668877003, 26.28203502343278 ], [ 89.280400395000783, 26.280899302549312 ], [ 89.278647821154891, 26.278924503212835 ], [ 89.276535961142642, 26.276520628627885 ], [ 89.275786111934096, 26.274928146564829 ], [ 89.275667743338147, 26.273964055944614 ], [ 89.275993814652026, 26.272056588837128 ], [ 89.275933898149248, 26.27017616526793 ], [ 89.275677344481778, 26.268418745093349 ], [ 89.275516605672379, 26.267508903868819 ], [ 89.275613379066101, 26.266894095081273 ], [ 89.274652324540014, 26.266167414310107 ], [ 89.27423102571457, 26.265890447681084 ], [ 89.273729603979106, 26.265900014015148 ], [ 89.273357918233131, 26.266158206933238 ], [ 89.272503494174998, 26.267403289526808 ], [ 89.272264704099285, 26.269931942783021 ], [ 89.271839288822292, 26.270850096251582 ], [ 89.271450885550337, 26.271035109147281 ], [ 89.270676561822086, 26.271441337782111 ], [ 89.270047021926345, 26.271337578685827 ], [ 89.269044963069007, 26.270549764476105 ], [ 89.268874589846803, 26.270044326658955 ], [ 89.268430329100767, 26.267769362000735 ], [ 89.268262813053227, 26.26726611785158 ], [ 89.267624133817506, 26.267060677148784 ], [ 89.267069186671876, 26.26707040098184 ], [ 89.266085246474887, 26.267267668022829 ], [ 89.265338757058913, 26.267279489764192 ], [ 89.264558156300723, 26.267290634681082 ], [ 89.264165761610627, 26.267187890509586 ], [ 89.263846903996594, 26.266903791558956 ], [ 89.263829757724565, 26.266182758180594 ], [ 89.263051843052182, 26.266193421663999 ], [ 89.262545504422178, 26.266200648339389 ], [ 89.261608633493452, 26.266214897289412 ], [ 89.261176988515103, 26.266149683476282 ], [ 89.26094493601785, 26.266334064774945 ], [ 89.26083598392816, 26.266841454326734 ], [ 89.260725307432594, 26.267240680231101 ], [ 89.261167033297554, 26.267738832299219 ], [ 89.262124246519662, 26.268445406772955 ], [ 89.263885171931761, 26.269825824715635 ], [ 89.264410164250307, 26.270359540613445 ], [ 89.264653892904988, 26.270644798917107 ], [ 89.2647188010816, 26.271510480099014 ], [ 89.264350950277262, 26.272382984186077 ], [ 89.263384379606109, 26.273085430161771 ], [ 89.263033643371074, 26.273272176337013 ], [ 89.262563688273303, 26.27346106056314 ], [ 89.262087657632534, 26.273433193091456 ], [ 89.2612467612703, 26.273086499516641 ], [ 89.26071075070621, 26.272192226736479 ], [ 89.260169731462625, 26.271009000394027 ], [ 89.259677379343458, 26.270186653794518 ], [ 89.259147636997483, 26.269437623459236 ], [ 89.258504798033357, 26.269016738227311 ], [ 89.25798482473644, 26.268919392779271 ], [ 89.257465743731899, 26.269003286002313 ], [ 89.256945066323638, 26.269086926313605 ], [ 89.25667409292808, 26.269634319818906 ], [ 89.256360177315003, 26.270038111578181 ], [ 89.256372613091159, 26.270688047028163 ], [ 89.256594594646998, 26.271803701729699 ], [ 89.256401751053957, 26.272241356822466 ], [ 89.256392677097779, 26.273940893774412 ], [ 89.256401174341946, 26.27441088712375 ], [ 89.256496729198929, 26.27501895121339 ], [ 89.256537160363848, 26.275276408061529 ], [ 89.2567111963603, 26.276032853330271 ], [ 89.256875486085065, 26.276246915378426 ], [ 89.257924230183477, 26.276553083790439 ], [ 89.258767954056253, 26.276572779533879 ], [ 89.259250015348854, 26.276599160866432 ], [ 89.259693396328075, 26.276771401555685 ], [ 89.259979098662939, 26.277092128072503 ], [ 89.260418651185518, 26.277120167673857 ], [ 89.260623183647922, 26.277370113310191 ], [ 89.261267650455707, 26.277648224851227 ], [ 89.261952250706941, 26.277925758389475 ], [ 89.262117145794107, 26.278176639698628 ], [ 89.261723966227976, 26.27850511745137 ], [ 89.261600680855807, 26.278331247116359 ], [ 89.261040698480869, 26.278305238342259 ], [ 89.260931157305862, 26.278851618745158 ], [ 89.260618051914605, 26.279365981280598 ], [ 89.260386847842867, 26.279913101406578 ], [ 89.260155853799318, 26.280386097485358 ], [ 89.260163699782794, 26.280783155298824 ], [ 89.259889410505906, 26.281076385759004 ], [ 89.259409129771072, 26.281083902531421 ], [ 89.259148991671495, 26.281601608634208 ], [ 89.259282051290398, 26.281698071286527 ], [ 89.259293040079086, 26.282230006639907 ], [ 89.259274867909284, 26.282407663487021 ], [ 89.259278547554018, 26.282584990641098 ], [ 89.259457477859684, 26.282779366274223 ], [ 89.259575431431699, 26.283191531830866 ], [ 89.259581625316443, 26.283487133503098 ], [ 89.259473111751106, 26.283528177218866 ], [ 89.259302279246768, 26.283727849274385 ], [ 89.259417760548828, 26.284021820891564 ], [ 89.259425114947433, 26.284376534737724 ], [ 89.259429624451641, 26.284593293433524 ], [ 89.25923472231149, 26.284694714381818 ], [ 89.259216509950164, 26.284872372728728 ], [ 89.259223881877034, 26.285227027637262 ], [ 89.259211434183271, 26.285680486764761 ], [ 89.259192392371432, 26.285818708978443 ], [ 89.258842938534542, 26.285863265146475 ], [ 89.258361389506391, 26.285870378768191 ], [ 89.258232501734497, 26.285990521682795 ], [ 89.258236951946571, 26.286207212822585 ], [ 89.258389388275759, 26.287249169632364 ], [ 89.258395659540724, 26.287564265486925 ], [ 89.258224880178687, 26.287783490626865 ], [ 89.257919695498174, 26.287847137468287 ], [ 89.257546550202633, 26.287793616704004 ], [ 89.25719530327018, 26.28773977562842 ], [ 89.257025559921345, 26.28691488140813 ], [ 89.256740530601817, 26.285756731240458 ], [ 89.256453535062761, 26.285603477947923 ], [ 89.255993328842621, 26.285531706761052 ], [ 89.254856382579717, 26.285470426981288 ], [ 89.253958937109672, 26.285346507208338 ], [ 89.253779560167999, 26.285093274395344 ], [ 89.253536224755322, 26.284919848060092 ], [ 89.252988632945517, 26.284810326178057 ], [ 89.252508745615671, 26.28481790284436 ], [ 89.252248914416953, 26.284920482119375 ], [ 89.252255766702376, 26.285274885753005 ], [ 89.252216670242149, 26.285511841593976 ], [ 89.251870064069038, 26.285635490142944 ], [ 89.251432951165768, 26.285583322617274 ], [ 89.251148877931684, 26.285548432613055 ], [ 89.251064043782563, 26.285667950287362 ], [ 89.251075820545623, 26.286278311112003 ], [ 89.251082937084618, 26.28667206892672 ], [ 89.250997968845056, 26.286791579668424 ], [ 89.25116485956336, 26.287422970893751 ], [ 89.251504187201931, 26.28864477015842 ], [ 89.251417309370382, 26.290306681966971 ], [ 89.251424916675987, 26.290703532875447 ], [ 89.25171295050508, 26.291132055411939 ], [ 89.252995026700603, 26.29118452552575 ], [ 89.253042050424952, 26.291544610844213 ], [ 89.252779965129278, 26.292486658809935 ], [ 89.252908460780702, 26.292917658961894 ], [ 89.253235042979512, 26.293237429327615 ], [ 89.253527183156933, 26.29384637200873 ], [ 89.253048140919446, 26.293925726536109 ], [ 89.252972261851596, 26.294143339776891 ], [ 89.252825890734371, 26.296923671722578 ], [ 89.252859965247026, 26.298694353677359 ], [ 89.252895491644779, 26.300536217735797 ], [ 89.252785141483727, 26.301043363541588 ], [ 89.252432452707893, 26.30144601368195 ], [ 89.25068391085847, 26.302159377064971 ], [ 89.249930102850712, 26.302532213625355 ], [ 89.249455880945106, 26.302864570382571 ], [ 89.249183954759303, 26.30330205161362 ], [ 89.249030757533689, 26.303665463772631 ], [ 89.248790508261095, 26.303669232053402 ], [ 89.248621981433132, 26.303238664150069 ], [ 89.248060705012421, 26.30321136083764 ], [ 89.247259876470167, 26.303223912790425 ], [ 89.245977853957044, 26.303207903970286 ], [ 89.245053421840808, 26.303041877539084 ], [ 89.244262327894461, 26.303559675807108 ], [ 89.243930459824938, 26.305045010240914 ], [ 89.243474285407146, 26.306315683387158 ], [ 89.244041720666004, 26.308978503809783 ], [ 89.244437892633385, 26.31095797879604 ], [ 89.2444463501228, 26.311427188455724 ], [ 89.24488805289333, 26.311420210689839 ], [ 89.245525165161865, 26.311121326274943 ], [ 89.245841689257134, 26.310863608958257 ], [ 89.246320660635575, 26.310711638426987 ], [ 89.247000149563732, 26.310556509958364 ], [ 89.248784350773278, 26.311647626455144 ], [ 89.251014693828907, 26.313056654647703 ], [ 89.252296124010911, 26.313036525996779 ], [ 89.253136363424488, 26.312987220526285 ], [ 89.253614104699395, 26.312835307262493 ], [ 89.25404760804922, 26.312467483320734 ], [ 89.254640586948696, 26.312061049187829 ], [ 89.255242648942939, 26.312123780013003 ], [ 89.256218397438971, 26.312866541611054 ], [ 89.256922240330368, 26.314046786232883 ], [ 89.257763032086814, 26.316091286844873 ], [ 89.257131399480443, 26.316570544370325 ], [ 89.255587795602295, 26.317533463782418 ], [ 89.256085136329091, 26.318392053900475 ], [ 89.254700987951665, 26.319316354219865 ], [ 89.254460008328365, 26.319284044311932 ], [ 89.254055347364641, 26.319073804520059 ], [ 89.253419490802216, 26.319336508806089 ], [ 89.251665807836432, 26.319797280674148 ], [ 89.249600799630272, 26.320732229550572 ], [ 89.248527188988334, 26.321146187061611 ], [ 89.247846380202418, 26.321156866984879 ], [ 89.247192050666641, 26.322538961109302 ], [ 89.245662209139454, 26.324223582253929 ], [ 89.244723316985258, 26.325393520595156 ], [ 89.244496944546654, 26.326119084124233 ], [ 89.244553005588926, 26.326948526214661 ], [ 89.244573195193666, 26.327995135315433 ], [ 89.244364222538792, 26.329622947889266 ], [ 89.24394733274687, 26.330856907062138 ], [ 89.243282470960764, 26.331697638457339 ], [ 89.242734971609835, 26.332392126505901 ], [ 89.242466437346835, 26.333010044832893 ], [ 89.23996793399462, 26.332254909547405 ], [ 89.23952736607896, 26.332261796845625 ], [ 89.238807365052736, 26.334403004771193 ], [ 89.23768381473333, 26.334312255343981 ], [ 89.23528066883928, 26.334349770413173 ], [ 89.23187689653912, 26.334438938123697 ], [ 89.230755423369402, 26.334456404808012 ], [ 89.230399101734392, 26.334678558938798 ], [ 89.230213369555258, 26.335439572592868 ], [ 89.228879983668833, 26.336940416374098 ], [ 89.226419959223733, 26.338169587864385 ], [ 89.225635398260366, 26.339011572496442 ], [ 89.225467066034128, 26.339399290051208 ], [ 89.225367363155556, 26.339628947475074 ], [ 89.225995744036808, 26.342937076709571 ], [ 89.226521431435145, 26.343181507944244 ], [ 89.227010005491664, 26.343570771355836 ], [ 89.227620121802445, 26.3440303537853 ], [ 89.227548905105422, 26.344464171385383 ], [ 89.227452465489449, 26.34561955937248 ], [ 89.227068512483683, 26.346418575716083 ], [ 89.226872109427148, 26.346601778449195 ], [ 89.229234234547349, 26.346602745668687 ], [ 89.234370563677047, 26.347175396020663 ], [ 89.237341378635747, 26.347563677542343 ], [ 89.239914106848246, 26.352144215041658 ], [ 89.243574009721499, 26.359164178291689 ], [ 89.245774151781887, 26.363115194223617 ], [ 89.244472084020074, 26.36324456042087 ], [ 89.242895438340582, 26.363268340018379 ], [ 89.241134789228383, 26.363157703493354 ], [ 89.239220474586304, 26.362939960482375 ], [ 89.238121927669027, 26.362573423898514 ], [ 89.23781945287412, 26.362369804663299 ], [ 89.237446218752055, 26.362118553624299 ], [ 89.236922074358603, 26.361661437178739 ], [ 89.236518658437674, 26.361175185476338 ], [ 89.236232316961235, 26.36046844450221 ], [ 89.236064047590929, 26.359595926454233 ], [ 89.235773941301034, 26.358697929941084 ], [ 89.235574180927216, 26.357771309034593 ], [ 89.235550904075581, 26.356568773002184 ], [ 89.235817357919743, 26.35314825266763 ], [ 89.23548880764335, 26.350338361665965 ], [ 89.234926917046494, 26.349526922584626 ], [ 89.234340658346824, 26.34901646269682 ], [ 89.233517343963271, 26.348782783972347 ], [ 89.232911133987542, 26.348791776898125 ], [ 89.232183157965125, 26.34877523121764 ], [ 89.231578638894661, 26.34886611789463 ], [ 89.230346553308692, 26.349403283307137 ], [ 89.229208234246585, 26.35007556359065 ], [ 89.227685257346209, 26.3512179110324 ], [ 89.226676722123813, 26.352325545602032 ], [ 89.225914176070077, 26.353621053038196 ], [ 89.225836081384642, 26.354278158852996 ], [ 89.225822229673611, 26.355125740475398 ], [ 89.225839105325804, 26.356000300094767 ], [ 89.225883045180325, 26.35671050319311 ], [ 89.226310800831158, 26.358481635656002 ], [ 89.22689690637543, 26.360633672913799 ], [ 89.227244701745249, 26.363035752670562 ], [ 89.22721875459807, 26.364923904515749 ], [ 89.22701366835507, 26.366979082695092 ], [ 89.226442963058702, 26.368957859899467 ], [ 89.225420751207523, 26.37116282622538 ], [ 89.223969939818531, 26.373183121159176 ], [ 89.222243733549647, 26.375070659464591 ], [ 89.221077234999981, 26.376019065322691 ], [ 89.219429680830615, 26.377221173741777 ], [ 89.217113854840306, 26.378518216628919 ], [ 89.216364774975446, 26.378937746545482 ], [ 89.214436003539944, 26.379706411965394 ], [ 89.21401763637941, 26.380068572797541 ], [ 89.213942324955511, 26.380259142498236 ], [ 89.213582600605619, 26.381169538751202 ], [ 89.2135356759443, 26.381908740793612 ], [ 89.213548569737057, 26.382592192444694 ], [ 89.213644187264507, 26.384422592955076 ], [ 89.214038600338554, 26.386002294343729 ], [ 89.214088241925651, 26.387013159547848 ], [ 89.213984057253114, 26.387917039716086 ], [ 89.213878307110889, 26.388738919673507 ], [ 89.213509843506472, 26.390111693982746 ], [ 89.212914215579971, 26.392308224367007 ], [ 89.212636145564389, 26.395238059785033 ], [ 89.212653870798178, 26.396167395092064 ], [ 89.212248247375726, 26.397185302323265 ], [ 89.211715480024154, 26.39790441866036 ], [ 89.210913192008633, 26.398819090623594 ], [ 89.209604805313319, 26.400261065979432 ], [ 89.209281868593266, 26.400840225638031 ], [ 89.208632343294596, 26.40180720956096 ], [ 89.208493073706492, 26.402465555476525 ], [ 89.208503483971555, 26.403012223345492 ], [ 89.208761245023268, 26.405386948933554 ], [ 89.208842256627207, 26.40645201405566 ], [ 89.208861001571478, 26.40743601648942 ], [ 89.208872457285182, 26.408037350936578 ], [ 89.208761976908391, 26.40861322785139 ], [ 89.208176241014129, 26.409743274311513 ], [ 89.207645997982723, 26.410599046870662 ], [ 89.207506687943379, 26.411653741638844 ], [ 89.207486771102651, 26.411804528327067 ], [ 89.207627449679833, 26.412813990105626 ], [ 89.208110892570929, 26.414282960712853 ], [ 89.209364708080656, 26.416341536729455 ], [ 89.210302373217388, 26.419334595688024 ], [ 89.210949662823438, 26.421429870865747 ], [ 89.2118115713279, 26.423631186459613 ], [ 89.212814344881906, 26.425256145663326 ], [ 89.213167604408568, 26.426262304926929 ], [ 89.213738083737894, 26.427511170260402 ], [ 89.214591214659933, 26.429247796260427 ], [ 89.215041856070457, 26.430580535505356 ], [ 89.215154366851863, 26.431699784892817 ], [ 89.215232337463732, 26.432600838794883 ], [ 89.214863791040074, 26.4339736156907 ], [ 89.214203533225984, 26.43468531280001 ], [ 89.213911587323835, 26.434999999910186 ], [ 89.213043136481119, 26.435642303610905 ], [ 89.212168410170122, 26.43595660384527 ], [ 89.2113826755307, 26.436160155739294 ], [ 89.210625211610747, 26.43625390101894 ], [ 89.210432472332059, 26.436259052572392 ], [ 89.20823788068283, 26.437659266145086 ], [ 89.205158653812845, 26.440019375783017 ], [ 89.203374875971093, 26.441140671933795 ], [ 89.201419323567592, 26.44235834690889 ], [ 89.198934255069787, 26.443115387169886 ], [ 89.197451443183439, 26.443638216449241 ], [ 89.196768610763812, 26.444242482959268 ], [ 89.195651194669551, 26.445728449751748 ], [ 89.195068902480202, 26.44614365895147 ], [ 89.194387227533255, 26.446810400121802 ], [ 89.192356741149098, 26.447747852495731 ], [ 89.190473323642664, 26.449120533804102 ], [ 89.189426377138915, 26.450667878131664 ], [ 89.188962341743917, 26.451831272246739 ], [ 89.188693700513184, 26.4541479523117 ], [ 89.189123959121346, 26.456703926545902 ], [ 89.188813351494716, 26.456802439604868 ], [ 89.187387920526405, 26.456699277422445 ], [ 89.185651879450404, 26.456694607186556 ], [ 89.184822992201291, 26.45692604709502 ], [ 89.18359645992247, 26.458163592264516 ], [ 89.183636476635115, 26.458444238613385 ], [ 89.184030078360621, 26.459063236781034 ], [ 89.184468520407265, 26.46205661447409 ], [ 89.18396981195113, 26.46506440551715 ], [ 89.183520622758422, 26.465165710278651 ], [ 89.183069756978611, 26.465173508320081 ], [ 89.182685170522106, 26.465023580897149 ], [ 89.182605192679972, 26.46449229003348 ], [ 89.182361751167051, 26.464465058999782 ], [ 89.180761335682917, 26.464241908638058 ], [ 89.178158724482671, 26.464134427417672 ], [ 89.17701619547303, 26.462099469890841 ], [ 89.174271136621769, 26.46258818954945 ], [ 89.171657926487384, 26.462864544462644 ], [ 89.170757449218627, 26.461832157282831 ], [ 89.169716500577337, 26.463613162963977 ], [ 89.168693144611197, 26.466658174077004 ], [ 89.168193345908179, 26.468511334701773 ], [ 89.167759055602687, 26.469491128773324 ], [ 89.166074205230814, 26.470561374155867 ], [ 89.16296869188983, 26.473347866140379 ], [ 89.162366877617657, 26.473657742519723 ], [ 89.161910771122464, 26.473637354841252 ], [ 89.161757821064512, 26.473585185106142 ], [ 89.161504961985855, 26.473098868174031 ], [ 89.161000106872905, 26.472181384392218 ], [ 89.159655554237787, 26.47026726834503 ], [ 89.158167052896516, 26.468678326390705 ], [ 89.156536822414509, 26.467581010591477 ], [ 89.155543716219725, 26.46644721342572 ], [ 89.154702006935636, 26.465283677311849 ], [ 89.153717017839895, 26.462946398930885 ], [ 89.152997490221935, 26.461807909337356 ], [ 89.152663158795065, 26.46156010041917 ], [ 89.152381753738553, 26.461351528691807 ], [ 89.151647629644287, 26.461060882110957 ], [ 89.151007602390976, 26.46093304969763 ], [ 89.150005803095368, 26.460947041495157 ], [ 89.149492247455555, 26.461090966773284 ], [ 89.14849851445328, 26.461542456081876 ], [ 89.147594376653856, 26.462169603429711 ], [ 89.146969427968131, 26.462603100316088 ], [ 89.145924552683312, 26.463574879964945 ], [ 89.145001103318265, 26.464544937697475 ], [ 89.144597234416594, 26.465374166890399 ], [ 89.144357522928345, 26.465866338655271 ], [ 89.143457456671783, 26.46809344430239 ], [ 89.142110981997931, 26.470819158010105 ], [ 89.141759267056045, 26.47150773061146 ], [ 89.141248033694055, 26.471788743500852 ], [ 89.1409741800924, 26.471765509297907 ], [ 89.140394583502228, 26.471637490582896 ], [ 89.139594291346555, 26.47107530578743 ], [ 89.137263298657686, 26.469879832341221 ], [ 89.134914596330816, 26.469368135170143 ], [ 89.133392998936998, 26.469226829221274 ], [ 89.132452997039465, 26.469322899448468 ], [ 89.1318490947111, 26.469523313031836 ], [ 89.131096859105355, 26.469917333756641 ], [ 89.126767074081116, 26.472360667252872 ], [ 89.125349270387858, 26.473192013966678 ], [ 89.124422637675565, 26.473735341671844 ], [ 89.123729084183751, 26.474019084010529 ], [ 89.123241780255569, 26.474009471739091 ], [ 89.122938888025033, 26.474003495430477 ], [ 89.120962141544467, 26.473896170067068 ], [ 89.119261259047008, 26.473921432229115 ], [ 89.118595559019624, 26.474068018989939 ], [ 89.118172859414457, 26.474210869800686 ], [ 89.118060702197837, 26.474310160412312 ], [ 89.117545107184128, 26.47476649762385 ], [ 89.115666189119011, 26.47667921294827 ], [ 89.112471031557774, 26.479789207570935 ], [ 89.110412138412215, 26.481871434907074 ], [ 89.109120794380246, 26.482711297887551 ], [ 89.10866859034779, 26.482909523015877 ], [ 89.10821333580725, 26.482943688435046 ], [ 89.107759121545499, 26.483032548119347 ], [ 89.105907367302933, 26.484755845566543 ], [ 89.102790316843056, 26.487043652268586 ], [ 89.101326301159702, 26.488404874281329 ], [ 89.100940887673644, 26.488830630923474 ], [ 89.100849694704337, 26.488931367647758 ], [ 89.100646499059749, 26.489453868109781 ], [ 89.100685840768435, 26.489945484642398 ], [ 89.10069778467053, 26.490601552265023 ], [ 89.100867591891117, 26.491583421691011 ], [ 89.100418253472256, 26.493613244623404 ], [ 89.10000979728818, 26.494548801023878 ], [ 89.098128141024716, 26.496353612785839 ], [ 89.095200062949473, 26.499103540692101 ], [ 89.093133071320736, 26.500747086233545 ], [ 89.091662744847696, 26.501780322373381 ], [ 89.091419699135415, 26.501783886097193 ], [ 89.091233949144936, 26.501595212846073 ], [ 89.090621873948336, 26.5021256869829 ], [ 89.090019896597013, 26.502161619632336 ], [ 89.087977870549807, 26.502543964000711 ], [ 89.08668745280265, 26.502833954767492 ], [ 89.085387238080258, 26.502581862308233 ], [ 89.082818369816749, 26.502158521701283 ], [ 89.081481717647975, 26.501554479840188 ], [ 89.07787823863309, 26.499892661615448 ], [ 89.075347710576779, 26.498760379657369 ], [ 89.074145642023069, 26.498118216396772 ], [ 89.073622611464415, 26.497616130571487 ], [ 89.07317398401338, 26.497352755850688 ], [ 89.073095087780416, 26.496964162886435 ], [ 89.072756576668453, 26.496998942941854 ], [ 89.071190729652855, 26.497920170298528 ], [ 89.070113486213771, 26.498954240350976 ], [ 89.069700959158723, 26.49895354347478 ], [ 89.069611004561537, 26.499638738438314 ], [ 89.069432145502006, 26.500270669290341 ], [ 89.069362423303389, 26.50062762401987 ], [ 89.068994644122199, 26.501153054586773 ], [ 89.067334310590979, 26.502517584987391 ], [ 89.063904985257935, 26.504481069538791 ], [ 89.063150631787011, 26.504791971284725 ], [ 89.062451528107886, 26.504800672990356 ], [ 89.061629820472191, 26.504756019973538 ], [ 89.060053587768863, 26.504996362041418 ], [ 89.059394971199708, 26.505154998152822 ], [ 89.059171168044358, 26.505208903208434 ], [ 89.05908536293272, 26.505229570653498 ], [ 89.058513034032416, 26.505237768661878 ], [ 89.055900274837171, 26.506073978619003 ], [ 89.053864135334948, 26.507289866831986 ], [ 89.053880364274576, 26.507363424615487 ], [ 89.050942894861564, 26.508953707496985 ], [ 89.048934403677848, 26.510644666305577 ], [ 89.047383872646165, 26.513016787819371 ], [ 89.046400838721965, 26.514664569997784 ], [ 89.046309289136218, 26.514818025044377 ], [ 89.046342757976063, 26.51487638346326 ], [ 89.046575347999294, 26.515383426778286 ], [ 89.047404726128576, 26.517190704573661 ], [ 89.048447713746555, 26.520865565842588 ], [ 89.048533008475786, 26.522488383528088 ], [ 89.048487724376741, 26.52343525986651 ], [ 89.048496009585534, 26.523471692233652 ], [ 89.048497924954106, 26.523480112776056 ], [ 89.049374620411839, 26.524662737510756 ], [ 89.04980910156452, 26.526796892103953 ], [ 89.04981429025429, 26.526822376474964 ], [ 89.049883612731023, 26.527162876965185 ], [ 89.050587444903627, 26.529421405492169 ], [ 89.050561841870291, 26.530150181739067 ], [ 89.050543376540176, 26.530675767192339 ], [ 89.050317776332733, 26.531186815250528 ], [ 89.050273197942118, 26.531212401701229 ], [ 89.050253329646608, 26.531223683495359 ], [ 89.050135531806305, 26.531290484722327 ], [ 89.049957996011258, 26.531325913366032 ], [ 89.04978666115197, 26.531360104549211 ], [ 89.047917483728241, 26.533351152319845 ], [ 89.047910566989728, 26.533454709698834 ], [ 89.047900601539055, 26.533624921453878 ], [ 89.047913082230608, 26.533813255606987 ], [ 89.04798453836743, 26.533864832441793 ], [ 89.048375272262632, 26.534327615906548 ], [ 89.048633929918537, 26.534633965197791 ], [ 89.049724124643163, 26.53459105908227 ], [ 89.052732232225793, 26.534087296935219 ], [ 89.052858889923428, 26.53429254530548 ], [ 89.054890228913209, 26.533616799144259 ], [ 89.055208389887028, 26.533593107019808 ], [ 89.055466255829586, 26.533761328403067 ], [ 89.055835056569776, 26.534195409632137 ], [ 89.056009622749286, 26.534568128393836 ], [ 89.056770695490982, 26.534258328103565 ], [ 89.057089199259977, 26.53425373140028 ], [ 89.057606120801239, 26.534531896722598 ], [ 89.058755645205693, 26.534802799809427 ], [ 89.059271058497501, 26.534538789301255 ], [ 89.060001264091923, 26.534383609744246 ], [ 89.060279347364045, 26.534494215960642 ], [ 89.060584829767762, 26.535462215649833 ], [ 89.061249649123766, 26.537690295617956 ], [ 89.061550177011156, 26.538037966886812 ], [ 89.062019967801803, 26.538010904807482 ], [ 89.063081009797429, 26.537949779236918 ], [ 89.064314985017859, 26.538065640107337 ], [ 89.065849661578113, 26.538368174308232 ], [ 89.067081929213529, 26.538388514665385 ], [ 89.068819018480227, 26.538134055787701 ] ] ] } },
{ "type": "Feature", "properties": { "BLOCK_NAME": "Mekhliganj", "SUBDIV_NAM": "Mekhliganj", "DIST_NAME": "Cooch Behar", "AREA_SQKM": 312.376 }, "geometry": { "type": "Polygon", "coordinates": [ [ [ 88.97935816386412, 26.537913419715476 ], [ 88.979948229637316, 26.537487303081061 ], [ 88.98107634789281, 26.537471625921857 ], [ 88.98236216753493, 26.537674613202697 ], [ 88.983050663953833, 26.537783298528591 ], [ 88.984246037967878, 26.536951606192073 ], [ 88.984386818252801, 26.536855915609767 ], [ 88.987005330011314, 26.535324105535118 ], [ 88.987507236221902, 26.535030484389601 ], [ 88.989417935122447, 26.534168063312386 ], [ 88.991633118371865, 26.533491749170121 ], [ 88.991724913969009, 26.533473820901445 ], [ 88.994527543136343, 26.532925369349229 ], [ 88.995293997757713, 26.532774870774755 ], [ 88.995380232948591, 26.532757918816554 ], [ 88.995755516367453, 26.53268410040366 ], [ 88.996245225552926, 26.532650902431207 ], [ 88.99647945984961, 26.532635004412118 ], [ 88.996797295131316, 26.53261341107449 ], [ 88.997603767025126, 26.532558519330305 ], [ 88.999236026334259, 26.532681692300176 ], [ 88.999710384303853, 26.532733780975299 ], [ 89.0002821313129, 26.532815968202769 ], [ 89.000394197428463, 26.532824100044966 ], [ 89.000874670328088, 26.532858962473039 ], [ 89.001434929936792, 26.532901753152952 ], [ 89.001747036733136, 26.532925588651267 ], [ 89.001755908731226, 26.532926265547097 ], [ 89.001789384235465, 26.532928821774643 ], [ 89.00185512353066, 26.532933842914119 ], [ 89.001935994204601, 26.5329343389418 ], [ 89.002264007694066, 26.532936342885396 ], [ 89.002516042029939, 26.532893576671192 ], [ 89.002718270470069, 26.532776579017771 ], [ 89.002941260390003, 26.53262006750014 ], [ 89.003163845420318, 26.532443458065057 ], [ 89.003489953922653, 26.532058298644127 ], [ 89.003740148290831, 26.531619732931762 ], [ 89.00396085062809, 26.531329118033067 ], [ 89.004300437300145, 26.531068734869081 ], [ 89.004855187431545, 26.530810118419392 ], [ 89.005390642272658, 26.53067804026217 ], [ 89.005797950784768, 26.530603350015028 ], [ 89.00661690711074, 26.530128017001502 ], [ 89.008132045211568, 26.529046920859155 ], [ 89.009531843029862, 26.528077943480731 ], [ 89.011226517742244, 26.526776376612922 ], [ 89.011331960413102, 26.52669539121981 ], [ 89.011638490465657, 26.526459960509239 ], [ 89.011832688314357, 26.526310805692226 ], [ 89.011930982302573, 26.526254277877875 ], [ 89.014667824405166, 26.524680318299442 ], [ 89.014854937155306, 26.524552678023287 ], [ 89.014956069122888, 26.524483600141803 ], [ 89.017062382631238, 26.523044862862104 ], [ 89.017128972287992, 26.522959435481578 ], [ 89.017381770656854, 26.522834321420643 ], [ 89.018314769194546, 26.522128991623823 ], [ 89.020029022472315, 26.521112928789975 ], [ 89.021037168073221, 26.520515368816 ], [ 89.021106477763141, 26.520461297445955 ], [ 89.02123163398079, 26.520363661063815 ], [ 89.021230262268958, 26.520362332956932 ], [ 89.022011878241543, 26.519888167104064 ], [ 89.024038373936946, 26.518725881862149 ], [ 89.025881560097645, 26.518120844984569 ], [ 89.025912139657237, 26.518110807059617 ], [ 89.027643407812391, 26.517684479267285 ], [ 89.030070859125118, 26.517220325858869 ], [ 89.032221403100763, 26.516761282705527 ], [ 89.034467697340489, 26.516082561662294 ], [ 89.034474051914358, 26.516082498074592 ], [ 89.034528988458845, 26.516096194280991 ], [ 89.034939920163112, 26.515987214736526 ], [ 89.035753697838089, 26.516549131994037 ], [ 89.038804880002616, 26.518568828813173 ], [ 89.041911137104421, 26.521294532112108 ], [ 89.043005749315782, 26.522354217131987 ], [ 89.043466857308388, 26.52280060279028 ], [ 89.044090695416656, 26.523250167477613 ], [ 89.044605744008237, 26.523854209567979 ], [ 89.044818394775177, 26.523963510909425 ], [ 89.045493103967601, 26.524228681173554 ], [ 89.04696875963424, 26.524841434310666 ], [ 89.048882320160772, 26.525990388270603 ], [ 89.04980910156452, 26.526796892103953 ], [ 89.049374620411839, 26.524662737510756 ], [ 89.048497924954106, 26.523480112776056 ], [ 89.048496009585534, 26.523471692233652 ], [ 89.048487724376741, 26.52343525986651 ], [ 89.048533008475786, 26.522488383528088 ], [ 89.048447713746555, 26.520865565842588 ], [ 89.047404726128576, 26.517190704573661 ], [ 89.046575347999294, 26.515383426778286 ], [ 89.046342757976063, 26.51487638346326 ], [ 89.046309289136218, 26.514818025044377 ], [ 89.046400838721965, 26.514664569997784 ], [ 89.047383872646165, 26.513016787819371 ], [ 89.048934403677848, 26.510644666305577 ], [ 89.050942894861564, 26.508953707496985 ], [ 89.053880364274576, 26.507363424615487 ], [ 89.053864135334948, 26.507289866831986 ], [ 89.055900274837171, 26.506073978619003 ], [ 89.058513034032416, 26.505237768661878 ], [ 89.05908536293272, 26.505229570653498 ], [ 89.059171168044358, 26.505208903208434 ], [ 89.059394971199708, 26.505154998152822 ], [ 89.060053587768863, 26.504996362041418 ], [ 89.061629820472191, 26.504756019973538 ], [ 89.061402340537938, 26.502443762295435 ], [ 89.061458236036898, 26.499130193148371 ], [ 89.060961996023821, 26.497678539380946 ], [ 89.060353427158759, 26.4968787943119 ], [ 89.059374858915334, 26.495154276246641 ], [ 89.059344038845708, 26.49471898089125 ], [ 89.059504397546149, 26.494444916655276 ], [ 89.06016550165107, 26.49389488223115 ], [ 89.057685132510471, 26.488843044036788 ], [ 89.056633469552565, 26.485362695042305 ], [ 89.055432849555615, 26.48306979432936 ], [ 89.055631597079739, 26.482848501878152 ], [ 89.055760534513112, 26.482782905850293 ], [ 89.056065464906155, 26.482626666993966 ], [ 89.058246162123581, 26.482333470804711 ], [ 89.058967584094134, 26.481994938368164 ], [ 89.059552495991582, 26.480236625912411 ], [ 89.059968987787329, 26.47973844465065 ], [ 89.059956321862686, 26.479027714898063 ], [ 89.059529475075678, 26.478037273543727 ], [ 89.058763134610601, 26.477748249066561 ], [ 89.057695307304442, 26.477852271604519 ], [ 89.056385749709705, 26.478225925278135 ], [ 89.055489224448507, 26.478323574284779 ], [ 89.055041222796518, 26.478290421196743 ], [ 89.054637179786781, 26.478230580216806 ], [ 89.054483765568961, 26.477950114105287 ], [ 89.054472618554016, 26.477387850929809 ], [ 89.054644615856077, 26.475916508181289 ], [ 89.054849229514417, 26.474263983140826 ], [ 89.054933930173576, 26.473417129425663 ], [ 89.054905484611297, 26.473298986671654 ], [ 89.054805559685192, 26.473179334775256 ], [ 89.054659527908782, 26.47310091353684 ], [ 89.054082107951146, 26.473096867015631 ], [ 89.052688119194613, 26.472984750774764 ], [ 89.051807748955966, 26.473014165272392 ], [ 89.051758890167946, 26.472884448077863 ], [ 89.051690308569619, 26.472606242807068 ], [ 89.052073425538723, 26.4714227587375 ], [ 89.052871443622422, 26.469736352142231 ], [ 89.052978101054464, 26.469018398319825 ], [ 89.0528460151194, 26.468303876511175 ], [ 89.052597739642081, 26.467770130224043 ], [ 89.051854831831776, 26.466276324707113 ], [ 89.051644448988725, 26.465634569152755 ], [ 89.051410465274515, 26.464698953821777 ], [ 89.051877489728426, 26.464382736272018 ], [ 89.051809423042428, 26.464135355170534 ], [ 89.051416271151396, 26.46351055352357 ], [ 89.051110328144475, 26.463494053062764 ], [ 89.050558752657409, 26.464229740025107 ], [ 89.049898183005624, 26.464145782979493 ], [ 89.047445855196301, 26.463867065450046 ], [ 89.047403609632084, 26.463848636741567 ], [ 89.047315725932791, 26.463810299863987 ], [ 89.047171006586694, 26.46374671405631 ], [ 89.047145637871495, 26.463735568093746 ], [ 89.047128908317802, 26.463728217262322 ], [ 89.046966766328694, 26.463261093755126 ], [ 89.047045902087447, 26.46293518098954 ], [ 89.047183629714581, 26.462321858719431 ], [ 89.047047857466879, 26.461846189664776 ], [ 89.046522349345281, 26.4609367006043 ], [ 89.046127210251797, 26.460197282475775 ], [ 89.046162219257141, 26.459776479704203 ], [ 89.046573104718803, 26.459006406326694 ], [ 89.046815661890932, 26.458261048229289 ], [ 89.0468766104118, 26.458232186604487 ], [ 89.046915070906067, 26.458213973685801 ], [ 89.046999811635615, 26.458216840511653 ], [ 89.047241537904597, 26.458459062743273 ], [ 89.04731183243274, 26.458626459915831 ], [ 89.047635262549363, 26.458634855126057 ], [ 89.04777394877128, 26.458565009769384 ], [ 89.047905675991018, 26.458254808183771 ], [ 89.047894004156433, 26.458065490062797 ], [ 89.047868084617576, 26.457590542294628 ], [ 89.047886356035193, 26.457056812190338 ], [ 89.047817958925521, 26.456207642482848 ], [ 89.047278105648616, 26.455308982862967 ], [ 89.046931120355481, 26.45490496441538 ], [ 89.046789206663163, 26.454649841743965 ], [ 89.046805302563769, 26.454395308497396 ], [ 89.046967393175805, 26.454156034995066 ], [ 89.04763097351065, 26.453799417287907 ], [ 89.049313878140936, 26.453363056447937 ], [ 89.049880637611921, 26.452911350350732 ], [ 89.05024876122917, 26.452190115369483 ], [ 89.050261901058178, 26.451792354581258 ], [ 89.05024764138517, 26.451199784654563 ], [ 89.050199409962985, 26.450610955183677 ], [ 89.049688375327733, 26.450142563632873 ], [ 89.048328592254748, 26.449879126343887 ], [ 89.046417535951193, 26.449202099703417 ], [ 89.046182413891387, 26.44914218265875 ], [ 89.045050634907014, 26.44885331569656 ], [ 89.045035563816043, 26.448848501382976 ], [ 89.047040102435417, 26.444996706300071 ], [ 89.047823458505619, 26.443464083390264 ], [ 89.048197089213502, 26.442349766997722 ], [ 89.04885076711831, 26.441444321081331 ], [ 89.047743674251436, 26.441977449132708 ], [ 89.047738338502199, 26.441978253089164 ], [ 89.044948746542602, 26.442398655747944 ], [ 89.043636510470222, 26.442417428813641 ], [ 89.042516643460928, 26.442352129756991 ], [ 89.040927219503146, 26.44192051108292 ], [ 89.040243216806402, 26.441734832548693 ], [ 89.037519624317881, 26.440642656316946 ], [ 89.035863381500931, 26.439668980654766 ], [ 89.034957841920416, 26.439008031581498 ], [ 89.034749451165951, 26.438549168307659 ], [ 89.034670427932014, 26.438059531048573 ], [ 89.034689656094855, 26.437719186640948 ], [ 89.034715726174937, 26.43726519326232 ], [ 89.034594854919632, 26.43567729472851 ], [ 89.034429048928899, 26.435543155651864 ], [ 89.033358653554473, 26.435598858557682 ], [ 89.032278099771219, 26.435516872140628 ], [ 89.032015423162363, 26.435248024866077 ], [ 89.032123173443992, 26.434502722662899 ], [ 89.032131559578659, 26.434338770443663 ], [ 89.031652263452514, 26.434129729288511 ], [ 89.02867223792704, 26.434059721857945 ], [ 89.02736422467872, 26.43395451572211 ], [ 89.027278745359467, 26.433744164471491 ], [ 89.026961287717512, 26.432919038414227 ], [ 89.026858738945734, 26.432502561131383 ], [ 89.026319694509496, 26.432246628811292 ], [ 89.025681126583294, 26.432216584337805 ], [ 89.025625765418269, 26.432046555928864 ], [ 89.026019280967574, 26.431635902091116 ], [ 89.02817519810165, 26.430312574522357 ], [ 89.028828701155376, 26.429924748045956 ], [ 89.029099515438389, 26.429625031408889 ], [ 89.029014069158308, 26.429435417573988 ], [ 89.028572541178363, 26.428879913516059 ], [ 89.027250944796933, 26.427282498571177 ], [ 89.026862477497886, 26.426793389268671 ], [ 89.026636215730377, 26.426378058118569 ], [ 89.026729996456751, 26.426241990752754 ], [ 89.027876500352079, 26.426109812146553 ], [ 89.028728455042369, 26.426027808627023 ], [ 89.030401563560929, 26.426385344859987 ], [ 89.032089197728382, 26.426474022869868 ], [ 89.032488765325866, 26.426453477670929 ], [ 89.032657472065267, 26.426206845679182 ], [ 89.032822134892299, 26.424365711840732 ], [ 89.032975272734632, 26.423226625045316 ], [ 89.03285086706741, 26.422066009784107 ], [ 89.03280540130136, 26.421797498439943 ], [ 89.032827760498137, 26.421612776428024 ], [ 89.033039447038774, 26.421411573955403 ], [ 89.035308032943306, 26.421251796748809 ], [ 89.039431431977306, 26.420812175951802 ], [ 89.04100601770098, 26.420679362974372 ], [ 89.043243672757583, 26.42064986090702 ], [ 89.04399301085131, 26.420638456091972 ], [ 89.044836553679048, 26.420625197990368 ], [ 89.04586726911387, 26.420526237570485 ], [ 89.046335194402502, 26.420408827357953 ], [ 89.046396103274731, 26.420188340736487 ], [ 89.04642417181249, 26.419858877897084 ], [ 89.046169780903242, 26.419506907000724 ], [ 89.045543962913158, 26.419489817382118 ], [ 89.044823835376278, 26.419474230192442 ], [ 89.044602869171527, 26.419368375751766 ], [ 89.0443451757791, 26.418989692327916 ], [ 89.04420303966964, 26.418199522390609 ], [ 89.043916024408759, 26.415308022060614 ], [ 89.0437210851684, 26.413643056282247 ], [ 89.04348392558191, 26.412963462840136 ], [ 89.042933647761458, 26.412563195525049 ], [ 89.042541917786338, 26.412187481413881 ], [ 89.042531762398141, 26.411749994470245 ], [ 89.042745745398889, 26.411308288337807 ], [ 89.043027643634971, 26.411029467789312 ], [ 89.043659989759334, 26.410689520143265 ], [ 89.044140778210149, 26.41033897942388 ], [ 89.044699270988318, 26.40993186856678 ], [ 89.044883542535388, 26.409490680167458 ], [ 89.044989469728833, 26.407928539307026 ], [ 89.045170010040991, 26.406912349981464 ], [ 89.045030979605031, 26.405709963983643 ], [ 89.044898888564845, 26.405246687526457 ], [ 89.044897183405624, 26.404972807977931 ], [ 89.045153293198055, 26.404530033419128 ], [ 89.045829609476129, 26.403997780478505 ], [ 89.046473556607694, 26.403657961245592 ], [ 89.046859431032885, 26.403459608116851 ], [ 89.04727803987231, 26.403123746885594 ], [ 89.047440740973173, 26.402847010347038 ], [ 89.047577062709678, 26.402241857797211 ], [ 89.04764894945248, 26.401802141774759 ], [ 89.047735017802637, 26.400896048504535 ], [ 89.047822568801365, 26.40020898582522 ], [ 89.047831294204187, 26.399907292878833 ], [ 89.047560236099727, 26.3997477605418 ], [ 89.046539101756991, 26.399382668351034 ], [ 89.046401420502733, 26.399275675473426 ], [ 89.046398202132394, 26.399029555799821 ], [ 89.046602248788574, 26.398724863208926 ], [ 89.046905819930529, 26.398497929946672 ], [ 89.045884788682102, 26.398364571642183 ], [ 89.04436861292622, 26.398099678141381 ], [ 89.042453518029333, 26.397768822216989 ], [ 89.042220221005223, 26.397706120063656 ], [ 89.041128131615523, 26.396982952233056 ], [ 89.03974586059509, 26.395283236356097 ], [ 89.03915011812667, 26.393070793906141 ], [ 89.037708521759967, 26.392518190691938 ], [ 89.036680926011741, 26.392891040190367 ], [ 89.036688469395912, 26.393320791880885 ], [ 89.036707328591618, 26.394395170534327 ], [ 89.036346131973076, 26.396477964778033 ], [ 89.036130517149559, 26.396847742544292 ], [ 89.03588276542537, 26.39727263462812 ], [ 89.035103772448764, 26.398215081187871 ], [ 89.034247745285896, 26.399301906558275 ], [ 89.03315686441357, 26.400606995212978 ], [ 89.032699736964943, 26.401759783543501 ], [ 89.032404185556814, 26.403053561629569 ], [ 89.032268957782279, 26.404416704062285 ], [ 89.032299082195451, 26.406135712612596 ], [ 89.032094745678705, 26.407065808575297 ], [ 89.031685358804253, 26.407434010641246 ], [ 89.031526279387307, 26.407436270672907 ], [ 89.030254894417226, 26.407525969881231 ], [ 89.028664093719229, 26.407548546454532 ], [ 89.027946980514898, 26.407487074765807 ], [ 89.027733414141991, 26.40735927001775 ], [ 89.026660568120178, 26.406717235275192 ], [ 89.025838895005791, 26.405224367583234 ], [ 89.025237952274239, 26.404014568589687 ], [ 89.0249069542689, 26.403825911230829 ], [ 89.024071543083366, 26.404246384055575 ], [ 89.024017006302842, 26.405680024886411 ], [ 89.023893529138405, 26.407587599502829 ], [ 89.023891680346452, 26.407616170144305 ], [ 89.023278979174805, 26.408890886687644 ], [ 89.023277852535003, 26.408914437719655 ], [ 89.022676508189036, 26.41092895992 ], [ 89.021990321940123, 26.411508658281246 ], [ 89.02199118188264, 26.411538712373449 ], [ 89.021854194855152, 26.411762875826511 ], [ 89.021571690808869, 26.412224291437774 ], [ 89.021417562238383, 26.412422617374357 ], [ 89.020673883446847, 26.412433129194284 ], [ 89.01901306668799, 26.412332098718462 ], [ 89.017487971911891, 26.412239306966885 ], [ 89.015020843423471, 26.411438254315456 ], [ 89.012551675291874, 26.410517780904645 ], [ 89.012503833804288, 26.410508545557683 ], [ 89.01082203332048, 26.410183895906354 ], [ 89.010026604923297, 26.410195079403699 ], [ 89.008983615087971, 26.411224689786899 ], [ 89.008273076658568, 26.412309328260765 ], [ 89.007970775520633, 26.412917193712723 ], [ 89.007937502325689, 26.412916836911762 ], [ 89.00691824855214, 26.414477664179053 ], [ 89.006864360316385, 26.415194858800362 ], [ 89.0068819278479, 26.416209565330909 ], [ 89.007381920395559, 26.417797939699973 ], [ 89.007392376800865, 26.417813632545474 ], [ 89.007785934984895, 26.419097693159415 ], [ 89.007697241014753, 26.420101950680738 ], [ 89.006758353647541, 26.421022621235512 ], [ 89.006125255877024, 26.421222557217675 ], [ 89.004694171599937, 26.42129039529997 ], [ 89.003934244984464, 26.421291799553799 ], [ 89.003080740902519, 26.421013303140544 ], [ 89.001851067642363, 26.420457376836907 ], [ 89.000990988369907, 26.419800742763179 ], [ 89.000229568297712, 26.418712858168565 ], [ 88.999433253474692, 26.418676234756894 ], [ 88.999010638588373, 26.418777670478377 ], [ 88.998591316522067, 26.419070108542257 ], [ 88.998227494509436, 26.419505058263578 ], [ 88.997920820331998, 26.420178021854205 ], [ 88.99750324550277, 26.421080840791113 ], [ 88.997409413615671, 26.421283709593091 ], [ 88.995523210180082, 26.422647407043829 ], [ 88.994163207036166, 26.423764928502763 ], [ 88.993612421092095, 26.423991104799789 ], [ 88.993341990381097, 26.423901760389359 ], [ 88.992536556083166, 26.423292667681196 ], [ 88.99266821507895, 26.423213252934943 ], [ 88.99266634001799, 26.423121526084199 ], [ 88.992538418678365, 26.42293936191059 ], [ 88.992510176929898, 26.422779317351871 ], [ 88.992506119682943, 26.422596231653095 ], [ 88.992435124647685, 26.422149546453053 ], [ 88.99307044623562, 26.420959780910639 ], [ 88.99409273332067, 26.419878141208134 ], [ 88.994477093760324, 26.419471458634153 ], [ 88.994588998969817, 26.419306004921541 ], [ 88.995602202500308, 26.417807943769105 ], [ 88.996263563594312, 26.416938981836289 ], [ 88.997161705871875, 26.415959244377095 ], [ 88.997668272159402, 26.415343192928201 ], [ 88.997977201288421, 26.414801545715637 ], [ 88.997972880503994, 26.41455085206843 ], [ 88.997389135412405, 26.414355775145506 ], [ 88.997252642987831, 26.414310160877097 ], [ 88.996136528318118, 26.414182459712396 ], [ 88.995301909184079, 26.414229931072885 ], [ 88.994441873082522, 26.414420076107756 ], [ 88.993959945329294, 26.414849030320863 ], [ 88.993472688999177, 26.415768767446089 ], [ 88.993122642675601, 26.416429499674269 ], [ 88.992418254676792, 26.417736289506415 ], [ 88.991170082063888, 26.419186562386553 ], [ 88.989787711724404, 26.420237485852386 ], [ 88.98821045858773, 26.421061846433009 ], [ 88.987887058149113, 26.421163931591604 ], [ 88.987783119344769, 26.421229227945769 ], [ 88.98754378438467, 26.421373571207468 ], [ 88.986583257219593, 26.422610842615555 ], [ 88.985491612863996, 26.423915606569537 ], [ 88.984643514379712, 26.42550355909076 ], [ 88.984838206799139, 26.427578538810678 ], [ 88.985047637964584, 26.430513044453292 ], [ 88.984122386012757, 26.432245354735826 ], [ 88.983515349867986, 26.433973243321709 ], [ 88.983625578143034, 26.435762818008808 ], [ 88.983667023464875, 26.43586925703266 ], [ 88.984125036077018, 26.437045479576099 ], [ 88.985829010139071, 26.438956201297387 ], [ 88.986017620451463, 26.440673037915392 ], [ 88.984911078606103, 26.441118279479777 ], [ 88.984166855884865, 26.441743184568843 ], [ 88.984144883491126, 26.442848381456947 ], [ 88.984010299365025, 26.444283133030829 ], [ 88.983955281460311, 26.445716780318829 ], [ 88.982397171454522, 26.4459493371983 ], [ 88.9823675908967, 26.445953752517422 ], [ 88.9801445653532, 26.446271160033199 ], [ 88.97979603535272, 26.446304558841327 ], [ 88.978396494153714, 26.446438667507081 ], [ 88.977897575908145, 26.446542157288832 ], [ 88.977286194926108, 26.446668971901303 ], [ 88.976040432921792, 26.447352041882723 ], [ 88.975945739660389, 26.447403962501497 ], [ 88.974940658772297, 26.449137325355753 ], [ 88.973724877600191, 26.449827340892007 ], [ 88.973211090082245, 26.44983692127342 ], [ 88.972501386162449, 26.449886456688933 ], [ 88.972181665609241, 26.44997054869296 ], [ 88.971724097949888, 26.449944379724222 ], [ 88.970297492761006, 26.45029840480089 ], [ 88.969297701268687, 26.450789821841802 ], [ 88.968746665663986, 26.451301265727015 ], [ 88.968461920651407, 26.451565549398744 ], [ 88.967741157631551, 26.452865081316244 ], [ 88.967015509233818, 26.453878099059601 ], [ 88.966445753618714, 26.454697915344248 ], [ 88.966192673084024, 26.455417844928483 ], [ 88.965314330309852, 26.456815060879912 ], [ 88.965051288830281, 26.457076642477684 ], [ 88.964632396615471, 26.456967493734833 ], [ 88.964111196056734, 26.456898241509577 ], [ 88.963644181128004, 26.456895111071209 ], [ 88.963348551506868, 26.456985148735537 ], [ 88.962848064310123, 26.457149190061866 ], [ 88.962801476625785, 26.457184039146078 ], [ 88.962093254921015, 26.457977084840405 ], [ 88.961695564705977, 26.458307336808591 ], [ 88.960788247410704, 26.458625480256028 ], [ 88.960596754051181, 26.458645972801534 ], [ 88.960173810913574, 26.45869123152255 ], [ 88.959389939576013, 26.458608082901073 ], [ 88.95910762451993, 26.458485832763856 ], [ 88.958718533928064, 26.458070854030044 ], [ 88.958537824522324, 26.457843391103303 ], [ 88.958470866859116, 26.457703131460338 ], [ 88.958132014363699, 26.45668158057239 ], [ 88.95808643734523, 26.456544175838822 ], [ 88.957934636998047, 26.45561533164463 ], [ 88.958036876472107, 26.454927117899238 ], [ 88.958136219527432, 26.454665557314705 ], [ 88.958321354229966, 26.454178113251153 ], [ 88.958431084455242, 26.454022487361936 ], [ 88.958756631630592, 26.453560776098794 ], [ 88.959423705645776, 26.452844732350677 ], [ 88.959603167761415, 26.452731672824598 ], [ 88.960074728322837, 26.452434589709526 ], [ 88.961360072342686, 26.451881998813391 ], [ 88.962629385940886, 26.451480070937379 ], [ 88.96268508774935, 26.451479305576122 ], [ 88.963125294033858, 26.451246090683206 ], [ 88.963220112094206, 26.451113729811873 ], [ 88.963386995573572, 26.450781435534264 ], [ 88.963733382730737, 26.450091709565001 ], [ 88.963518251298865, 26.449139404809173 ], [ 88.962575744101429, 26.448316503149258 ], [ 88.961712709547484, 26.448268653513441 ], [ 88.960718068506921, 26.448282309010942 ], [ 88.959982771044778, 26.448443387920744 ], [ 88.957121221362144, 26.449973325298522 ], [ 88.957083412522621, 26.450008417774491 ], [ 88.956141511157213, 26.450830550711817 ], [ 88.955729697692888, 26.45111498603632 ], [ 88.955387048428548, 26.45111967706324 ], [ 88.954251693551015, 26.450657582151237 ], [ 88.953839216478727, 26.449797516380222 ], [ 88.953594536119539, 26.449054561689415 ], [ 88.953301705097019, 26.448798853362302 ], [ 88.953190631458511, 26.448701860247823 ], [ 88.952722433325818, 26.448469445572616 ], [ 88.951722249819383, 26.448154741422812 ], [ 88.951656830972198, 26.448143486944513 ], [ 88.951647641211224, 26.448135461009763 ], [ 88.950965849050277, 26.447822371897733 ], [ 88.950205092615562, 26.447546179344467 ], [ 88.949681846276775, 26.447195097301165 ], [ 88.949154382879485, 26.44659331231545 ], [ 88.948783049988592, 26.44581028271228 ], [ 88.948531078229351, 26.445025623935344 ], [ 88.948396655069814, 26.444131894513742 ], [ 88.948922497802471, 26.44342550765008 ], [ 88.949751370939836, 26.443289494336582 ], [ 88.950303523547831, 26.442995378557349 ], [ 88.950689900319432, 26.442309476087704 ], [ 88.950717012586949, 26.441556833363546 ], [ 88.95063294341368, 26.441428932802971 ], [ 88.950569822891467, 26.440735243051485 ], [ 88.94999536603386, 26.439704230805997 ], [ 88.949862146715603, 26.438882130887468 ], [ 88.949806685381759, 26.437951501805497 ], [ 88.950112280133169, 26.437195058382237 ], [ 88.950581220633751, 26.436687142469317 ], [ 88.951291260681955, 26.436319222920545 ], [ 88.952117020335251, 26.435734783639596 ], [ 88.952586549898726, 26.435262676507399 ], [ 88.953050640463573, 26.43446823898228 ], [ 88.953198893621789, 26.433821407913776 ], [ 88.952867965842003, 26.433073657797504 ], [ 88.95254368425752, 26.432719863329883 ], [ 88.951499736318439, 26.43216096226644 ], [ 88.950699906699327, 26.431921123142146 ], [ 88.949862109028075, 26.431789266250775 ], [ 88.948669904771762, 26.431877172265715 ], [ 88.948158079545891, 26.431984132850932 ], [ 88.947621114071609, 26.431587474652812 ], [ 88.946901092856393, 26.429782273315485 ], [ 88.946824781868813, 26.42839817108878 ], [ 88.946492909312354, 26.427590711776471 ], [ 88.945406481111419, 26.426077070968706 ], [ 88.944327292503729, 26.424993193107056 ], [ 88.943912028970317, 26.424868639530864 ], [ 88.942685237311949, 26.424977500455782 ], [ 88.942179275464838, 26.425022395186225 ], [ 88.941917288930696, 26.4252170089656 ], [ 88.941204585290748, 26.425672573753108 ], [ 88.941077486890535, 26.425753814985168 ], [ 88.940609743279722, 26.426333330175183 ], [ 88.940250470383262, 26.427054661239634 ], [ 88.93968703369373, 26.428256398789301 ], [ 88.938968462587184, 26.429699058269854 ], [ 88.937713080765434, 26.430766884053259 ], [ 88.935335839552707, 26.431372259171944 ], [ 88.934190900897761, 26.431494058697645 ], [ 88.93282250992111, 26.431639617138412 ], [ 88.931569153635991, 26.431375453065364 ], [ 88.930606461363041, 26.430910823159333 ], [ 88.929585168168032, 26.430112631527507 ], [ 88.929094288080123, 26.429307273765772 ], [ 88.929296110530828, 26.428683620329966 ], [ 88.930139969932625, 26.428385644009836 ], [ 88.931248225132748, 26.428036327546899 ], [ 88.932306620564617, 26.427878731716504 ], [ 88.933095035886893, 26.427438197089483 ], [ 88.933668900563262, 26.426857270146147 ], [ 88.934137479519876, 26.426325528834393 ], [ 88.934335283297685, 26.425463105014774 ], [ 88.934324920148299, 26.424842316841133 ], [ 88.933937716227092, 26.423892281727522 ], [ 88.933451616586183, 26.423373455765191 ], [ 88.932171562062493, 26.422960889635128 ], [ 88.929996252801118, 26.422942511815499 ], [ 88.927698538312143, 26.423176684112345 ], [ 88.92636591965524, 26.422252805315196 ], [ 88.926214862009914, 26.422050258684198 ], [ 88.925498920410448, 26.420865806679146 ], [ 88.925156538508787, 26.420213663737357 ], [ 88.925009891138899, 26.419928154746273 ], [ 88.924745387000215, 26.419413184212718 ], [ 88.924469307093972, 26.418760146506283 ], [ 88.924456423042372, 26.417984156483605 ], [ 88.924615219045521, 26.417564084210881 ], [ 88.92490511328765, 26.417052689360919 ], [ 88.925492825597019, 26.416507431858488 ], [ 88.92600880719128, 26.416164963239424 ], [ 88.92705352055134, 26.415778424019486 ], [ 88.928952603180846, 26.415143825627815 ], [ 88.930133927669957, 26.414411424905591 ], [ 88.930916895165353, 26.413648572760319 ], [ 88.931383449237757, 26.412997459873001 ], [ 88.931543531882781, 26.412609674741763 ], [ 88.931888973054853, 26.411501990233063 ], [ 88.931754137077974, 26.410572416766502 ], [ 88.931053534556014, 26.409113140327204 ], [ 88.929557500060284, 26.407664595205908 ], [ 88.927789053699698, 26.406577933866014 ], [ 88.925867499287605, 26.405851541066607 ], [ 88.924232094657114, 26.405586970267368 ], [ 88.923237797661471, 26.405600344912525 ], [ 88.922128931678273, 26.405901837142245 ], [ 88.920982661842203, 26.406347115327151 ], [ 88.919394735103268, 26.406547550661013 ], [ 88.917920789374435, 26.406424033304152 ], [ 88.916601791356229, 26.406047662431988 ], [ 88.915522024959728, 26.405703897558446 ], [ 88.913726368085108, 26.405369705539076 ], [ 88.912688750275279, 26.4051686478611 ], [ 88.910815924190189, 26.404978743027733 ], [ 88.910258526427157, 26.404950366518548 ], [ 88.909014982613954, 26.40432215262933 ], [ 88.908427162248813, 26.403637727834983 ], [ 88.90849930214425, 26.403571496903773 ], [ 88.908554460094422, 26.403331219872651 ], [ 88.908546798669391, 26.402865619797772 ], [ 88.908617500906772, 26.402327327688806 ], [ 88.909040246385757, 26.401426105671845 ], [ 88.9095051148674, 26.400667612834866 ], [ 88.910006799663677, 26.399729510864386 ], [ 88.910628965356707, 26.398861444399639 ], [ 88.911589757905517, 26.39800440292889 ], [ 88.912319583352939, 26.398139105698764 ], [ 88.913123342994723, 26.39863585348672 ], [ 88.913693148632376, 26.399016315107811 ], [ 88.91439700129591, 26.399484539144517 ], [ 88.914733344608635, 26.399778563659243 ], [ 88.915473305890714, 26.400425414438377 ], [ 88.915842303725171, 26.400689145240307 ], [ 88.916644615068222, 26.401096333239391 ], [ 88.916879075975345, 26.401242454333531 ], [ 88.917381561172803, 26.401321687312773 ], [ 88.917577034704721, 26.401352509143276 ], [ 88.91804102508037, 26.401346287779916 ], [ 88.918669244018076, 26.401248304176878 ], [ 88.919392938071226, 26.40091021591876 ], [ 88.920048366853877, 26.400453631097172 ], [ 88.92046932869961, 26.39985092789021 ], [ 88.921051545614432, 26.398977384714033 ], [ 88.921498223349843, 26.39792654561057 ], [ 88.922031459449329, 26.396098375168499 ], [ 88.922286210893716, 26.393467926337287 ], [ 88.922322824452024, 26.391676279645608 ], [ 88.922064649611201, 26.39009756135443 ], [ 88.921015607791858, 26.388798135277813 ], [ 88.920208099736868, 26.38828560113636 ], [ 88.920109341884583, 26.38813754236757 ], [ 88.919597952306091, 26.387278677622287 ], [ 88.919052444821418, 26.386360563828859 ], [ 88.919065367839792, 26.385217631333617 ], [ 88.918968075516034, 26.384144240426618 ], [ 88.918715279564807, 26.383287874817089 ], [ 88.918263668176166, 26.38243417284572 ], [ 88.917536674904625, 26.381763275431563 ], [ 88.916574063748868, 26.381274645822526 ], [ 88.914896305740726, 26.38083140306448 ], [ 88.913932531680473, 26.380271124020634 ], [ 88.913525453409861, 26.379703394783913 ], [ 88.913477426214698, 26.37920251132973 ], [ 88.913749053946759, 26.378563512432557 ], [ 88.914662554844739, 26.377992154719603 ], [ 88.915682369866204, 26.377530717097429 ], [ 88.917595349547923, 26.376967751211577 ], [ 88.918994158753947, 26.376756325528174 ], [ 88.919545884464469, 26.376672930012958 ], [ 88.921197205378434, 26.376322393994499 ], [ 88.922747134893925, 26.375853790811675 ], [ 88.923731288932558, 26.37524351448435 ], [ 88.924154126346679, 26.374760188465942 ], [ 88.924244628084679, 26.374221624271318 ], [ 88.924137807725316, 26.37377527065555 ], [ 88.922530569010775, 26.372781877902813 ], [ 88.920535623575532, 26.372390721060139 ], [ 88.918706358681362, 26.371997315068093 ], [ 88.917105098500883, 26.37136201074896 ], [ 88.916358924453917, 26.370327156386487 ], [ 88.915911452909071, 26.369318153644357 ], [ 88.915729051907419, 26.368305602087521 ], [ 88.91571576244381, 26.367499755537921 ], [ 88.91579216110982, 26.36715886414358 ], [ 88.916147645768604, 26.366526249128711 ], [ 88.916504316451466, 26.366226751917097 ], [ 88.916971349297967, 26.36583457965029 ], [ 88.918116065342033, 26.365317721738272 ], [ 88.919386552736, 26.365193224408507 ], [ 88.9200901459336, 26.36514148446448 ], [ 88.920578113696422, 26.365105598327936 ], [ 88.921213650758006, 26.365061248540997 ], [ 88.922125715758384, 26.364905712841779 ], [ 88.922275858773233, 26.36436634934293 ], [ 88.922141273685995, 26.363616088998121 ], [ 88.922013020890645, 26.362901125602068 ], [ 88.921639212362138, 26.361938915473054 ], [ 88.921778100440932, 26.360719061851718 ], [ 88.922365561850015, 26.360173827078764 ], [ 88.923281143494691, 26.360233178183073 ], [ 88.92396589675667, 26.360761327400446 ], [ 88.924895128935205, 26.361644417820081 ], [ 88.925508693157553, 26.362675040470869 ], [ 88.926122862442455, 26.36374147441472 ], [ 88.926688970113076, 26.364307028640713 ], [ 88.927211166311992, 26.364622408528458 ], [ 88.927389812933114, 26.364667487328767 ], [ 88.928289381975617, 26.36489447505398 ], [ 88.929482116746485, 26.364878405459596 ], [ 88.930467135936595, 26.364327780824045 ], [ 88.931688307570738, 26.363630670734167 ], [ 88.932667942449598, 26.362757695827295 ], [ 88.933882526806158, 26.361666602550319 ], [ 88.934701911113706, 26.360724133176372 ], [ 88.934705241399229, 26.360686688734788 ], [ 88.935218807501954, 26.360323094466807 ], [ 88.935708301789205, 26.359868689294217 ], [ 88.936362944171591, 26.359382197680407 ], [ 88.936444123611864, 26.3593256126947 ], [ 88.937018078465243, 26.358925548273007 ], [ 88.937939735991748, 26.358554846863584 ], [ 88.939158058244558, 26.358090564904849 ], [ 88.939629214342631, 26.357969818238097 ], [ 88.941195260986717, 26.357948596762984 ], [ 88.942984242685327, 26.357924333338616 ], [ 88.944241656148648, 26.357817708577851 ], [ 88.945529698566702, 26.357561394342966 ], [ 88.94663846169243, 26.356602639263301 ], [ 88.947376340269003, 26.35615352735854 ], [ 88.948133796708589, 26.355874553535944 ], [ 88.949521192392638, 26.35561685290336 ], [ 88.950386038028526, 26.355814043453126 ], [ 88.950973772253178, 26.357268804990301 ], [ 88.951267868325772, 26.358996236644259 ], [ 88.952214507852062, 26.362087980297787 ], [ 88.952599504820142, 26.363306676991751 ], [ 88.953047260647764, 26.364315550332794 ], [ 88.953627549499373, 26.365322612430081 ], [ 88.953789583534942, 26.365467593292841 ], [ 88.954481468245632, 26.365723601724593 ], [ 88.955103825943439, 26.36560084665857 ], [ 88.958441725351335, 26.362321361108869 ], [ 88.959418284224512, 26.360492980681489 ], [ 88.960565112266366, 26.359330953804108 ], [ 88.960804363804158, 26.357799241119114 ], [ 88.959836561745746, 26.357000507839114 ], [ 88.958017466331484, 26.356022354243336 ], [ 88.956416851229363, 26.355423302240165 ], [ 88.954760033934747, 26.354633943674212 ], [ 88.953740096292222, 26.353883641596813 ], [ 88.953139391890176, 26.352841031345445 ], [ 88.952323476880736, 26.35161029657419 ], [ 88.950511699308223, 26.351219734258336 ], [ 88.949853589529667, 26.349436456212892 ], [ 88.949300182780703, 26.34725878999533 ], [ 88.94899190681042, 26.345471837285498 ], [ 88.948924387706356, 26.344854601145951 ], [ 88.948979022921336, 26.344307765726668 ], [ 88.949025196765305, 26.344186875461673 ], [ 88.949391640049143, 26.343227462592825 ], [ 88.949866420592613, 26.342832918536683 ], [ 88.950259122272712, 26.342827572698631 ], [ 88.951637624115691, 26.342808798665011 ], [ 88.952966123479285, 26.342999660204423 ], [ 88.954132011182196, 26.343371842183686 ], [ 88.955338559511446, 26.344191244678267 ], [ 88.956017966721873, 26.344908505418989 ], [ 88.956742368902439, 26.344918385363307 ], [ 88.959393899023439, 26.344971696979282 ], [ 88.959883231527158, 26.344517217104169 ], [ 88.959603645919387, 26.34365532430953 ], [ 88.958792561134985, 26.342711141324173 ], [ 88.957182487001887, 26.34153905300909 ], [ 88.955114274624933, 26.340224439638742 ], [ 88.954916788625781, 26.338708336636735 ], [ 88.954675917582577, 26.336204018376922 ], [ 88.954533206706046, 26.334808871511047 ], [ 88.954622360880506, 26.333016508431353 ], [ 88.955155938702504, 26.331647957165462 ], [ 88.955338088231841, 26.331531416215874 ], [ 88.955401443037388, 26.331274436802136 ], [ 88.956639980969527, 26.330063432131254 ], [ 88.958940365520434, 26.328957316865591 ], [ 88.96093163021466, 26.32916890180892 ], [ 88.962775833706417, 26.330304528569645 ], [ 88.963208008654348, 26.330570647433177 ], [ 88.964570142646323, 26.33276105319527 ], [ 88.964912100833075, 26.333986658007159 ], [ 88.965134370713628, 26.334783274071849 ], [ 88.964968910072884, 26.336755797093602 ], [ 88.964342742880206, 26.338913751321581 ], [ 88.964187789478999, 26.339115642733681 ], [ 88.963463655416405, 26.341791625196301 ], [ 88.963838242711475, 26.344353789921129 ], [ 88.964024178925456, 26.34751558439493 ], [ 88.964488313440697, 26.350408696088447 ], [ 88.96455382824098, 26.35051146043935 ], [ 88.965446348090083, 26.350499214957857 ], [ 88.967525378481582, 26.350470668836874 ], [ 88.9677326956336, 26.350503643686523 ], [ 88.968369772543952, 26.350779768793256 ], [ 88.968854242781916, 26.350989747488349 ], [ 88.969067208040457, 26.351018724440589 ], [ 88.96984683166545, 26.350904453517671 ], [ 88.971022999329151, 26.349921059654111 ], [ 88.971727596200665, 26.34926655405566 ], [ 88.972595444382762, 26.348860554486407 ], [ 88.973988563929737, 26.348948828924943 ], [ 88.974090620397362, 26.348985055048246 ], [ 88.974668594464021, 26.349190213085869 ], [ 88.976259257545024, 26.34920409642196 ], [ 88.978158789937581, 26.348676357688539 ], [ 88.980016112444858, 26.348005887168156 ], [ 88.980529515732741, 26.347699744990258 ], [ 88.981000120324893, 26.347419120487338 ], [ 88.982219567063794, 26.34664997666474 ], [ 88.983851773324986, 26.346770668905005 ], [ 88.984911578311085, 26.34728209157279 ], [ 88.985377370195934, 26.347633151304507 ], [ 88.986182171388464, 26.348195153356805 ], [ 88.986821855398034, 26.34840121551856 ], [ 88.987459705817855, 26.34849983350253 ], [ 88.988331773268925, 26.348344439414287 ], [ 88.988841794475917, 26.347943311869354 ], [ 88.989151220500005, 26.347437501096127 ], [ 88.989416604743795, 26.346681544548947 ], [ 88.989516858613655, 26.345569656854398 ], [ 88.989495411834312, 26.344316169936814 ], [ 88.989593213505614, 26.343061025680431 ], [ 88.989935019862273, 26.342124894600012 ], [ 88.991880737781543, 26.339661928919575 ], [ 88.991831177326617, 26.339089459463356 ], [ 88.990985443318436, 26.338456411161147 ], [ 88.990502637583475, 26.338259827659552 ], [ 88.990274369683476, 26.338334942510009 ], [ 88.989095219780793, 26.339127472469105 ], [ 88.98837467778786, 26.339615107156 ], [ 88.987850828155416, 26.339980601876654 ], [ 88.986993701596703, 26.340231309427296 ], [ 88.986462709040993, 26.340178969144787 ], [ 88.986242516024987, 26.339891067892381 ], [ 88.985920504526689, 26.339470036120105 ], [ 88.985845076074966, 26.339116753970085 ], [ 88.985730731844399, 26.338581200514867 ], [ 88.98570444140347, 26.338458060433965 ], [ 88.985688137260695, 26.337503019856445 ], [ 88.985934774562821, 26.336424925343557 ], [ 88.986478862921714, 26.335274481834258 ], [ 88.98676565726602, 26.334949459488847 ], [ 88.987383902155329, 26.333987744543943 ], [ 88.987509204270438, 26.333792827559446 ], [ 88.988110103290481, 26.332971812304805 ], [ 88.988789824884265, 26.33241289802174 ], [ 88.989308584155523, 26.332061800753863 ], [ 88.989991465626318, 26.332009331658316 ], [ 88.990899370793016, 26.332097022553292 ], [ 88.993079366357136, 26.332181347986523 ], [ 88.994521015536719, 26.332255681185359 ], [ 88.994830116430677, 26.332271617497049 ], [ 88.996291998617124, 26.332208270257638 ], [ 88.998516354834351, 26.331789188255311 ], [ 89.000881896864186, 26.331027787802395 ], [ 89.001985705485012, 26.330486975780271 ], [ 89.003025825775708, 26.32932612668726 ], [ 89.003739753739708, 26.327692201019552 ], [ 89.003715909607223, 26.326307404178422 ], [ 89.003149840933077, 26.324213740666316 ], [ 89.00249506886837, 26.323124338597896 ], [ 89.000555452529525, 26.321288661966108 ], [ 88.998909533924234, 26.321120573083864 ], [ 88.997531837984369, 26.321139780092032 ], [ 88.99582802237515, 26.320685882411585 ], [ 88.995693914472938, 26.320592223684269 ], [ 88.995683612846506, 26.319991346257925 ], [ 88.995828658095533, 26.319177350196206 ], [ 88.996135938919323, 26.318552148755177 ], [ 88.997176840440375, 26.317439095163913 ], [ 88.998168015094777, 26.316517779906349 ], [ 88.999367016974432, 26.315354743558061 ], [ 88.999504652492902, 26.314110979697631 ], [ 88.998049472659872, 26.312698370775259 ], [ 88.996985688489062, 26.312474376265563 ], [ 88.996090683284976, 26.312821184233375 ], [ 88.994989459285918, 26.313505198714051 ], [ 88.994086801129754, 26.314003008089834 ], [ 88.993834419844745, 26.314142191967232 ], [ 88.99284649795591, 26.315254485309723 ], [ 88.991004242159462, 26.315996535114603 ], [ 88.989205156809319, 26.316164801484209 ], [ 88.987901221499598, 26.31608506532509 ], [ 88.987873246557811, 26.316118466384019 ], [ 88.987622699100442, 26.315983757533196 ], [ 88.986706449032567, 26.315088952806814 ], [ 88.985945913640521, 26.314000930604937 ], [ 88.985822840112689, 26.312999602422224 ], [ 88.986279341766277, 26.311799191396577 ], [ 88.987254265820411, 26.309922905327436 ], [ 88.987762094755453, 26.308626251479794 ], [ 88.987848500541475, 26.307478729477499 ], [ 88.986720393238713, 26.306586858952336 ], [ 88.986549229971175, 26.305872777285114 ], [ 88.987367608366284, 26.304141950304352 ], [ 88.987983821096023, 26.302987084928841 ], [ 88.988595131617146, 26.301545703857407 ], [ 88.989087450683257, 26.301011587875397 ], [ 88.989071236599912, 26.301010000315024 ], [ 88.989040283106263, 26.300952836444214 ], [ 88.990354465710666, 26.301299028358159 ], [ 88.992652001450367, 26.301782967103758 ], [ 88.995200912360175, 26.302091423022674 ], [ 88.99805788487771, 26.301822380248009 ], [ 89.001113621883803, 26.301237954829759 ], [ 89.001120198223177, 26.301148929648349 ], [ 89.002984074398313, 26.301084973638922 ], [ 89.004952920960804, 26.300942828405411 ], [ 89.005840005885247, 26.300758476206074 ], [ 89.007161567225694, 26.300066916641018 ], [ 89.007229903989469, 26.300031155556916 ], [ 89.009635447863943, 26.300496155836832 ], [ 89.010602246904327, 26.301246814058505 ], [ 89.011769430563902, 26.301325971483283 ], [ 89.013453199707442, 26.300633657475561 ], [ 89.015009519187146, 26.298701276000472 ], [ 89.016133713173787, 26.296297323875844 ], [ 89.016741331988939, 26.294664837904755 ], [ 89.017684972798975, 26.294078410266888 ], [ 89.018742826064909, 26.293967998894374 ], [ 89.0198023309852, 26.293953082942977 ], [ 89.021020750356655, 26.293935920081775 ], [ 89.02041581776966, 26.295135154662102 ], [ 89.019641042998387, 26.296292378739693 ], [ 89.019381854672702, 26.296670290235632 ], [ 89.019102167421806, 26.297302988672236 ], [ 89.018658881202867, 26.299243629677015 ], [ 89.019660904389724, 26.302023654865902 ], [ 89.021532179927178, 26.304504841014765 ], [ 89.023799649725859, 26.30690876180434 ], [ 89.024496174698086, 26.307096244222233 ], [ 89.024598100187859, 26.307112422945067 ], [ 89.027122490207304, 26.306002092110226 ], [ 89.028141890331426, 26.305199591488424 ], [ 89.028441060599945, 26.304120696497016 ], [ 89.028418610513597, 26.302831418684768 ], [ 89.02775668098711, 26.301336252269838 ], [ 89.027421360981137, 26.300337974334248 ], [ 89.026045512380549, 26.298924533354576 ], [ 89.024664719135316, 26.29722456957321 ], [ 89.024641073126659, 26.295863660863763 ], [ 89.025568494736461, 26.294346035347996 ], [ 89.025633017550746, 26.293485391955855 ], [ 89.02497242902966, 26.29206183144796 ], [ 89.024462069622615, 26.29013463698746 ], [ 89.024435945411014, 26.288630473324101 ], [ 89.02538198617485, 26.288187253023004 ], [ 89.026890454566342, 26.288094303282648 ], [ 89.027835234633741, 26.287579440970585 ], [ 89.028202617144416, 26.285854783162833 ], [ 89.028405053364082, 26.284807641586305 ], [ 89.02854295932481, 26.284828956355263 ], [ 89.029050259397948, 26.284588354689415 ], [ 89.029333298969078, 26.28421864340503 ], [ 89.030381721032924, 26.28380668149271 ], [ 89.030847965402415, 26.283567932887426 ], [ 89.031599569673773, 26.283225671880839 ], [ 89.032425210017166, 26.282981875738187 ], [ 89.033551827943342, 26.282998662731373 ], [ 89.033995316368646, 26.283157807834758 ], [ 89.03437469028259, 26.28348368130548 ], [ 89.034583154727088, 26.284011052684097 ], [ 89.034836668916427, 26.284703579132302 ], [ 89.0348575539075, 26.28510104963836 ], [ 89.034983630819156, 26.285430785194666 ], [ 89.035200976743837, 26.285561910808259 ], [ 89.035520396306381, 26.28555858497786 ], [ 89.035909782093967, 26.285521113902998 ], [ 89.036507159946552, 26.28531452414045 ], [ 89.036783498683249, 26.285078320375636 ], [ 89.036904169925378, 26.284511741261564 ], [ 89.036920106478775, 26.28404647226597 ], [ 89.036802219247747, 26.2837275130567 ], [ 89.038138610197421, 26.284092204879332 ], [ 89.038719705684372, 26.284599785742568 ], [ 89.039869880529793, 26.284927328278929 ], [ 89.041525568618397, 26.285075722490248 ], [ 89.042095643381217, 26.284952978989509 ], [ 89.042526539643177, 26.284144432348516 ], [ 89.042629575210995, 26.282767401243461 ], [ 89.042603476126374, 26.281277578241991 ], [ 89.042437958389868, 26.280299023388444 ], [ 89.043161846873616, 26.279997888818251 ], [ 89.043482511364218, 26.27988434245481 ], [ 89.043830695189058, 26.27935198450389 ], [ 89.044271144425636, 26.278032237549478 ], [ 89.045049951533201, 26.277125590164346 ], [ 89.045835029871839, 26.276577069480382 ], [ 89.047286368699474, 26.276257854916182 ], [ 89.047948447692391, 26.276248407521358 ], [ 89.048361418822225, 26.277138061133172 ], [ 89.048569480132343, 26.277672420175794 ], [ 89.049199991591891, 26.278170800896248 ], [ 89.049096988181802, 26.278172071479837 ], [ 89.049803223607228, 26.279290668114449 ], [ 89.049896524952828, 26.28007741728187 ], [ 89.049289861845452, 26.281733891115852 ], [ 89.048191358457785, 26.282537658320987 ], [ 89.047018414777867, 26.283629056446344 ], [ 89.047432039168939, 26.28455452406493 ], [ 89.04816726784189, 26.285690329998314 ], [ 89.048512781211898, 26.287261560464383 ], [ 89.048297065261082, 26.288554228762209 ], [ 89.04744693342036, 26.28992759697374 ], [ 89.047241266717506, 26.291793270511505 ], [ 89.048372590543167, 26.292851774844227 ], [ 89.049487558943341, 26.292979135814679 ], [ 89.05037880913423, 26.292861366796956 ], [ 89.050952213395334, 26.292193850861924 ], [ 89.051242851217026, 26.291855507970141 ], [ 89.052019794422662, 26.290841384361268 ], [ 89.052864830420162, 26.289181489301953 ], [ 89.053559761971385, 26.28802524415423 ], [ 89.054908008032584, 26.287862650476214 ], [ 89.056143316771724, 26.287887763552476 ], [ 89.0569751517302, 26.287904668043019 ], [ 89.058154359288054, 26.287171319974888 ], [ 89.058218640144744, 26.286310675470681 ], [ 89.057947398594479, 26.284451834982264 ], [ 89.057827962295192, 26.28304608444444 ], [ 89.057746773371733, 26.28209047462688 ], [ 89.057858908353438, 26.279438053898264 ], [ 89.057232708732784, 26.278293687815584 ], [ 89.056697443853722, 26.277947217855967 ], [ 89.056287815727359, 26.277875099834027 ], [ 89.056231800725868, 26.277863174140307 ], [ 89.056333945234627, 26.276633814257128 ], [ 89.058282254299201, 26.274456572806908 ], [ 89.060724883291954, 26.273275220997093 ], [ 89.062523029124719, 26.271601587854871 ], [ 89.062365682530384, 26.265826015153838 ], [ 89.062296718186616, 26.263294186405144 ], [ 89.062164119825979, 26.260287058907771 ], [ 89.062846146518453, 26.258414526096228 ], [ 89.06352308755622, 26.256255488836114 ], [ 89.064055069772294, 26.254886613058318 ], [ 89.063708212201348, 26.253243794783913 ], [ 89.063511123609089, 26.253090824920612 ], [ 89.062065121035943, 26.253111598523564 ], [ 89.061934124386369, 26.253173028505486 ], [ 89.061470305754995, 26.253807918727489 ], [ 89.060591775733272, 26.254450993854821 ], [ 89.059013202435608, 26.255046790789759 ], [ 89.057746291570382, 26.255294213243175 ], [ 89.056219126496686, 26.255201462412959 ], [ 89.054873527885363, 26.25459026093867 ], [ 89.054349014590699, 26.253680724678265 ], [ 89.054130434358711, 26.252770576300506 ], [ 89.053416183295369, 26.251625309433244 ], [ 89.05198816450222, 26.248732200800205 ], [ 89.051977489233053, 26.248124705868779 ], [ 89.051965509096135, 26.24744293200331 ], [ 89.052155504193038, 26.246198387369184 ], [ 89.052418950881446, 26.245326185882004 ], [ 89.052336947203941, 26.244080543641974 ], [ 89.052243200589473, 26.242362425712965 ], [ 89.052024867912877, 26.241495546458083 ], [ 89.050105737167243, 26.241069286293136 ], [ 89.047986050907284, 26.241004000343512 ], [ 89.047955009404461, 26.240994004349169 ], [ 89.047128695162186, 26.241027089677853 ], [ 89.045612635193834, 26.241213104744421 ], [ 89.045568914384731, 26.241110850522482 ], [ 89.045155477881877, 26.240414634503313 ], [ 89.044898188036399, 26.240419510792297 ], [ 89.044349142115934, 26.240597642213988 ], [ 89.044193452989916, 26.240600616231745 ], [ 89.043684558478816, 26.240878119060895 ], [ 89.041952219666953, 26.241762489409123 ], [ 89.039120381830415, 26.243378897671242 ], [ 89.03700332014526, 26.244985117884937 ], [ 89.034085664134054, 26.246244427913247 ], [ 89.032507041407598, 26.246839934457295 ], [ 89.030907226440874, 26.246217765380148 ], [ 89.028806928352353, 26.2447983623154 ], [ 89.027771658060331, 26.244236915580139 ], [ 89.026690678779786, 26.244056344467975 ], [ 89.024910483762881, 26.24402413841262 ], [ 89.023171312670272, 26.244267002172627 ], [ 89.02070574537403, 26.244200916467022 ], [ 89.019644597165112, 26.244215842429277 ], [ 89.017226284013276, 26.24424982878784 ], [ 89.016734291398549, 26.244256738141871 ], [ 89.012677224891078, 26.243955423948449 ], [ 89.008386810835418, 26.243943838547889 ], [ 89.004971342594828, 26.243991558524012 ], [ 89.002180252859972, 26.243385685334612 ], [ 88.9991447720991, 26.242424931553348 ], [ 88.993816312640362, 26.242636381911115 ], [ 88.991608423622367, 26.242615604272558 ], [ 88.989744273343646, 26.242784732983566 ], [ 88.989153797183121, 26.242792911800361 ], [ 88.987758534167071, 26.242812228253328 ], [ 88.98629391582493, 26.242612869490213 ], [ 88.985130658860555, 26.242454519688945 ], [ 88.983337937316804, 26.242186093580422 ], [ 88.982064111857724, 26.241995348107231 ], [ 88.981193842673107, 26.24182782355895 ], [ 88.980425550341991, 26.241679924184513 ], [ 88.979089213422768, 26.241004666537936 ], [ 88.977208692738429, 26.240206634868606 ], [ 88.976339518950823, 26.239935073259989 ], [ 88.974573024729239, 26.239383136373622 ], [ 88.972217201900449, 26.238663214581347 ], [ 88.9705780619975, 26.238040893737249 ], [ 88.969021384202662, 26.23759653814037 ], [ 88.967553190072948, 26.237688302291989 ], [ 88.966047690340972, 26.237923853748349 ], [ 88.963833957944388, 26.238563129867039 ], [ 88.963457219425123, 26.238690937469595 ], [ 88.962309070516241, 26.239080435938593 ], [ 88.962179506741307, 26.239054074409033 ], [ 88.96116190068679, 26.239072627826356 ], [ 88.960725883703773, 26.239080435813484 ], [ 88.960034000356643, 26.23912665410931 ], [ 88.958889461099091, 26.239521789362097 ], [ 88.958081376925819, 26.239707623499786 ], [ 88.957572495628838, 26.239717267330029 ], [ 88.956814812068117, 26.23962803692222 ], [ 88.956021354422489, 26.239538228109041 ], [ 88.955365907614691, 26.239583567762427 ], [ 88.954845989800248, 26.239799909048312 ], [ 88.954125848537174, 26.240334012535087 ], [ 88.953955314488866, 26.24075710877991 ], [ 88.95392928759793, 26.241211167259131 ], [ 88.954151997062311, 26.241901839589861 ], [ 88.954153299035042, 26.242235558967351 ], [ 88.95400715509605, 26.242405712376325 ], [ 88.953493426785698, 26.242451884524844 ], [ 88.952537610822219, 26.242180607159828 ], [ 88.952022811119889, 26.24203112903567 ], [ 88.95161809668673, 26.241879377923116 ], [ 88.951248994138382, 26.241531443416179 ], [ 88.950924871261975, 26.241533687928278 ], [ 88.950324049028623, 26.241784498107368 ], [ 88.950008311129878, 26.241972135393297 ], [ 88.94977167844236, 26.242379825789996 ], [ 88.949448606838928, 26.243415877893323 ], [ 88.949422982653672, 26.243730367979794 ], [ 88.949574577453447, 26.244079188063157 ], [ 88.949582826767681, 26.244686492567606 ], [ 88.94955305841377, 26.245069250999688 ], [ 88.948739868860812, 26.24664453194427 ], [ 88.948188085694696, 26.247210250018021 ], [ 88.94787542386517, 26.247561168851028 ], [ 88.947566406143068, 26.247611106269439 ], [ 88.947086104487084, 26.247684444615373 ], [ 88.946809361779032, 26.247805245637178 ], [ 88.946543540651589, 26.248602853116761 ], [ 88.946235901569324, 26.249610714569986 ], [ 88.945435595529673, 26.250854276395728 ], [ 88.943813239550565, 26.252717269755326 ], [ 88.942773704622553, 26.253613174793763 ], [ 88.94122583577736, 26.255711464783758 ], [ 88.940615617944559, 26.256535616726016 ], [ 88.939640831149404, 26.258901478779237 ], [ 88.938076986731303, 26.262247473620015 ], [ 88.937370179019737, 26.263576523842321 ], [ 88.936697095701192, 26.264394258736512 ], [ 88.935416214034092, 26.265315746399793 ], [ 88.934382338084845, 26.265897722928475 ], [ 88.934169863087433, 26.266272363527939 ], [ 88.934041968092131, 26.266696319002634 ], [ 88.933779584590297, 26.267314355315669 ], [ 88.933410831392138, 26.268182933972323 ], [ 88.933291101448532, 26.270548898282414 ], [ 88.933161874383117, 26.272341813494421 ], [ 88.932872550468673, 26.274065236950808 ], [ 88.932276679313446, 26.276587119196865 ], [ 88.933248300511607, 26.276735020103121 ], [ 88.934068439567412, 26.27683162644302 ], [ 88.934936472092602, 26.276739956694616 ], [ 88.935895125770429, 26.276311108119778 ], [ 88.938316860032089, 26.27524747250099 ], [ 88.93958233324966, 26.274453617612668 ], [ 88.940729776112562, 26.27324285353458 ], [ 88.942201205310425, 26.271788230008468 ], [ 88.942736171678504, 26.271409413903879 ], [ 88.943233907713008, 26.271057288136031 ], [ 88.944190084449161, 26.270327253168077 ], [ 88.945764611827826, 26.269193549661846 ], [ 88.946601762435861, 26.268392565890007 ], [ 88.947886259968058, 26.266903295740818 ], [ 88.949371363649306, 26.265446973047137 ], [ 88.950784933257367, 26.264099129078033 ], [ 88.951858581931475, 26.263079118040153 ], [ 88.952865441970133, 26.262311476934247 ], [ 88.953768088049898, 26.261904391182735 ], [ 88.95455394864463, 26.261534707380537 ], [ 88.955832335653113, 26.261517694652468 ], [ 88.958355790005726, 26.261592049557507 ], [ 88.960269030483957, 26.26138710492479 ], [ 88.962645194434785, 26.260601669242597 ], [ 88.96351467298129, 26.260231204473435 ], [ 88.96386797296006, 26.259975177698287 ], [ 88.964571674976327, 26.259355344211816 ], [ 88.965128745009252, 26.259312254157212 ], [ 88.966081944761271, 26.259192222525655 ], [ 88.967238247531881, 26.259285266956347 ], [ 88.968541997268929, 26.258945237975734 ], [ 88.969565535472469, 26.258572785984505 ], [ 88.969877724717961, 26.258353102758448 ], [ 88.969672459626523, 26.258068029748941 ], [ 88.970141504293963, 26.257774399098601 ], [ 88.970693921851677, 26.257659511616961 ], [ 88.972679197331161, 26.257814569427975 ], [ 88.973432301109725, 26.257841289827713 ], [ 88.974461129856806, 26.25782877037393 ], [ 88.975609776404823, 26.257886937542416 ], [ 88.975719116453874, 26.257525733326609 ], [ 88.976022294635371, 26.257018199619871 ], [ 88.976842350415026, 26.2566484128238 ], [ 88.977504790784891, 26.256316498477165 ], [ 88.978049518068815, 26.256021973957832 ], [ 88.979147528589962, 26.255756937872647 ], [ 88.980139485091797, 26.255961478483975 ], [ 88.981134200565052, 26.256274194921509 ], [ 88.983895308401515, 26.256278907462967 ], [ 88.986068870931717, 26.25650688120928 ], [ 88.987138512467254, 26.256747301807025 ], [ 88.988571327369755, 26.25734392601888 ], [ 88.989918671123618, 26.2577249565798 ], [ 88.990344664082102, 26.257504128831979 ], [ 88.990866673224474, 26.256489964685041 ], [ 88.991160879641185, 26.255729983141329 ], [ 88.991681365954591, 26.25453456172129 ], [ 88.991888018625986, 26.253162074998141 ], [ 88.992123687074454, 26.253159427503324 ], [ 88.992752742288729, 26.253188409349043 ], [ 88.99322527780852, 26.253255204760428 ], [ 88.993856079232827, 26.253392323774541 ], [ 88.994529403534827, 26.25374539210053 ], [ 88.994741163174425, 26.254179651981335 ], [ 88.994413728754765, 26.254470237680479 ], [ 88.994377308515212, 26.254934129174629 ], [ 88.994379698641097, 26.255045675018888 ], [ 88.993893198824807, 26.255201872960942 ], [ 88.99309795253123, 26.257579881381794 ], [ 88.992715845020953, 26.259161374928265 ], [ 88.991892116186108, 26.260354002370526 ], [ 88.991303375976941, 26.261206097182292 ], [ 88.989844035774496, 26.261843820683318 ], [ 88.987034822797597, 26.26283552449306 ], [ 88.985510579381696, 26.263529645894653 ], [ 88.982056046209138, 26.266449168340603 ], [ 88.98072757261501, 26.267185711056232 ], [ 88.977266006573203, 26.269342732828896 ], [ 88.975624031377279, 26.270150223357984 ], [ 88.975156313804376, 26.270442517096445 ], [ 88.973969663130632, 26.270562631743484 ], [ 88.973411313623743, 26.270460739489792 ], [ 88.973029367042173, 26.271003618014173 ], [ 88.972634477853845, 26.271079646647436 ], [ 88.972238521874743, 26.271119789690555 ], [ 88.971682660731801, 26.271125767154913 ], [ 88.971366931414721, 26.271201008124141 ], [ 88.970111382941326, 26.27178922922996 ], [ 88.969523021818532, 26.272082927666549 ], [ 88.968898648700332, 26.272520624473835 ], [ 88.968280029846667, 26.273173597269103 ], [ 88.967683451970984, 26.274615721733863 ], [ 88.967712863272141, 26.275655906767625 ], [ 88.967608702425039, 26.27619522305746 ], [ 88.967346353588326, 26.276772151458456 ], [ 88.967156475828261, 26.27709714075079 ], [ 88.966625248611336, 26.277877350364133 ], [ 88.965979502865011, 26.277927668201798 ], [ 88.964231466377385, 26.27820196805753 ], [ 88.96181549505971, 26.27789786113544 ], [ 88.958185904794405, 26.277232326055323 ], [ 88.95113193823866, 26.274851346549728 ], [ 88.95044071724719, 26.274860377061618 ], [ 88.9497733829824, 26.275539572440742 ], [ 88.947097741284736, 26.277879366397546 ], [ 88.944782739175054, 26.279626813336552 ], [ 88.943020189847033, 26.282327974572357 ], [ 88.941534368687869, 26.285221421291077 ], [ 88.940453781641295, 26.286955904465461 ], [ 88.938403337067641, 26.288567563637432 ], [ 88.934637737397949, 26.291573605149122 ], [ 88.932495643521321, 26.293169750952181 ], [ 88.931023532900596, 26.293142305330147 ], [ 88.930521117171793, 26.293163237640364 ], [ 88.929777817013331, 26.293177082983046 ], [ 88.928531764140061, 26.293098136615303 ], [ 88.92753840741436, 26.292737213010422 ], [ 88.92660491175225, 26.292783574940273 ], [ 88.92580056492433, 26.293241286236274 ], [ 88.924437154323698, 26.294941954963988 ], [ 88.92319638230137, 26.297369763652746 ], [ 88.922959188765788, 26.29844173835621 ], [ 88.922951596666309, 26.299254955057361 ], [ 88.9232759759619, 26.30017807435312 ], [ 88.924538124094965, 26.301049848178195 ], [ 88.928799393404361, 26.303989127710967 ], [ 88.929363221731322, 26.304799991660197 ], [ 88.929445324682902, 26.305869072413312 ], [ 88.928258537576269, 26.305957592200425 ], [ 88.92770729297321, 26.306078538355703 ], [ 88.927278935376066, 26.306380435737804 ], [ 88.926894308853093, 26.307011124955206 ], [ 88.926462553333494, 26.307273461718076 ], [ 88.92595083061741, 26.307498041807186 ], [ 88.925240914587704, 26.307463488140364 ], [ 88.924650848104221, 26.307351825783407 ], [ 88.924100665213444, 26.30749375307251 ], [ 88.923824589995675, 26.307673265747884 ], [ 88.92326730104574, 26.308249527438345 ], [ 88.922821869166341, 26.308809319607874 ], [ 88.922511471671612, 26.309355515152323 ], [ 88.921040346635863, 26.309937234058925 ], [ 88.920668250914702, 26.309972289559141 ], [ 88.920393144712335, 26.309877925634201 ], [ 88.920355740908207, 26.309570105596439 ], [ 88.920180641605654, 26.309215020764288 ], [ 88.919902609905691, 26.309251324665201 ], [ 88.919384709265501, 26.309632188841753 ], [ 88.918301842930305, 26.310617241362539 ], [ 88.91711128774044, 26.311560120814395 ], [ 88.9154638788836, 26.312774401790673 ], [ 88.913860426357132, 26.312568731800901 ], [ 88.909798626531483, 26.310834695545786 ], [ 88.904317849478915, 26.309255018391717 ], [ 88.90295883548788, 26.312328566871845 ], [ 88.902580781769771, 26.313289972978506 ], [ 88.902098968111744, 26.313946417895565 ], [ 88.901654138741534, 26.314303070702181 ], [ 88.900335975791819, 26.314933866840363 ], [ 88.897701846077851, 26.316238026210584 ], [ 88.895844652869769, 26.317747960119583 ], [ 88.894432681145673, 26.319163630180061 ], [ 88.893174440679189, 26.320750931370135 ], [ 88.891389057365757, 26.327855654580542 ], [ 88.889823957969497, 26.331822130421973 ], [ 88.889530524998179, 26.332705893413486 ], [ 88.889291273812063, 26.333104410948295 ], [ 88.888349938898827, 26.333356029286385 ], [ 88.885606962707314, 26.333704289926839 ], [ 88.882383789624782, 26.334336197469767 ], [ 88.880813324626359, 26.334557384061927 ], [ 88.875403037127271, 26.335697015290098 ], [ 88.873947656573321, 26.335999610943237 ], [ 88.873311538886512, 26.336460439032756 ], [ 88.872585807665459, 26.336653806352668 ], [ 88.871817888707085, 26.336535297947449 ], [ 88.869933730937078, 26.336357606678146 ], [ 88.869450212942297, 26.336500599175583 ], [ 88.868676644345399, 26.336957934764293 ], [ 88.86799277379825, 26.338122990106676 ], [ 88.867603870265086, 26.339013928799755 ], [ 88.867092453678183, 26.339536892747777 ], [ 88.866393624125308, 26.339883347009597 ], [ 88.864148625723971, 26.340312179025123 ], [ 88.86302316178913, 26.340484687468539 ], [ 88.862365312118101, 26.340571339985026 ], [ 88.861189435343633, 26.341009540820089 ], [ 88.85950439001175, 26.344350887372126 ], [ 88.859078798047406, 26.344528196046252 ], [ 88.858462082074993, 26.344530564071679 ], [ 88.857176238955134, 26.344008592797689 ], [ 88.855556533441714, 26.34384131756492 ], [ 88.855316625105928, 26.343534809173494 ], [ 88.855641828761321, 26.342038020620226 ], [ 88.85549795545603, 26.341863046977544 ], [ 88.854302564291828, 26.341300397028913 ], [ 88.853777795086756, 26.341304209648051 ], [ 88.853063293740519, 26.341484845903985 ], [ 88.852548554609896, 26.341815264706288 ], [ 88.852303304057074, 26.341972678037127 ], [ 88.85178516758458, 26.342897684696094 ], [ 88.851119154102975, 26.343121140572364 ], [ 88.848689811743824, 26.343485068192546 ], [ 88.84774061068191, 26.34401543385863 ], [ 88.84755597199927, 26.344718024819084 ], [ 88.847844866833611, 26.345068359084355 ], [ 88.847801141224608, 26.345551822521035 ], [ 88.847186045509076, 26.346080950305108 ], [ 88.846903793834329, 26.346521321099164 ], [ 88.846964915047053, 26.347022591342327 ], [ 88.847005674458202, 26.347357394440539 ], [ 88.849704543735044, 26.351761879363064 ], [ 88.848025699458134, 26.354927537718854 ], [ 88.846650507405272, 26.35666214374811 ], [ 88.846047341923054, 26.356841412362364 ], [ 88.843906018385354, 26.357023885376361 ], [ 88.841846121284334, 26.357364328326611 ], [ 88.841122268469448, 26.357558835668854 ], [ 88.840431255642073, 26.357668064001686 ], [ 88.840254014395242, 26.357912827119428 ], [ 88.840019261679302, 26.358763178811348 ], [ 88.83931699710125, 26.359296938181533 ], [ 88.838541627860224, 26.35998019053395 ], [ 88.83746414731641, 26.362159262857592 ], [ 88.83748657520951, 26.363791295516798 ], [ 88.837497613522345, 26.364536852543782 ], [ 88.837511383642195, 26.365419564773948 ], [ 88.837295330977298, 26.366684038201925 ], [ 88.835977690304148, 26.369611407620297 ], [ 88.835198676553645, 26.371322472045545 ], [ 88.833504653663823, 26.374386661770895 ], [ 88.832989533906371, 26.374799222199862 ], [ 88.832762741213529, 26.374935279131069 ], [ 88.831482499937295, 26.375709915887345 ], [ 88.830314360062303, 26.377170423696036 ], [ 88.829812436697679, 26.378167093461915 ], [ 88.829666223480771, 26.378250190198404 ], [ 88.829656808657774, 26.378255553194229 ], [ 88.829350426067634, 26.37843074086911 ], [ 88.828876116491898, 26.378498582327484 ], [ 88.828863827409236, 26.378510941497012 ], [ 88.827920711697232, 26.37947861638456 ], [ 88.827901951704504, 26.379497864169796 ], [ 88.828528356472617, 26.379459444589198 ], [ 88.830183487546719, 26.379495607251226 ], [ 88.831566831418655, 26.379783610699153 ], [ 88.832273932566267, 26.380233110368675 ], [ 88.832622007705424, 26.380782736003592 ], [ 88.833012502527637, 26.381331816400788 ], [ 88.83322850710816, 26.381577430887191 ], [ 88.833569952850397, 26.381706800485304 ], [ 88.833802425684908, 26.381724296725213 ], [ 88.833809853194609, 26.381705985942922 ], [ 88.83405865129852, 26.381757856945036 ], [ 88.834126803151733, 26.382043577778415 ], [ 88.834344622355772, 26.382403805388186 ], [ 88.835260515175904, 26.382640443632535 ], [ 88.837963375614819, 26.383198048584674 ], [ 88.841623074681848, 26.383896139710842 ], [ 88.843011607916566, 26.384105107353324 ], [ 88.843011644586056, 26.384105838932864 ], [ 88.844862169022733, 26.38445482987477 ], [ 88.847030629810462, 26.384751661958919 ], [ 88.848840374849843, 26.385167733472876 ], [ 88.850456815433461, 26.38543343105162 ], [ 88.851730872565284, 26.385512480736811 ], [ 88.852770107178145, 26.385499028585158 ], [ 88.853132182769727, 26.385589870158299 ], [ 88.853346406512173, 26.385720838626977 ], [ 88.853223117985195, 26.385970815786081 ], [ 88.852786876942133, 26.386549648651993 ], [ 88.852733006894852, 26.387161741686494 ], [ 88.852808386529716, 26.387986157696336 ], [ 88.852827347562879, 26.388193526135218 ], [ 88.852842551938139, 26.388359810363067 ], [ 88.852844672034252, 26.388383000866273 ], [ 88.852861026846711, 26.388914835200261 ], [ 88.852885674927222, 26.389705525948514 ], [ 88.852738190906592, 26.389959973712976 ], [ 88.852463920253555, 26.389914499428368 ], [ 88.852273164257682, 26.389942750556674 ], [ 88.852292111494378, 26.390173707262626 ], [ 88.852321112754666, 26.390578879676944 ], [ 88.852430729583986, 26.391756124047017 ], [ 88.852236190748755, 26.392418811725385 ], [ 88.852328805665209, 26.392604549548466 ], [ 88.852411789491413, 26.392770970735409 ], [ 88.853934624005532, 26.39294302371437 ], [ 88.854789230130379, 26.392939037860589 ], [ 88.855288887192117, 26.392905373172827 ], [ 88.855370632845094, 26.392899864814368 ], [ 88.855430170919803, 26.393284463074949 ], [ 88.855451194225765, 26.393672192017672 ], [ 88.855470467849528, 26.394026203534736 ], [ 88.855650149939464, 26.394478494482385 ], [ 88.855695438846041, 26.3945924955053 ], [ 88.856172691503019, 26.394800474421565 ], [ 88.857622904679005, 26.395027269215056 ], [ 88.858167030389311, 26.395015126151058 ], [ 88.858548358301775, 26.394859982931823 ], [ 88.858803531395949, 26.394522388470428 ], [ 88.858811208891808, 26.394079930187715 ], [ 88.859065928243552, 26.393825640212672 ], [ 88.859662468757008, 26.393817887040154 ], [ 88.860168509977626, 26.393954603316597 ], [ 88.860633634814349, 26.394020202327578 ], [ 88.8611919379927, 26.394108470728799 ], [ 88.861483388468642, 26.394092736714455 ], [ 88.861827290226472, 26.39404049708423 ], [ 88.862076097780687, 26.393846198411062 ], [ 88.862140080842209, 26.393702069604885 ], [ 88.862108272633435, 26.393670450514268 ], [ 88.862325479319438, 26.393687715181752 ], [ 88.863117221040696, 26.393450521865184 ], [ 88.864010984120796, 26.392961229242292 ], [ 88.864366410785848, 26.392801360909321 ], [ 88.864551806363906, 26.392787003702104 ], [ 88.864793489849447, 26.39297491395228 ], [ 88.865130654620899, 26.39332875704973 ], [ 88.865571568667434, 26.393537950543401 ], [ 88.865702992387995, 26.393583318661801 ], [ 88.865709170918493, 26.393596569253017 ], [ 88.866588079101703, 26.394085930723566 ], [ 88.867619776767384, 26.394753117619757 ], [ 88.868008058523344, 26.394986873330776 ], [ 88.868198263502393, 26.395270979995377 ], [ 88.868304559615396, 26.395724273527694 ], [ 88.868229675599778, 26.396175899281719 ], [ 88.868229669210109, 26.396175938178867 ], [ 88.868198321445149, 26.396717897000844 ], [ 88.868245961324504, 26.397186649709145 ], [ 88.868371508263422, 26.397510130591282 ], [ 88.868458841538228, 26.39805860520833 ], [ 88.868900950255323, 26.398436094011458 ], [ 88.868901457420066, 26.398437151602071 ], [ 88.86913007780376, 26.398914270611108 ], [ 88.869173622989905, 26.399005146606878 ], [ 88.869180963024078, 26.399424802461979 ], [ 88.869590441664059, 26.399820676854731 ], [ 88.870399242476452, 26.399982057533549 ], [ 88.870849609116235, 26.400281863073264 ], [ 88.871195153064207, 26.400659462461416 ], [ 88.871821688520072, 26.401358185404096 ], [ 88.872183826214183, 26.401448976022586 ], [ 88.873030438231183, 26.401323256508103 ], [ 88.8735392061662, 26.401297487025975 ], [ 88.87421828337537, 26.401307696647201 ], [ 88.874603176703388, 26.401493712142525 ], [ 88.875425583670491, 26.402495545661225 ], [ 88.877059002666385, 26.403792427757079 ], [ 88.878237722306139, 26.404522084407592 ], [ 88.879003792685879, 26.404704762510718 ], [ 88.87901587227708, 26.404715477908994 ], [ 88.879027719060801, 26.40472599146559 ], [ 88.879115796413203, 26.405109759538561 ], [ 88.879243760802581, 26.405805443967552 ], [ 88.879332169768134, 26.406024000038425 ], [ 88.879536627931131, 26.406202819493888 ], [ 88.879751847355806, 26.406391049815014 ], [ 88.879915351985176, 26.407315536522596 ], [ 88.880019788861674, 26.407868235101745 ], [ 88.880181515831381, 26.408028509010069 ], [ 88.880576118356629, 26.408157061746593 ], [ 88.881138409443409, 26.408159219000446 ], [ 88.881415413639999, 26.408231998670864 ], [ 88.881566227027164, 26.408373308336394 ], [ 88.881666644410146, 26.408677680950944 ], [ 88.881658854180216, 26.409874041098238 ], [ 88.881587552270574, 26.410905683015066 ], [ 88.881528456945162, 26.411760710174423 ], [ 88.881511077746012, 26.41201216200453 ], [ 88.881653465821429, 26.412441713264357 ], [ 88.881657594027928, 26.412447656969899 ], [ 88.881903311420544, 26.412801437356961 ], [ 88.882015115916602, 26.413153424385577 ], [ 88.88232969055052, 26.413579165712555 ], [ 88.882822083071559, 26.414003640780237 ], [ 88.882827479377696, 26.41416049144388 ], [ 88.882847104674383, 26.414730898458743 ], [ 88.882851813371957, 26.414867747590897 ], [ 88.882865421513429, 26.415263246702242 ], [ 88.882947039055594, 26.415663128782104 ], [ 88.883056211520781, 26.415852749514059 ], [ 88.883411272354465, 26.415903935229728 ], [ 88.883670090568998, 26.41592837921392 ], [ 88.884050971317592, 26.415964350400216 ], [ 88.884154674427336, 26.415990343663964 ], [ 88.88475580586136, 26.416552947514418 ], [ 88.88490407481828, 26.416825350174332 ], [ 88.884841327825171, 26.417082861944149 ], [ 88.884805384187871, 26.41723037076757 ], [ 88.8842380678078, 26.417599672285544 ], [ 88.883886743932905, 26.41791056755422 ], [ 88.883740898999875, 26.418039628345657 ], [ 88.883748482615417, 26.418377898955153 ], [ 88.883772905662966, 26.419425796458633 ], [ 88.883939559010429, 26.420303525699868 ], [ 88.884182740324931, 26.421315519511921 ], [ 88.884240210592239, 26.422159218806346 ], [ 88.884210137457003, 26.422355299482359 ], [ 88.884178031989848, 26.422564626946901 ], [ 88.883822834296055, 26.422836805315971 ], [ 88.883780232656918, 26.422954914320862 ], [ 88.883688569275662, 26.423209039073313 ], [ 88.883548475228309, 26.424594108174645 ], [ 88.883636558052189, 26.425133551559259 ], [ 88.883873570832137, 26.425840609382991 ], [ 88.884174359711949, 26.426277145502091 ], [ 88.884574299302514, 26.426409289384843 ], [ 88.885047070539699, 26.426541064659759 ], [ 88.885517399358079, 26.426538151330725 ], [ 88.886245051440866, 26.42653435661131 ], [ 88.886865610794587, 26.426532168692813 ], [ 88.887306501875315, 26.426666036093561 ], [ 88.887476188559262, 26.426884833548442 ], [ 88.887645564144648, 26.427103263895361 ], [ 88.887805891175134, 26.4276751777399 ], [ 88.888004338895115, 26.428314317824125 ], [ 88.888049306366796, 26.428650761130704 ], [ 88.888028067101203, 26.429256615350823 ], [ 88.88752091784211, 26.430909050606939 ], [ 88.887529114886703, 26.431245998557856 ], [ 88.887755859517227, 26.431547985747066 ], [ 88.88868155852731, 26.43204895421243 ], [ 88.889286066446488, 26.432854761298156 ], [ 88.889738262845981, 26.433323015272652 ], [ 88.889782049088822, 26.433670700110408 ], [ 88.889784807786185, 26.433692610251502 ], [ 88.889647878440087, 26.434097873510854 ], [ 88.889332851133162, 26.434706445464204 ], [ 88.889153198703269, 26.434986674449458 ], [ 88.889050977808267, 26.435146121029653 ], [ 88.889052649505231, 26.435212779150358 ], [ 88.889064494178569, 26.435685182604363 ], [ 88.889130257923128, 26.435755308944046 ], [ 88.889252875762011, 26.43588605995247 ], [ 88.889295702925324, 26.436121536782178 ], [ 88.888820230779714, 26.436158464799981 ], [ 88.888475170131088, 26.436334504837514 ], [ 88.888351021811246, 26.436397841329558 ], [ 88.888380650325061, 26.436582373170499 ], [ 88.888394278364416, 26.436667250912624 ], [ 88.88868084008395, 26.438427511917233 ], [ 88.888729849244072, 26.438728556530336 ], [ 88.888740856340576, 26.438788374743961 ], [ 88.889079012835936, 26.438915447047993 ], [ 88.889497913736065, 26.43890789730569 ], [ 88.891290989219627, 26.438846129575079 ], [ 88.892821580480472, 26.438726985612703 ], [ 88.896883864201214, 26.438776105604518 ], [ 88.897880697067677, 26.438674865384556 ], [ 88.898583658592699, 26.4386847068861 ], [ 88.898923552100811, 26.438971376844329 ], [ 88.899798522189741, 26.439999966066996 ], [ 88.899808018952228, 26.440361862701128 ], [ 88.900189894574154, 26.440876723414203 ], [ 88.900527142279131, 26.44109666309944 ], [ 88.900968381771264, 26.441083665255341 ], [ 88.901409090309528, 26.441071377166715 ], [ 88.902033243252646, 26.441057033065686 ], [ 88.902656470923745, 26.441013855078161 ], [ 88.902818408845548, 26.441533638763151 ], [ 88.903125554648881, 26.44198579392264 ], [ 88.903352974706181, 26.442226991249228 ], [ 88.903580924517613, 26.442468760596377 ], [ 88.903921467058282, 26.442790725116378 ], [ 88.904026234250651, 26.443544066381058 ], [ 88.904061010679882, 26.443794126262926 ], [ 88.904056906849064, 26.443814805089097 ], [ 88.903932226048227, 26.444443150960971 ], [ 88.903778613757751, 26.445674209095159 ], [ 88.903774611975166, 26.445706282222982 ], [ 88.903966368004532, 26.446067956740443 ], [ 88.904524261512321, 26.446005179508131 ], [ 88.905365830496677, 26.445637605431017 ], [ 88.905627725918123, 26.445773982454451 ], [ 88.90593654287737, 26.44623817533984 ], [ 88.90634600114025, 26.448111139784263 ], [ 88.906324985748171, 26.449119168037793 ], [ 88.90637629528203, 26.450028752789343 ], [ 88.906722275802835, 26.450657995057881 ], [ 88.907098551065459, 26.450849534972019 ], [ 88.907328544395554, 26.451248615463459 ], [ 88.906928156350929, 26.451865137071337 ], [ 88.90665510855365, 26.452419924330087 ], [ 88.906664695227789, 26.452680212879891 ], [ 88.90666509460759, 26.452691064329496 ], [ 88.906888772650689, 26.452850448992653 ], [ 88.907503405927045, 26.452821571240118 ], [ 88.908838034608351, 26.452468652292083 ], [ 88.911104425982245, 26.452170295726781 ], [ 88.911689148466635, 26.451754457238643 ], [ 88.912388963031418, 26.451537299334351 ], [ 88.91265240917204, 26.451700681616586 ], [ 88.913287013595053, 26.451867313452414 ], [ 88.913883351267657, 26.452032287019041 ], [ 88.913932151198708, 26.452510282566227 ], [ 88.913984601393992, 26.453115649751318 ], [ 88.913885754705703, 26.453881949223067 ], [ 88.913212220306306, 26.456178087262966 ], [ 88.913157538987335, 26.457197822524918 ], [ 88.913274053493623, 26.457462866741448 ], [ 88.913688236109948, 26.457762611676298 ], [ 88.913916498144403, 26.457927804487074 ], [ 88.914332164472967, 26.458226412775769 ], [ 88.914342256251132, 26.458225656499582 ], [ 88.914894264214752, 26.458184299553288 ], [ 88.915489947505336, 26.458106693913329 ], [ 88.915787707665572, 26.458411696399025 ], [ 88.91579707533883, 26.458421291976403 ], [ 88.915810698649807, 26.458895092290764 ], [ 88.915817310948512, 26.459131635866072 ], [ 88.915375052818831, 26.459417216578629 ], [ 88.914886274861288, 26.459625859249602 ], [ 88.914813430409538, 26.459822445933156 ], [ 88.914818941826752, 26.460204899702703 ], [ 88.914819183010579, 26.460221653649107 ], [ 88.915163457607576, 26.460563923784292 ], [ 88.916005072463577, 26.460689441356244 ], [ 88.916540031942475, 26.460731856589188 ], [ 88.916972440014092, 26.460858675872309 ], [ 88.9169989180496, 26.460866442227495 ], [ 88.917147483356928, 26.461700963858796 ], [ 88.916225547628073, 26.462027383442525 ], [ 88.915524293378681, 26.4622402588498 ], [ 88.914741210480088, 26.462348808207334 ], [ 88.913787289268626, 26.462356846931268 ], [ 88.913767783660361, 26.462357010856383 ], [ 88.912873791899997, 26.462368200114462 ], [ 88.912826378001782, 26.462387036616981 ], [ 88.912514150214065, 26.462511075133122 ], [ 88.912730413348214, 26.464246222361727 ], [ 88.912792129860378, 26.464914459025064 ], [ 88.91278717051388, 26.465265467698956 ], [ 88.91248844956813, 26.465259630404308 ], [ 88.912006417389719, 26.465220077305993 ], [ 88.911074870390976, 26.465553766126106 ], [ 88.910536846108911, 26.465947256072749 ], [ 88.910556782979015, 26.466321543493219 ], [ 88.910940395305985, 26.467408755844051 ], [ 88.910707936828047, 26.467765595569727 ], [ 88.910707918254388, 26.467765624702203 ], [ 88.910285631305712, 26.468411660702298 ], [ 88.909893405615932, 26.469033512069906 ], [ 88.909644209429814, 26.469287951358776 ], [ 88.909553090675843, 26.469375247780032 ], [ 88.909165891773242, 26.469539651261123 ], [ 88.908492815483399, 26.469703937267429 ], [ 88.907919096234693, 26.469670634186926 ], [ 88.907348795173235, 26.469703312734779 ], [ 88.906547232448673, 26.470131529139735 ], [ 88.906146576066689, 26.47072476131753 ], [ 88.905994267330911, 26.471285101825352 ], [ 88.905935161461898, 26.471485511546923 ], [ 88.905809568750939, 26.471911349994905 ], [ 88.9058263963841, 26.472273940364023 ], [ 88.905705452309149, 26.472735384748397 ], [ 88.905216514023934, 26.472933059277111 ], [ 88.904611867473875, 26.472932946773142 ], [ 88.903907572002481, 26.473032013267357 ], [ 88.903687970526875, 26.473494524625348 ], [ 88.903828616105073, 26.47405600566584 ], [ 88.904113318646466, 26.475675654405304 ], [ 88.904448331172361, 26.475972541668636 ], [ 88.904865983945427, 26.476068845525376 ], [ 88.905299862807382, 26.47616888956177 ], [ 88.90636424658625, 26.475868924905971 ], [ 88.907648511931185, 26.475504242435484 ], [ 88.909070077006803, 26.474647332363599 ], [ 88.91008336434831, 26.474211111724845 ], [ 88.910295183790765, 26.474119921563027 ], [ 88.911467453632469, 26.473196915658349 ], [ 88.911659841079128, 26.47308066612063 ], [ 88.913282954584915, 26.472096701944395 ], [ 88.915135627484077, 26.471305866355326 ], [ 88.915658793042951, 26.471165160315412 ], [ 88.917359899654343, 26.470683006634491 ], [ 88.920257827143928, 26.470441452367858 ], [ 88.92038298573469, 26.470431018040127 ], [ 88.921932045127761, 26.470300113564825 ], [ 88.922464850026273, 26.470302952881571 ], [ 88.925295578372953, 26.470346695227317 ], [ 88.925924487077069, 26.470103737202521 ], [ 88.925924506510299, 26.470103639457687 ], [ 88.92599312909671, 26.469767898628959 ], [ 88.925948858850035, 26.46933255321705 ], [ 88.925861437685825, 26.468818447914479 ], [ 88.926077555970636, 26.46724411676427 ], [ 88.92609060623856, 26.467210318209084 ], [ 88.926215070917863, 26.466887972478684 ], [ 88.926497328999361, 26.466497019947738 ], [ 88.927215085022084, 26.466099854708098 ], [ 88.927503174186739, 26.466067736660484 ], [ 88.928192155054433, 26.465991544048897 ], [ 88.92879967185543, 26.46559703319177 ], [ 88.929475256044597, 26.465006904770007 ], [ 88.930304069794033, 26.464772607645589 ], [ 88.931134300830891, 26.464604556765735 ], [ 88.931836225741179, 26.464601628644346 ], [ 88.931859377083555, 26.464601532054555 ], [ 88.932377111221115, 26.464729297980455 ], [ 88.932796978934377, 26.46480997943025 ], [ 88.933395119711847, 26.465305451995729 ], [ 88.933712632796826, 26.46555337390134 ], [ 88.934830949369129, 26.465872899005998 ], [ 88.936333107482923, 26.466149689473706 ], [ 88.937179431436761, 26.466305626759663 ], [ 88.937430684144132, 26.466510968958925 ], [ 88.937568624190618, 26.466623703009496 ], [ 88.93803576848002, 26.467209905700461 ], [ 88.938313331347572, 26.468006899877444 ], [ 88.93839669582556, 26.468439805253912 ], [ 88.938827068006944, 26.469196557251706 ], [ 88.939789014156574, 26.470753812093154 ], [ 88.940592814646124, 26.472050026003132 ], [ 88.94165707363139, 26.47311008452396 ], [ 88.942861305390508, 26.473764763651612 ], [ 88.942864829797884, 26.473766679768641 ], [ 88.943769948248175, 26.474225646226579 ], [ 88.945409763769263, 26.475132180090043 ], [ 88.946124073134982, 26.475268993353328 ], [ 88.946200863313592, 26.475608414680611 ], [ 88.946170033052724, 26.475913553540067 ], [ 88.945712028393046, 26.476352142919289 ], [ 88.945691046762107, 26.476380222087538 ], [ 88.945183443622525, 26.477059540618409 ], [ 88.945108452883645, 26.477156325866098 ], [ 88.943932264093974, 26.478674317170643 ], [ 88.943248892664286, 26.479646338013975 ], [ 88.942668791735386, 26.480381879822726 ], [ 88.942607123371616, 26.481111745348059 ], [ 88.942606518546469, 26.481118905868513 ], [ 88.942615677958614, 26.481688188735006 ], [ 88.942658320154706, 26.482082628718238 ], [ 88.942659201400076, 26.482090780837613 ], [ 88.942409909881434, 26.482723385551054 ], [ 88.942158385305902, 26.483223430368113 ], [ 88.941204921325308, 26.484107621097223 ], [ 88.94047061170815, 26.484721053180564 ], [ 88.940002350387232, 26.485433510376751 ], [ 88.940009906380752, 26.48583605800669 ], [ 88.940015529924082, 26.486137943806177 ], [ 88.940244689224826, 26.486536455129809 ], [ 88.940923021896594, 26.487262165600502 ], [ 88.940972474440287, 26.487348287138865 ], [ 88.941190981067066, 26.487728818017182 ], [ 88.941498806692152, 26.488328936192477 ], [ 88.941583196755559, 26.488895907227043 ], [ 88.941744085319371, 26.489597023852415 ], [ 88.941904377230813, 26.48982938765073 ], [ 88.941904418330353, 26.489829445761075 ], [ 88.942087683509996, 26.490095061137978 ], [ 88.942694834607124, 26.490760789690611 ], [ 88.942695076804299, 26.490761055370921 ], [ 88.942717171178032, 26.492065982317715 ], [ 88.942579796940223, 26.492770483655612 ], [ 88.942291292950301, 26.493343382893542 ], [ 88.942298611113131, 26.493778957571241 ], [ 88.942845889178599, 26.495313266994561 ], [ 88.943340844627869, 26.495945025525195 ], [ 88.943341149091736, 26.495945414013015 ], [ 88.94343675650498, 26.497216293791446 ], [ 88.943415176409545, 26.498154384707377 ], [ 88.943415176956165, 26.498154417193838 ], [ 88.943431272705979, 26.498451992003666 ], [ 88.943469516274462, 26.499159019598249 ], [ 88.943398944902867, 26.499394535543225 ], [ 88.943398823365939, 26.499394585939726 ], [ 88.943065936395087, 26.499533101738141 ], [ 88.942469998159979, 26.499541267862135 ], [ 88.941861936151241, 26.499575781211778 ], [ 88.94168842111003, 26.499585630102594 ], [ 88.941688228684441, 26.499585640845094 ], [ 88.941131992531339, 26.499929350276897 ], [ 88.940914792964449, 26.500435166285822 ], [ 88.940658351331933, 26.50063918597316 ], [ 88.940656855545413, 26.500640376103128 ], [ 88.940101573945867, 26.500716717698509 ], [ 88.939550282874521, 26.500960356660361 ], [ 88.939258288280627, 26.501199569002608 ], [ 88.939227560431902, 26.501631221132413 ], [ 88.939227284467435, 26.501635098884559 ], [ 88.939575809446708, 26.502496671650256 ], [ 88.939579410169415, 26.502524343633336 ], [ 88.93964045721431, 26.5029935699852 ], [ 88.939703084578625, 26.503526619940146 ], [ 88.939986290914447, 26.503957340620449 ], [ 88.94023840221837, 26.50412159743982 ], [ 88.941223312317362, 26.504344555275189 ], [ 88.942126357994823, 26.504521005479727 ], [ 88.942349236419147, 26.504564093102992 ], [ 88.942355899157548, 26.504567819506857 ], [ 88.94299289886051, 26.504924077503095 ], [ 88.943004387650376, 26.504928376279764 ], [ 88.943598201285894, 26.505150538830829 ], [ 88.944581084506822, 26.505506001381821 ], [ 88.945300831479557, 26.50546263102186 ], [ 88.94593102028432, 26.505220785174117 ], [ 88.9474435750476, 26.504969427941624 ], [ 88.948234180774193, 26.504890606762778 ], [ 88.949093010294803, 26.50480497846754 ], [ 88.950528385702739, 26.504660495733386 ], [ 88.951682516686176, 26.504644277536297 ], [ 88.952356655610629, 26.504804306719368 ], [ 88.952357440247951, 26.504804492747695 ], [ 88.952553456347758, 26.50514146805283 ], [ 88.952945630035131, 26.505942906846002 ], [ 88.952950018267188, 26.505951874615466 ], [ 88.953826420999249, 26.506586502632679 ], [ 88.954294178777531, 26.507088649582474 ], [ 88.954322228821582, 26.507118761532436 ], [ 88.954355979729286, 26.507159989458561 ], [ 88.954574461350845, 26.507426875130861 ], [ 88.954698328478543, 26.507578180735504 ], [ 88.954739093192217, 26.507976233624788 ], [ 88.954749119636901, 26.50923587484429 ], [ 88.954907126413715, 26.50996642298114 ], [ 88.955022755235177, 26.510264523155755 ], [ 88.955023042668557, 26.51026526386357 ], [ 88.956669426451867, 26.510944242075794 ], [ 88.957124045691003, 26.511406937817895 ], [ 88.957354332986156, 26.511805969896248 ], [ 88.957364560559554, 26.512409119176606 ], [ 88.957413173616445, 26.513078772413841 ], [ 88.957683060510078, 26.513611295696638 ], [ 88.958134476020305, 26.513873255709587 ], [ 88.958812289811291, 26.514299655473049 ], [ 88.959643380478866, 26.517170615501541 ], [ 88.961537808968743, 26.523478864565487 ], [ 88.961581598589277, 26.523560307514725 ], [ 88.961931174859444, 26.524210461664659 ], [ 88.962195854586582, 26.524255842834179 ], [ 88.965829338555892, 26.524878774952963 ], [ 88.967381948495202, 26.525144926927844 ], [ 88.968017583555479, 26.525218031943069 ], [ 88.968285126269109, 26.525481724784584 ], [ 88.968489544825928, 26.526362299700384 ], [ 88.968920449287353, 26.527489218565517 ], [ 88.969578433395824, 26.528815703475054 ], [ 88.970172662705764, 26.530250219227614 ], [ 88.970494576508841, 26.530838748189655 ], [ 88.970531776232605, 26.530906756332474 ], [ 88.970561817838941, 26.531567115424238 ], [ 88.969374061285293, 26.53369699191018 ], [ 88.968678177864916, 26.535641439838653 ], [ 88.968616915407907, 26.535811534580052 ], [ 88.968198307665517, 26.537330503434397 ], [ 88.968256473099004, 26.537914169995179 ], [ 88.96842551786564, 26.538530652408209 ], [ 88.968623580940971, 26.538940574420312 ], [ 88.969312063661746, 26.540785397940883 ], [ 88.969436269413166, 26.541195230672852 ], [ 88.96951901893037, 26.541468374025058 ], [ 88.969491669902411, 26.541549416057293 ], [ 88.969395206832161, 26.541834819453047 ], [ 88.969252219466441, 26.542257876101299 ], [ 88.969219666133924, 26.54238904523983 ], [ 88.969090427866021, 26.542909038227041 ], [ 88.969110680158124, 26.543524015158674 ], [ 88.969166862100778, 26.544174862872065 ], [ 88.9691780446678, 26.544174050342502 ], [ 88.97070164601196, 26.54406339063852 ], [ 88.971944182210805, 26.542971546588433 ], [ 88.973115225019711, 26.541582168408969 ], [ 88.975551201212852, 26.540414063341011 ], [ 88.977338873285902, 26.540150458057941 ], [ 88.978851868828912, 26.539353319109729 ], [ 88.979351056999434, 26.537933630890173 ], [ 88.97935816386412, 26.537913419715476 ] ] ] } },
{ "type": "Feature", "properties": { "BLOCK_NAME": "Sitai", "SUBDIV_NAM": "Dinhata", "DIST_NAME": "Cooch Behar", "AREA_SQKM": 164.084 }, "geometry": { "type": "Polygon", "coordinates": [ [ [ 89.329195334599774, 26.169573941625472 ], [ 89.329421291721417, 26.166310380679388 ], [ 89.329383790441568, 26.164838942247446 ], [ 89.329336699225493, 26.16349030936038 ], [ 89.328945352726137, 26.162016623147228 ], [ 89.327600569327601, 26.160787874238778 ], [ 89.326011424372169, 26.159515708517208 ], [ 89.326071776300097, 26.159512362278988 ], [ 89.326132725590142, 26.159508981993504 ], [ 89.324845608409063, 26.157547335504788 ], [ 89.324375811531198, 26.156466319922824 ], [ 89.324399414057439, 26.155540085251705 ], [ 89.324478425858629, 26.155343667902905 ], [ 89.324476180787855, 26.155331865942994 ], [ 89.326817047976292, 26.149529745619649 ], [ 89.328240976733184, 26.146858666507732 ], [ 89.328818322531561, 26.146425548219096 ], [ 89.329883840238764, 26.146491643885874 ], [ 89.330675013970648, 26.1462970340962 ], [ 89.333900242254643, 26.14603438642698 ], [ 89.338764800794351, 26.144422554556382 ], [ 89.3394459141591, 26.143935309324792 ], [ 89.339641461194603, 26.143795454063749 ], [ 89.341380118355517, 26.142552501767188 ], [ 89.343951804370121, 26.140271046090426 ], [ 89.34396407696515, 26.140260177836993 ], [ 89.344841564143621, 26.139442475022935 ], [ 89.345763058409418, 26.137976708001339 ], [ 89.347351194586395, 26.134899125776233 ], [ 89.34845392701493, 26.132433107399549 ], [ 89.348576206842097, 26.132111339010642 ], [ 89.349179356477023, 26.130523927634222 ], [ 89.349099827837719, 26.130508270259572 ], [ 89.349218478636743, 26.129494160087333 ], [ 89.349282071770205, 26.129282295716035 ], [ 89.349550224833706, 26.128630196289141 ], [ 89.349754870334664, 26.127977693836247 ], [ 89.351566215085796, 26.125996537427667 ], [ 89.352896425299846, 26.124841848800397 ], [ 89.354437996322673, 26.124203217706466 ], [ 89.354896578180544, 26.124003261433302 ], [ 89.355921253251935, 26.123986508335499 ], [ 89.357212757048856, 26.12408477576497 ], [ 89.358545707600811, 26.124600228919764 ], [ 89.360513299991212, 26.125433603888844 ], [ 89.364228599041084, 26.127670993536125 ], [ 89.36811868149023, 26.129948017937338 ], [ 89.368444683763528, 26.130138830394294 ], [ 89.369931716470319, 26.130817184903506 ], [ 89.372549706950764, 26.132011401316195 ], [ 89.375355388102662, 26.133397865630556 ], [ 89.377944574838409, 26.133688171837843 ], [ 89.379809778133449, 26.133252087706676 ], [ 89.379840033351798, 26.133241170349169 ], [ 89.380781467613929, 26.132199568748494 ], [ 89.381299306988652, 26.131718155288251 ], [ 89.381601134159069, 26.131437557353809 ], [ 89.381704420353444, 26.131353860162218 ], [ 89.3833021018323, 26.131033956875626 ], [ 89.386740317190515, 26.128398162590798 ], [ 89.388215354817689, 26.125644087364179 ], [ 89.388237565447483, 26.125602616281771 ], [ 89.389808157744639, 26.121219615621921 ], [ 89.390601712600684, 26.119272305330092 ], [ 89.39047144003213, 26.11820026660277 ], [ 89.390462548869351, 26.118127099696729 ], [ 89.38912513406018, 26.115687085999895 ], [ 89.38678368220549, 26.111750135383424 ], [ 89.386113485686607, 26.110006170955629 ], [ 89.386217189902723, 26.109252284052904 ], [ 89.386681085331119, 26.107039436544373 ], [ 89.386759698236801, 26.106664431903834 ], [ 89.38697524345406, 26.104759970406313 ], [ 89.38698295278445, 26.104691852780579 ], [ 89.386991048005427, 26.104695771800412 ], [ 89.386984050405772, 26.104624940269758 ], [ 89.386849230720173, 26.10326027458235 ], [ 89.386919816562823, 26.102829294077473 ], [ 89.387309109478835, 26.102464670681872 ], [ 89.387939251164042, 26.102239327761541 ], [ 89.391609818234571, 26.101318852701873 ], [ 89.392393464559973, 26.100840220379222 ], [ 89.394171185811061, 26.09893093238431 ], [ 89.394282219677081, 26.098888429456608 ], [ 89.394686155080493, 26.098804930183491 ], [ 89.394743568716351, 26.098793060873806 ], [ 89.396093607798633, 26.09851311617053 ], [ 89.396227628401135, 26.098479926047975 ], [ 89.397470465451718, 26.098160346382848 ], [ 89.400079078172965, 26.096691628792769 ], [ 89.402638708353791, 26.094547088261525 ], [ 89.402683677485101, 26.094509797271776 ], [ 89.403178108042212, 26.093125936298382 ], [ 89.40324471083693, 26.092941672412802 ], [ 89.403237939801443, 26.092891479901319 ], [ 89.403236300068798, 26.092879325500679 ], [ 89.403210935424113, 26.092691283399237 ], [ 89.403528699379009, 26.09159826397822 ], [ 89.4035429381196, 26.089060959027289 ], [ 89.40285902396937, 26.086326353781875 ], [ 89.40169567792573, 26.084405696112576 ], [ 89.401573527108908, 26.083900026097414 ], [ 89.401280436319936, 26.082648452849586 ], [ 89.401656407805447, 26.0810537657031 ], [ 89.402819993078765, 26.07911426030623 ], [ 89.402847261000545, 26.079023930196033 ], [ 89.402847355487381, 26.079023614556927 ], [ 89.400989167824221, 26.079285063339196 ], [ 89.401172723461642, 26.078972637138314 ], [ 89.403025964641998, 26.076869094704435 ], [ 89.404162051134506, 26.075107660832774 ], [ 89.405345722929766, 26.073355270335394 ], [ 89.406904529959689, 26.071755353262166 ], [ 89.408087507661648, 26.070105526984154 ], [ 89.408794282134693, 26.067723832984264 ], [ 89.408803370389265, 26.067678676154593 ], [ 89.409724884449403, 26.063964672743413 ], [ 89.410610357931191, 26.060506060959199 ], [ 89.411774340651505, 26.056772340993945 ], [ 89.413713182563725, 26.052883665938122 ], [ 89.416247406466269, 26.047364591724296 ], [ 89.416022960429515, 26.046643630410347 ], [ 89.414826573399168, 26.045741504990499 ], [ 89.412947406639347, 26.044686817580594 ], [ 89.411509813152975, 26.04365165436375 ], [ 89.411328910637678, 26.043034308842039 ], [ 89.411098504592829, 26.041987086237558 ], [ 89.411033117723846, 26.041328277477344 ], [ 89.411400186851296, 26.039819662078802 ], [ 89.411652979168124, 26.039498181826207 ], [ 89.414568438650321, 26.040620606702873 ], [ 89.422960192731821, 26.042797459090774 ], [ 89.427083532876011, 26.043437556438029 ], [ 89.430383602523847, 26.043575143081554 ], [ 89.430727280643708, 26.043513334033587 ], [ 89.431069020002909, 26.043449722996012 ], [ 89.432398267125265, 26.043185909535527 ], [ 89.434057251698533, 26.042725356434222 ], [ 89.434429383758925, 26.042381166006525 ], [ 89.434976079963562, 26.041883847858259 ], [ 89.435266001337936, 26.041623795454175 ], [ 89.435493755053713, 26.041158257724085 ], [ 89.43583728095625, 26.040486691473617 ], [ 89.435936798803482, 26.03878206784951 ], [ 89.435958671187592, 26.038532677657287 ], [ 89.432892130769631, 26.038547358505685 ], [ 89.432166857396894, 26.038550821122065 ], [ 89.425958572876056, 26.038050537783171 ], [ 89.421419089566101, 26.038451535423956 ], [ 89.409967421724758, 26.038446480129878 ], [ 89.409316387774737, 26.038790126815705 ], [ 89.408477478526677, 26.037241413370563 ], [ 89.407845438394816, 26.036074569805692 ], [ 89.407741986688677, 26.035365145756849 ], [ 89.407436400620227, 26.033269512644594 ], [ 89.406423421449674, 26.031201853411353 ], [ 89.405983149525881, 26.030303156954929 ], [ 89.404999844658505, 26.028743557592051 ], [ 89.403615878535177, 26.026975712214835 ], [ 89.402317052441717, 26.025492976983497 ], [ 89.400698303382143, 26.02387227377907 ], [ 89.398850564976826, 26.02268516667182 ], [ 89.397708934134627, 26.022217036122594 ], [ 89.397653158591922, 26.022155839612459 ], [ 89.396797059356871, 26.021644717862131 ], [ 89.395943877066387, 26.021276814138353 ], [ 89.394345141471007, 26.020634720641613 ], [ 89.393593774823884, 26.020074086125749 ], [ 89.393505202389036, 26.019862346216819 ], [ 89.393316019774375, 26.019410087351385 ], [ 89.39335335761001, 26.018645354446949 ], [ 89.39348622690963, 26.017638984895967 ], [ 89.394395607173024, 26.016741676719207 ], [ 89.395745123234448, 26.015525377591988 ], [ 89.396772747449972, 26.014075621274753 ], [ 89.397111553962759, 26.012541772829717 ], [ 89.397129469201218, 26.010822218919344 ], [ 89.396841053318056, 26.009633074869221 ], [ 89.396607416757931, 26.00853853513475 ], [ 89.396050004874454, 26.007115063285259 ], [ 89.394873157223046, 26.006418212664467 ], [ 89.394582311510419, 26.00648464004545 ], [ 89.393294967119743, 26.006778656731271 ], [ 89.392522986635385, 26.007066471427951 ], [ 89.392088531483139, 26.007228446090746 ], [ 89.390983880885983, 26.007485512807857 ], [ 89.390825351049855, 26.007555584639839 ], [ 89.390198157999293, 26.007832810911083 ], [ 89.388936930370832, 26.008187967125707 ], [ 89.388597014561469, 26.008251394471912 ], [ 89.387252062158638, 26.008502353098265 ], [ 89.384931249119859, 26.008731702144388 ], [ 89.383139725304204, 26.00900004442526 ], [ 89.381926475518213, 26.009115562386803 ], [ 89.380762202658673, 26.00903923260487 ], [ 89.380199132047068, 26.008969207680483 ], [ 89.379066703239175, 26.008828367477953 ], [ 89.377472066870183, 26.008377035714354 ], [ 89.375836746658081, 26.008014516507348 ], [ 89.375699073128786, 26.008038302709622 ], [ 89.375630532266172, 26.008082357952169 ], [ 89.375131156343315, 26.007964815668675 ], [ 89.373412861448656, 26.007933348632093 ], [ 89.372391607159813, 26.008069510582391 ], [ 89.371311100241712, 26.008192094712978 ], [ 89.370614517757971, 26.008203523045594 ], [ 89.369108749960347, 26.008228215630485 ], [ 89.366963225723083, 26.00797682517323 ], [ 89.366100270904099, 26.007772681305624 ], [ 89.361776995757253, 26.007843399077718 ], [ 89.361133481998891, 26.008083152716186 ], [ 89.359700559926523, 26.008842614725836 ], [ 89.359125262630357, 26.009147520955679 ], [ 89.35736031414622, 26.009692108603478 ], [ 89.355465110959869, 26.010066870105209 ], [ 89.353753245214762, 26.010094762953933 ], [ 89.351599841249268, 26.010244440580387 ], [ 89.350889445648534, 26.010339952788236 ], [ 89.35068164224954, 26.010463328771568 ], [ 89.350335205225434, 26.010918698275791 ], [ 89.349736551691763, 26.012223282793673 ], [ 89.348744901211461, 26.013385599860388 ], [ 89.347368241388651, 26.014324927428458 ], [ 89.345476339395262, 26.014871438587015 ], [ 89.344559286980513, 26.01504033262319 ], [ 89.344052800900414, 26.015387539746442 ], [ 89.344052835641719, 26.015385618628553 ], [ 89.343211055235187, 26.015860753421912 ], [ 89.338817779029, 26.017543778188795 ], [ 89.337759587046989, 26.018370009011427 ], [ 89.337646635318123, 26.01845820039566 ], [ 89.337215857101214, 26.019555496877153 ], [ 89.337080567786117, 26.019900109073387 ], [ 89.337244601178028, 26.021509299841938 ], [ 89.337687046894118, 26.023830360116559 ], [ 89.337675958869212, 26.024354498031904 ], [ 89.337671726129798, 26.024554572576513 ], [ 89.337652937512289, 26.025442755452705 ], [ 89.337218952610485, 26.026882527599806 ], [ 89.336842733691228, 26.027903479552926 ], [ 89.336192825636417, 26.028451273319398 ], [ 89.335400161457216, 26.02846409193852 ], [ 89.334787934806158, 26.027578520710193 ], [ 89.333974011101702, 26.026517111450815 ], [ 89.333352783634254, 26.026452466298604 ], [ 89.332980832560366, 26.026413759803713 ], [ 89.332320288175467, 26.026424426846226 ], [ 89.33185136875295, 26.026837686495387 ], [ 89.331216242130608, 26.027397417716678 ], [ 89.330773912950932, 26.028419422639853 ], [ 89.33015110255549, 26.030339809723255 ], [ 89.329918722431245, 26.031955406220636 ], [ 89.328899530183364, 26.033882183163314 ], [ 89.326981294709498, 26.035439087361354 ], [ 89.324885672135039, 26.035749739950575 ], [ 89.323046577539145, 26.036316620209988 ], [ 89.320671925884255, 26.036533895702426 ], [ 89.317064398848601, 26.037905188144727 ], [ 89.314054859147248, 26.039445907882957 ], [ 89.311832145899444, 26.040675481283689 ], [ 89.31079151698475, 26.041527917245734 ], [ 89.306737610013045, 26.043741888138172 ], [ 89.304810670827692, 26.045166774013751 ], [ 89.303024378722867, 26.046487606368995 ], [ 89.302161753416129, 26.047998028087996 ], [ 89.301575165154887, 26.048162988968802 ], [ 89.300703763857129, 26.048741853616246 ], [ 89.300137606852431, 26.049208847985831 ], [ 89.299755011078588, 26.049249631360642 ], [ 89.299256728177568, 26.049256941255596 ], [ 89.298752860518789, 26.048829151695884 ], [ 89.298280085146175, 26.048429397782506 ], [ 89.297890909183025, 26.04819081307993 ], [ 89.297650604964019, 26.047855074125195 ], [ 89.296475884037761, 26.047662216790872 ], [ 89.294896948120666, 26.048031190423995 ], [ 89.293506047018809, 26.048282537502455 ], [ 89.291604388548691, 26.048370047465433 ], [ 89.287795491356405, 26.048258526138103 ], [ 89.285761411243755, 26.048061502585011 ], [ 89.284442372155667, 26.047937731677404 ], [ 89.284389262179261, 26.047938825691869 ], [ 89.283620663348486, 26.047954991117763 ], [ 89.282543946347857, 26.048013849711666 ], [ 89.281544246737369, 26.048035730041963 ], [ 89.280893699046842, 26.048100637677923 ], [ 89.28022043891157, 26.048809400651365 ], [ 89.280094076153773, 26.04910989282126 ], [ 89.280132887234728, 26.049407776120301 ], [ 89.280320013904657, 26.050539105233472 ], [ 89.280805620307731, 26.051725417218478 ], [ 89.282053373244494, 26.053019078099521 ], [ 89.28250069830051, 26.05563876768732 ], [ 89.282307035782992, 26.057582051670817 ], [ 89.282370729382194, 26.059163070733835 ], [ 89.282990231458598, 26.062138225897971 ], [ 89.282992615638065, 26.062261168535674 ], [ 89.282982829707819, 26.06230191848212 ], [ 89.282764682791552, 26.063050414088874 ], [ 89.282580674852994, 26.063378087648157 ], [ 89.282552503881476, 26.063414392777293 ], [ 89.282415590359761, 26.063590839721208 ], [ 89.282186699552838, 26.063785496782945 ], [ 89.281722992754297, 26.063869244599502 ], [ 89.281549677991578, 26.063862208673388 ], [ 89.281338546026745, 26.063824975886455 ], [ 89.280316192236086, 26.063459060691663 ], [ 89.278761527496584, 26.062910507388693 ], [ 89.27762756129674, 26.062377118857192 ], [ 89.277032547814699, 26.06209723455213 ], [ 89.275305145101342, 26.06110346310351 ], [ 89.274201750585263, 26.060777071933337 ], [ 89.273925117912427, 26.060695240309908 ], [ 89.271844877880966, 26.059760872587962 ], [ 89.270416255969167, 26.059711715270399 ], [ 89.269395823908084, 26.060265059973155 ], [ 89.268173702380849, 26.060642469460667 ], [ 89.267104640979042, 26.060730906726604 ], [ 89.265989728005124, 26.06049767891723 ], [ 89.264442845376493, 26.060486138693236 ], [ 89.26313177347312, 26.060363425571012 ], [ 89.262342293348979, 26.060554902544379 ], [ 89.261358707176498, 26.060964335190828 ], [ 89.260222027210631, 26.061662717896972 ], [ 89.259755891763461, 26.062171494740848 ], [ 89.259601600888232, 26.062359305903076 ], [ 89.258980822574244, 26.063114944221244 ], [ 89.258350188016365, 26.06392055941798 ], [ 89.258285723784425, 26.064092958768093 ], [ 89.258087054566943, 26.064750325904257 ], [ 89.258024677666654, 26.064956719333043 ], [ 89.258080811344314, 26.065815516406627 ], [ 89.258632654089823, 26.067705329005562 ], [ 89.259054571171376, 26.069024055427313 ], [ 89.25927893887885, 26.070381693643597 ], [ 89.258749276882838, 26.07171531878161 ], [ 89.258420604123856, 26.073189074072438 ], [ 89.258481561763219, 26.074298532605802 ], [ 89.259225529344022, 26.07586295320819 ], [ 89.259715788260849, 26.076607488779377 ], [ 89.261330070243432, 26.078050800791292 ], [ 89.262217562268106, 26.078824917803171 ], [ 89.262716118666333, 26.07999914826447 ], [ 89.262927470365071, 26.080676406390332 ], [ 89.263186746093865, 26.08178274715565 ], [ 89.263405683446649, 26.082853901872486 ], [ 89.263733939461375, 26.083421864307478 ], [ 89.264620111545497, 26.084124345703675 ], [ 89.265513192102418, 26.085184907938 ], [ 89.266359043070338, 26.085852190701996 ], [ 89.267289045501627, 26.086768881999756 ], [ 89.26789560724427, 26.087368277409926 ], [ 89.268385972576056, 26.088112775624431 ], [ 89.268478408119265, 26.08879189309355 ], [ 89.268293645875403, 26.089561464898932 ], [ 89.268297681735561, 26.089575033350613 ], [ 89.268502374774428, 26.090263201715736 ], [ 89.268486820781092, 26.090499555728179 ], [ 89.268484775644581, 26.090530631593811 ], [ 89.269227307883597, 26.090764922558073 ], [ 89.270637708184026, 26.091220313410322 ], [ 89.271437749953861, 26.091565908319684 ], [ 89.272513245441942, 26.092480268998667 ], [ 89.272571658523702, 26.092765904489397 ], [ 89.272585041017138, 26.093458203140372 ], [ 89.272358635999296, 26.094058762854932 ], [ 89.272365557669644, 26.094416848642105 ], [ 89.27271433017215, 26.094674027382059 ], [ 89.273327485730775, 26.094927036924538 ], [ 89.273728215094238, 26.095135635233294 ], [ 89.274027349343498, 26.095560750938855 ], [ 89.274056269499042, 26.095942594264425 ], [ 89.274062263506522, 26.096021734187339 ], [ 89.274440090493755, 26.096390026789752 ], [ 89.274875932519976, 26.096758695318385 ], [ 89.276015217743975, 26.097153197184422 ], [ 89.27645912781135, 26.096859633211722 ], [ 89.277108530961911, 26.096252388819629 ], [ 89.277516282844573, 26.095457921658827 ], [ 89.277859518826389, 26.095428619271065 ], [ 89.278236131411504, 26.095756983504607 ], [ 89.278330252425633, 26.096519642451231 ], [ 89.278260562400462, 26.097046026285827 ], [ 89.278287011218765, 26.097063172539389 ], [ 89.278674540534951, 26.097072980591619 ], [ 89.278850076859982, 26.097069874005474 ], [ 89.278876348254087, 26.097069409113072 ], [ 89.278955218391019, 26.097068013522669 ], [ 89.281758059229588, 26.097027080928296 ], [ 89.282524313325808, 26.096991072689562 ], [ 89.283024790343276, 26.096887629906568 ], [ 89.283343674373597, 26.096719974508023 ], [ 89.283537792669847, 26.096067601812884 ], [ 89.283659317546679, 26.095516447812987 ], [ 89.283813308388957, 26.095275214206648 ], [ 89.284022495108957, 26.095152502880222 ], [ 89.284315633288202, 26.09526725656222 ], [ 89.284721020680351, 26.095714543784368 ], [ 89.285182256394222, 26.096440266066388 ], [ 89.285531803882563, 26.0966091150339 ], [ 89.28634726969193, 26.096519092407892 ], [ 89.287299923254579, 26.096413918602103 ], [ 89.287669594609042, 26.096384174312156 ], [ 89.288017474455273, 26.096593568918511 ], [ 89.288774946728566, 26.097465086239513 ], [ 89.28923164997299, 26.097916008634304 ], [ 89.289630417685188, 26.097920090475519 ], [ 89.290208625767576, 26.098015902231381 ], [ 89.290597051652142, 26.098038624930499 ], [ 89.291162525173419, 26.098161599948725 ], [ 89.291310760827244, 26.098199771216919 ], [ 89.292231968374566, 26.098436979545497 ], [ 89.292830866460733, 26.098837047395477 ], [ 89.293384202912833, 26.099206675769953 ], [ 89.293896478387907, 26.099332784598733 ], [ 89.294021995987393, 26.099363683562153 ], [ 89.294392140469284, 26.099357793154283 ], [ 89.295122172477164, 26.098820826453434 ], [ 89.295421254102138, 26.09788476832647 ], [ 89.295737445594511, 26.096470849040195 ], [ 89.295961401403446, 26.095750900447463 ], [ 89.296058811763444, 26.095688784256289 ], [ 89.296322133822372, 26.095520868661836 ], [ 89.296669800017568, 26.095679195519409 ], [ 89.296776264360389, 26.095760349690238 ], [ 89.296783207612435, 26.095765641606153 ], [ 89.296784083475217, 26.095775528367657 ], [ 89.296821200814222, 26.096194151528252 ], [ 89.296880914739006, 26.096622822589154 ], [ 89.297005329444843, 26.096866500863211 ], [ 89.297235677738755, 26.096925936256827 ], [ 89.297591415491709, 26.096893871391256 ], [ 89.298029129383877, 26.096805790635177 ], [ 89.298568572290677, 26.096735436000053 ], [ 89.298715143087293, 26.096830867032256 ], [ 89.298889317711925, 26.09724868296626 ], [ 89.298982133603474, 26.097647883579018 ], [ 89.299098489940832, 26.098067325062367 ], [ 89.299419059747621, 26.098243918786554 ], [ 89.299817430290901, 26.098305262811291 ], [ 89.30013395129707, 26.098477553925463 ], [ 89.300215546112369, 26.09886411569725 ], [ 89.300179482110195, 26.099291779324513 ], [ 89.300061718226289, 26.099718641760745 ], [ 89.300081041832726, 26.100009611554039 ], [ 89.300243704475761, 26.100228544461306 ], [ 89.300437118680222, 26.100305813558087 ], [ 89.300817752318551, 26.100253713973668 ], [ 89.301303621908275, 26.100071492591454 ], [ 89.301733447862375, 26.100065916567001 ], [ 89.302279632782614, 26.100341473674458 ], [ 89.302429615545663, 26.100409805498796 ], [ 89.302958328084571, 26.1006506823751 ], [ 89.303470168365749, 26.100993329965299 ], [ 89.303654051668929, 26.101093901081526 ], [ 89.304217733958154, 26.102143620134939 ], [ 89.304524839718766, 26.103643105916156 ], [ 89.305256271896226, 26.104526883010536 ], [ 89.305657787490716, 26.104771193441319 ], [ 89.306092639088604, 26.10469259938197 ], [ 89.306560824062885, 26.104291100749322 ], [ 89.306620462014578, 26.103287217411026 ], [ 89.306755902884277, 26.102103026369885 ], [ 89.306832847424502, 26.101332884397518 ], [ 89.30733263438492, 26.100868225147249 ], [ 89.307755389997297, 26.100475178841968 ], [ 89.308792606821839, 26.099961548925538 ], [ 89.30879912332972, 26.099968993248741 ], [ 89.308818686203182, 26.099991344052899 ], [ 89.308853850702604, 26.10003151887177 ], [ 89.309514573961437, 26.10059911009008 ], [ 89.30975913355924, 26.101111788443095 ], [ 89.310409205087495, 26.101989888086742 ], [ 89.310950873704797, 26.102143104981732 ], [ 89.311463255154536, 26.102265601903309 ], [ 89.31170008326859, 26.102612984587562 ], [ 89.312005326413072, 26.102987512054309 ], [ 89.312733602907429, 26.103325186526071 ], [ 89.313442597816831, 26.103229798558509 ], [ 89.313979883596687, 26.10281627126848 ], [ 89.314338034872748, 26.102551998670773 ], [ 89.315016234164929, 26.102427392167044 ], [ 89.315408060086469, 26.102660454141539 ], [ 89.315406632672278, 26.103026479840015 ], [ 89.315225764152416, 26.103507342422709 ], [ 89.314972875587145, 26.103994275700291 ], [ 89.314971076374135, 26.104426062157675 ], [ 89.315149380826057, 26.104808680231717 ], [ 89.315399846242329, 26.105416712421402 ], [ 89.315399277628543, 26.105748065712984 ], [ 89.315290704760912, 26.105923259289167 ], [ 89.314965525915241, 26.105985317468772 ], [ 89.314710931544454, 26.106472055851111 ], [ 89.314491952031844, 26.106922669063803 ], [ 89.314055139465651, 26.107195152188453 ], [ 89.313800819008108, 26.107219032731884 ], [ 89.313289015930494, 26.107599489059726 ], [ 89.313021397712276, 26.108721381091406 ], [ 89.312609766016834, 26.109328148931134 ], [ 89.312280702141265, 26.109619296119497 ], [ 89.311935980725593, 26.10959361812807 ], [ 89.311251358820371, 26.109612650133023 ], [ 89.310630540885725, 26.109436343531513 ], [ 89.308663871219466, 26.10891281650159 ], [ 89.30759844034894, 26.108939806707902 ], [ 89.307082193961108, 26.108929820591761 ], [ 89.306683785982756, 26.108676875197865 ], [ 89.306465592482169, 26.108384262520776 ], [ 89.306100566672725, 26.108313122940356 ], [ 89.305647956961977, 26.108341483107715 ], [ 89.305137389712527, 26.108408213548657 ], [ 89.304867964252196, 26.108459763987753 ], [ 89.304692522632422, 26.108688259549705 ], [ 89.304426444932531, 26.109045881203468 ], [ 89.304064566980401, 26.109591482409076 ], [ 89.303818646277392, 26.109883995108458 ], [ 89.30335865791082, 26.110109605198552 ], [ 89.302954476420183, 26.110359364448112 ], [ 89.302614898312228, 26.11045575912248 ], [ 89.30201193068352, 26.110754294408938 ], [ 89.301506837740604, 26.110868548567801 ], [ 89.301160058695984, 26.110844229656788 ], [ 89.300769296181201, 26.110558522034317 ], [ 89.300292925462472, 26.109873637913299 ], [ 89.300171418950271, 26.109570779625074 ], [ 89.300143451196959, 26.10935198403919 ], [ 89.300157918815657, 26.109107352453918 ], [ 89.300209648090814, 26.108802357461506 ], [ 89.299981407170378, 26.108592298524673 ], [ 89.29948779887421, 26.108473556825963 ], [ 89.299020348248902, 26.108187670141675 ], [ 89.298587091710559, 26.107838429821609 ], [ 89.298539923901302, 26.107578779376823 ], [ 89.298138669473602, 26.107164838690426 ], [ 89.29765236674109, 26.107050575765182 ], [ 89.297380867044907, 26.107093338423425 ], [ 89.297421156178288, 26.108491565530798 ], [ 89.297428942090548, 26.109517327729709 ], [ 89.297559335762173, 26.109833178755828 ], [ 89.29802233002593, 26.110285327361293 ], [ 89.298952188133796, 26.110924416091802 ], [ 89.299276893466072, 26.111475336961913 ], [ 89.299450798952236, 26.111956720235781 ], [ 89.299492968714262, 26.112680545467214 ], [ 89.299735780589984, 26.11351718731747 ], [ 89.299611008287343, 26.114161826490673 ], [ 89.299477035199999, 26.114536632470212 ], [ 89.29927264595581, 26.114584239238415 ], [ 89.298924447475628, 26.114733626978687 ], [ 89.298725584056854, 26.115149714716299 ], [ 89.298678025872391, 26.115671109411906 ], [ 89.298457720043146, 26.11590343673209 ], [ 89.298014914076717, 26.116098973938669 ], [ 89.297555670208538, 26.116145137992991 ], [ 89.297187170556356, 26.116240756363666 ], [ 89.297013567703473, 26.116281831429564 ], [ 89.296884181879363, 26.117494306831588 ], [ 89.297007991591641, 26.11870913854619 ], [ 89.296966289639428, 26.119220034363131 ], [ 89.297012555651008, 26.119504759665695 ], [ 89.297335178141623, 26.119705665831216 ], [ 89.29792720391066, 26.119817156108475 ], [ 89.298202580469876, 26.120130119177624 ], [ 89.298352532114095, 26.120884950537441 ], [ 89.298315661819629, 26.121591154696002 ], [ 89.298557653366885, 26.121978602039803 ], [ 89.298927971890421, 26.12234130103613 ], [ 89.29951969115649, 26.122587186192906 ], [ 89.30026869438467, 26.122488970176548 ], [ 89.301594324217589, 26.122441420363412 ], [ 89.302335544528233, 26.122387590329833 ], [ 89.302636010181558, 26.122487829365383 ], [ 89.303024926385618, 26.122637800660357 ], [ 89.303006891528582, 26.124332817649019 ], [ 89.303166488947781, 26.127219137633698 ], [ 89.302736782058474, 26.127274367827816 ], [ 89.301530816702126, 26.127664229846058 ], [ 89.29953534258965, 26.128568996725367 ], [ 89.296051205506856, 26.130912173114545 ], [ 89.293820259352941, 26.131608564346305 ], [ 89.291724595701439, 26.132678301264704 ], [ 89.291278217244766, 26.132667693495534 ], [ 89.290906180292907, 26.132855159552836 ], [ 89.290756484801079, 26.133275260474463 ], [ 89.29286894194459, 26.133492038490779 ], [ 89.293536930966525, 26.133678165913185 ], [ 89.29240380080175, 26.134741673760637 ], [ 89.286143226012527, 26.140229943345101 ], [ 89.28111781711354, 26.144854995036603 ], [ 89.276860144804232, 26.148786771326257 ], [ 89.276364555549833, 26.148849902238325 ], [ 89.276292409429857, 26.148693745702676 ], [ 89.276042777458699, 26.148537735278737 ], [ 89.275762633396837, 26.14883511826611 ], [ 89.275586168663338, 26.148882049287387 ], [ 89.275162579324643, 26.148944563359102 ], [ 89.274844716469076, 26.14894457434038 ], [ 89.274684882804806, 26.14886723397224 ], [ 89.274418968200607, 26.148789950121486 ], [ 89.274295726325676, 26.14880518310888 ], [ 89.274263544558593, 26.148973768630931 ], [ 89.274284937044513, 26.149173192062992 ], [ 89.274292009329585, 26.149527040653631 ], [ 89.27448508551457, 26.149822864918285 ], [ 89.27471243313498, 26.150103581460549 ], [ 89.274957711193792, 26.150384145113271 ], [ 89.275362952912886, 26.150617530269201 ], [ 89.275944948208547, 26.150834921444392 ], [ 89.276526319471785, 26.151005691789525 ], [ 89.276790197423153, 26.15114535206715 ], [ 89.276895644828755, 26.151269376786534 ], [ 89.276947650565958, 26.151719004279855 ], [ 89.276946892488255, 26.152634552515565 ], [ 89.276865888518401, 26.15379991345263 ], [ 89.276920635547015, 26.154001399710886 ], [ 89.277080159784589, 26.154155050745711 ], [ 89.277716534243623, 26.154783520391177 ], [ 89.278505499080211, 26.155885126699637 ], [ 89.278878549409555, 26.156651007235887 ], [ 89.279092111871009, 26.157264143851506 ], [ 89.279220557713387, 26.157677679353725 ], [ 89.279298438758744, 26.158060776241122 ], [ 89.27940741619345, 26.158442598107492 ], [ 89.279516042084879, 26.158700871343775 ], [ 89.280432329574694, 26.159919835801173 ], [ 89.280858759073425, 26.160543632058715 ], [ 89.281063854654434, 26.160621030509702 ], [ 89.281249156564073, 26.160634867943301 ], [ 89.281324595691586, 26.16044025016366 ], [ 89.281298650746251, 26.160109717003351 ], [ 89.280952094361496, 26.15944394877592 ], [ 89.280145150513562, 26.158306679662086 ], [ 89.279335055924051, 26.15656920793446 ], [ 89.279457517619889, 26.156322658708451 ], [ 89.279579338842552, 26.156137727815658 ], [ 89.279582741566969, 26.15593788791417 ], [ 89.278868241168638, 26.155187416990575 ], [ 89.278361614450844, 26.154606216199134 ], [ 89.278008100188259, 26.15403764282156 ], [ 89.277988773129508, 26.153915438675753 ], [ 89.277971449559232, 26.153805914920319 ], [ 89.277986141542314, 26.153718017222317 ], [ 89.278005155389195, 26.153604625126039 ], [ 89.278127466855722, 26.153526614622134 ], [ 89.278232238256223, 26.15351045835224 ], [ 89.278599139698457, 26.153616331860079 ], [ 89.279241161719668, 26.153989523743988 ], [ 89.279604058637261, 26.154605650978556 ], [ 89.280999723353503, 26.15680482371269 ], [ 89.281774564304584, 26.158583665690653 ], [ 89.282905571113233, 26.16069949037778 ], [ 89.284674852284425, 26.163012204368009 ], [ 89.285796602463833, 26.164472988523336 ], [ 89.285802414313991, 26.164825415524639 ], [ 89.285533847640096, 26.165266974392239 ], [ 89.285179234341342, 26.16584852684468 ], [ 89.285126516732575, 26.166194571980139 ], [ 89.285196725835959, 26.16672450818854 ], [ 89.285366653149694, 26.166850542859269 ], [ 89.285677234152843, 26.166847354688247 ], [ 89.285957408805615, 26.166471199245684 ], [ 89.285991537022326, 26.166126934785389 ], [ 89.286111360970267, 26.165819256466584 ], [ 89.28633307492926, 26.165724846469566 ], [ 89.286543521579716, 26.165744672416775 ], [ 89.287253249874368, 26.166456084329543 ], [ 89.287569516698881, 26.166920413987061 ], [ 89.287775960704536, 26.167181199292898 ], [ 89.287697722843077, 26.168652574313096 ], [ 89.287811689144021, 26.168768204005168 ], [ 89.288078960385818, 26.168794198808573 ], [ 89.288352999509769, 26.168551929057088 ], [ 89.288911266146172, 26.168388727803759 ], [ 89.289585161195618, 26.168665322788225 ], [ 89.295172986561298, 26.171270769963073 ], [ 89.309016370502079, 26.177161485420484 ], [ 89.311449997257924, 26.177825197968744 ], [ 89.312313617997418, 26.177865287601982 ], [ 89.312358964183616, 26.177867392611358 ], [ 89.312539911417034, 26.177875791559977 ], [ 89.316502076892334, 26.177962344537189 ], [ 89.322557357926485, 26.178094422685717 ], [ 89.322573026816059, 26.178072696348949 ], [ 89.322605674656231, 26.178025600756747 ], [ 89.324658375382555, 26.176548451957622 ], [ 89.325917714081882, 26.175513584037098 ], [ 89.328188189116133, 26.172256925739582 ], [ 89.329195334599774, 26.169573941625472 ] ] ] } },
{ "type": "Feature", "properties": { "BLOCK_NAME": "Sitalkuchi", "SUBDIV_NAM": "Mathabhanga", "DIST_NAME": "Cooch Behar", "AREA_SQKM": 266.984 }, "geometry": { "type": "Polygon", "coordinates": [ [ [ 89.112435074185314, 26.302532515442294 ], [ 89.114680053381278, 26.302141216306151 ], [ 89.116017691850971, 26.302121483632543 ], [ 89.116856626383225, 26.301631489500942 ], [ 89.117418971636539, 26.299772441853097 ], [ 89.117196455109962, 26.298462295122391 ], [ 89.117630689198748, 26.296843944110982 ], [ 89.118542528290604, 26.295994657317959 ], [ 89.119253537358261, 26.295028929060102 ], [ 89.119610662908471, 26.292814697724033 ], [ 89.119108094032356, 26.290672871296991 ], [ 89.118876903746568, 26.288885241696132 ], [ 89.118919246207341, 26.287571182403322 ], [ 89.119887450041631, 26.286183743558755 ], [ 89.120901472204878, 26.28566129266714 ], [ 89.121774041245502, 26.285648389820189 ], [ 89.122947062328848, 26.285631035766929 ], [ 89.123151209764714, 26.285628014563756 ], [ 89.12437077848773, 26.28568160239838 ], [ 89.125674152591117, 26.285972742713628 ], [ 89.125696734335946, 26.285991344925936 ], [ 89.126158267464632, 26.286371537161948 ], [ 89.12635497806761, 26.286989515479672 ], [ 89.126323783919304, 26.288184005210386 ], [ 89.126053356384233, 26.289334278633028 ], [ 89.125732131145185, 26.290604708074493 ], [ 89.125539843508946, 26.291682181199466 ], [ 89.125556756241991, 26.292017624107917 ], [ 89.125460751487566, 26.292429620182769 ], [ 89.125581497922028, 26.293239768619515 ], [ 89.126024432753454, 26.294283946605997 ], [ 89.126583092740177, 26.294716949146085 ], [ 89.127898215321522, 26.293388393422191 ], [ 89.127898478542178, 26.293387015807948 ], [ 89.127910489179101, 26.293375994160801 ], [ 89.12847249323579, 26.292860273681587 ], [ 89.129502491190934, 26.291983892782184 ], [ 89.129659080557886, 26.291851214495789 ], [ 89.13037515860232, 26.291244474340555 ], [ 89.132606981499848, 26.289619046204539 ], [ 89.133170422547551, 26.289417572130759 ], [ 89.133599137667957, 26.289409745539135 ], [ 89.133892946325332, 26.289595427620203 ], [ 89.134657132835386, 26.290536359520559 ], [ 89.135438731329188, 26.292456387189553 ], [ 89.135660254144497, 26.293709850205325 ], [ 89.135818393974503, 26.29406295002768 ], [ 89.136246961453978, 26.294275307662655 ], [ 89.136764502595028, 26.294376968274694 ], [ 89.13737251917361, 26.294449936384403 ], [ 89.137823893822784, 26.294251811160997 ], [ 89.138304588900695, 26.293998561962731 ], [ 89.138838407602677, 26.293334380219541 ], [ 89.139306552842882, 26.292397750709963 ], [ 89.139843582017079, 26.290257018189475 ], [ 89.14011821810476, 26.288694394275193 ], [ 89.140626854435666, 26.287241435456046 ], [ 89.141034446634379, 26.286643894063946 ], [ 89.141198442999737, 26.286643641358527 ], [ 89.141441792060874, 26.286642815860205 ], [ 89.141695818205775, 26.286803239702415 ], [ 89.141924704353826, 26.287125307674788 ], [ 89.142004429875882, 26.287638552528623 ], [ 89.1421019703496, 26.288261951807112 ], [ 89.142077881673217, 26.289024085308913 ], [ 89.141993466952073, 26.289570257012915 ], [ 89.141992923545203, 26.290279963603382 ], [ 89.142069165861827, 26.290880032590884 ], [ 89.142349786584319, 26.291285968186102 ], [ 89.14262621104325, 26.291473237713333 ], [ 89.142929235447951, 26.291496106302901 ], [ 89.1434354328333, 26.291324944163577 ], [ 89.144283083424739, 26.290931265941278 ], [ 89.144504730020358, 26.29085934669364 ], [ 89.144808688900568, 26.290760596940256 ], [ 89.145196209046375, 26.290755285606142 ], [ 89.145506809978556, 26.290914381975345 ], [ 89.145823553034319, 26.29115507845022 ], [ 89.146188051598131, 26.291204339220094 ], [ 89.146761033558334, 26.291195994819901 ], [ 89.149735927604823, 26.290904806507207 ], [ 89.150156799387375, 26.290734490195835 ], [ 89.150847840255636, 26.290423425366839 ], [ 89.15143605821622, 26.290032668311181 ], [ 89.151710653323576, 26.28991911759865 ], [ 89.152009763423266, 26.289967366074247 ], [ 89.15219166179952, 26.290400385695239 ], [ 89.151897702306158, 26.29126012061862 ], [ 89.151731201291639, 26.291747073885958 ], [ 89.151546684567677, 26.293253677331744 ], [ 89.151612885605928, 26.293553450572393 ], [ 89.152114242786567, 26.294420886977679 ], [ 89.153258545201624, 26.295607039536428 ], [ 89.154203653439041, 26.295866009660848 ], [ 89.154475755886679, 26.295861922263477 ], [ 89.154810167703815, 26.295856898176325 ], [ 89.155381804720562, 26.295602226693291 ], [ 89.155922102417207, 26.295293339052858 ], [ 89.156540220773408, 26.294272377799796 ], [ 89.156786840726795, 26.292846865275425 ], [ 89.156895327016002, 26.292353356003222 ], [ 89.157110045709871, 26.291749738101952 ], [ 89.157371322993924, 26.291554856073866 ], [ 89.157682629638046, 26.291713924451113 ], [ 89.157972809745232, 26.292064286662463 ], [ 89.158507308759766, 26.294024047394096 ], [ 89.158734775749423, 26.294840894885418 ], [ 89.159850807574216, 26.29613652513633 ], [ 89.160217249298029, 26.296267718042678 ], [ 89.160490687287535, 26.296290941102892 ], [ 89.160730758655447, 26.296150612314065 ], [ 89.161471659502439, 26.295209808764717 ], [ 89.161779376984597, 26.293810711788161 ], [ 89.161944149167681, 26.292878308333336 ], [ 89.161726277655788, 26.291760981039083 ], [ 89.161666715546659, 26.29075336756522 ], [ 89.161812420871144, 26.290642060669349 ], [ 89.16211704615867, 26.290609908695135 ], [ 89.162837853435533, 26.290815998973539 ], [ 89.163536948072931, 26.291185975971178 ], [ 89.164313383636369, 26.291419506408033 ], [ 89.164679488342088, 26.291523922819493 ], [ 89.165225190752309, 26.291516284455849 ], [ 89.16585632710742, 26.291206369062692 ], [ 89.166305892661953, 26.290897541748109 ], [ 89.166570577173474, 26.29042694302526 ], [ 89.166560858996021, 26.289878294994118 ], [ 89.166663103568908, 26.28938455589282 ], [ 89.166743977247734, 26.288922458198801 ], [ 89.16707889923876, 26.288455514507245 ], [ 89.167725967261063, 26.288308850648487 ], [ 89.16819876631844, 26.288355417779798 ], [ 89.168823777549264, 26.288399878778321 ], [ 89.169441587444481, 26.288417726732742 ], [ 89.16995985202945, 26.288410149332531 ], [ 89.170015742332382, 26.288191364192301 ], [ 89.170068994071599, 26.287945467427097 ], [ 89.170401549274359, 26.287804085522119 ], [ 89.170798252666529, 26.287825164714128 ], [ 89.171071157278377, 26.287820772801584 ], [ 89.171282401582957, 26.287762896060691 ], [ 89.171367792588597, 26.287462038852926 ], [ 89.171544658929193, 26.287186989897233 ], [ 89.171722020658663, 26.286939165089947 ], [ 89.171962583580694, 26.286826401559011 ], [ 89.173295719394105, 26.286748553625063 ], [ 89.174205378947221, 26.286733235811599 ], [ 89.174960893100533, 26.286584567873163 ], [ 89.175290871819044, 26.286388084435899 ], [ 89.175406552510111, 26.286085562893987 ], [ 89.175430759318772, 26.285757393434032 ], [ 89.175657598822553, 26.284910233285469 ], [ 89.175734845256841, 26.284173669579737 ], [ 89.175698931428627, 26.283874546194365 ], [ 89.175361362209884, 26.283663831658558 ], [ 89.174664070380885, 26.283680684095394 ], [ 89.174148670042371, 26.283692583513936 ], [ 89.173842446515039, 26.283536155295167 ], [ 89.173805555536418, 26.283184294471653 ], [ 89.17379373577505, 26.28255035974238 ], [ 89.173714338482043, 26.281545404741447 ], [ 89.173610056932034, 26.281222133230735 ], [ 89.172911299584513, 26.281103248309304 ], [ 89.172835080717221, 26.28099616842788 ], [ 89.172945073349183, 26.280803209093499 ], [ 89.173350691931219, 26.280658026056276 ], [ 89.173827147851583, 26.280648673328734 ], [ 89.173917615356714, 26.280321289568231 ], [ 89.173576701132944, 26.280110743527821 ], [ 89.173495794577946, 26.279949397677928 ], [ 89.173934634936828, 26.279886520932848 ], [ 89.174319066498796, 26.279607442211262 ], [ 89.174073928561455, 26.279068719747109 ], [ 89.173771893982632, 26.278911506099597 ], [ 89.174102695031237, 26.278714805203933 ], [ 89.174610863767455, 26.279031174948098 ], [ 89.175435268290684, 26.279015405060967 ], [ 89.176005395376905, 26.279004600771451 ], [ 89.176356151216496, 26.279025177734699 ], [ 89.176437518504031, 26.279213937088695 ], [ 89.17622605618395, 26.279652796729032 ], [ 89.175678936269676, 26.2798804009965 ], [ 89.175299725991735, 26.279887531753754 ], [ 89.175195325064053, 26.280106811195335 ], [ 89.175258239703467, 26.28073031186457 ], [ 89.17529156755252, 26.281548725892787 ], [ 89.175364065864372, 26.282183195969957 ], [ 89.175459127461679, 26.282401360878321 ], [ 89.175733009849836, 26.282450082721105 ], [ 89.17716160888908, 26.282614647315036 ], [ 89.177499736941357, 26.282855238941412 ], [ 89.177930362723799, 26.283176385303562 ], [ 89.178641046156784, 26.283876444743054 ], [ 89.178884134102773, 26.283900095710809 ], [ 89.179186332806225, 26.283840820943322 ], [ 89.179963973404753, 26.283254820867413 ], [ 89.180297513660818, 26.283249752241421 ], [ 89.180510278826603, 26.283273860424572 ], [ 89.180958971190222, 26.282938934097722 ], [ 89.181229310429359, 26.28279811393919 ], [ 89.181293021744651, 26.282961198197238 ], [ 89.181823838938783, 26.283773390886076 ], [ 89.181984658025542, 26.284263103581608 ], [ 89.18283623597975, 26.284386858800413 ], [ 89.184137014432565, 26.28420300782545 ], [ 89.184500879197287, 26.28419746760197 ], [ 89.185259442497781, 26.284213257419612 ], [ 89.185657215974146, 26.284398592153142 ], [ 89.185844786148806, 26.284696497707618 ], [ 89.185850423879842, 26.284997174288677 ], [ 89.185797467826873, 26.285408112643651 ], [ 89.185846753948496, 26.286419018889376 ], [ 89.185882714481593, 26.286719234251869 ], [ 89.186190555801375, 26.286960621835227 ], [ 89.186585263807189, 26.28698194763394 ], [ 89.186888490846457, 26.286977325225784 ], [ 89.187196847710268, 26.287246045324768 ], [ 89.187143895034566, 26.287656983839227 ], [ 89.187088890546448, 26.287958584716066 ], [ 89.187122804441216, 26.288149461847077 ], [ 89.187367439844721, 26.288255100513894 ], [ 89.188158405084494, 26.288379746635659 ], [ 89.18861325108891, 26.288372807448805 ], [ 89.189158552704157, 26.288337144609294 ], [ 89.189550184501385, 26.28819445665404 ], [ 89.189907384313372, 26.287833557590108 ], [ 89.190111426878062, 26.287392970052675 ], [ 89.190711204288192, 26.287028365361554 ], [ 89.191461048322097, 26.286579438855323 ], [ 89.192181592429307, 26.286185641679523 ], [ 89.192175938064793, 26.285884965521451 ], [ 89.191889369472705, 26.285612568802232 ], [ 89.191836224569883, 26.285562052123574 ], [ 89.191708255032538, 26.285208561211988 ], [ 89.191700544914468, 26.284798567468489 ], [ 89.192321806485481, 26.284105017894106 ], [ 89.192903425406456, 26.283299781646022 ], [ 89.192892426299409, 26.282915628590491 ], [ 89.192852210196662, 26.282559387471174 ], [ 89.192157641330567, 26.281419235874644 ], [ 89.191072013488125, 26.280260359948656 ], [ 89.190027648669599, 26.279432374788723 ], [ 89.189931461161493, 26.279187675867981 ], [ 89.189958407828101, 26.279049959137161 ], [ 89.190516192781175, 26.278644862457682 ], [ 89.190817531744912, 26.278425778483253 ], [ 89.191206963258907, 26.278334020245008 ], [ 89.19154275258775, 26.278546005738328 ], [ 89.193210236588115, 26.280269168303565 ], [ 89.194261439101282, 26.281238582116433 ], [ 89.194869668140456, 26.281419167660548 ], [ 89.195263174431219, 26.281466461297114 ], [ 89.195714789267626, 26.281430033459745 ], [ 89.196009429406345, 26.281176165135101 ], [ 89.196409324982312, 26.280341174426805 ], [ 89.196676588491812, 26.280170488259717 ], [ 89.197130782874297, 26.280216852263152 ], [ 89.197463637916158, 26.280238098063133 ], [ 89.19788125741259, 26.280037067441679 ], [ 89.19793209961783, 26.279677247408252 ], [ 89.19779847782273, 26.279182708947221 ], [ 89.197668850769034, 26.277471824574743 ], [ 89.197484521428549, 26.27567924136973 ], [ 89.197558010207473, 26.274462254198614 ], [ 89.197676178578433, 26.274266269119142 ], [ 89.198034427793459, 26.274009537871468 ], [ 89.198366430756209, 26.274112399069853 ], [ 89.198949615616939, 26.274928474088554 ], [ 89.19972854621561, 26.276350833262608 ], [ 89.200504924700383, 26.277415746700427 ], [ 89.201052908619502, 26.277599706156167 ], [ 89.201385320736634, 26.277593794241582 ], [ 89.202256976329394, 26.277356760895945 ], [ 89.203960423663773, 26.276411425644742 ], [ 89.204524621141559, 26.275929013145785 ], [ 89.205606571699619, 26.275227713495497 ], [ 89.20571830555221, 26.274982388185052 ], [ 89.205843298886876, 26.274711296277321 ], [ 89.205880652659872, 26.273225413119132 ], [ 89.205798338156541, 26.268783843085956 ], [ 89.206296207881465, 26.268546594186002 ], [ 89.206762352171381, 26.268308291727216 ], [ 89.206977355695784, 26.2679404136207 ], [ 89.206983340008108, 26.266829779343567 ], [ 89.206955847551484, 26.266075941949989 ], [ 89.206893768205973, 26.265653930773137 ], [ 89.206583893206357, 26.265253589678775 ], [ 89.206292953020736, 26.264438321312642 ], [ 89.206152415155955, 26.263962708623744 ], [ 89.206130271656789, 26.263073279586582 ], [ 89.206104061595937, 26.262585602424828 ], [ 89.209271495422385, 26.262921775571304 ], [ 89.209599445125662, 26.263002898666855 ], [ 89.209607431812884, 26.263004888572016 ], [ 89.209745882799965, 26.263039487057888 ], [ 89.210439619053091, 26.263218064805073 ], [ 89.210506195567945, 26.263238480306779 ], [ 89.21138698447426, 26.263523465789255 ], [ 89.211949977173973, 26.263675049749978 ], [ 89.212047133737954, 26.264211538128421 ], [ 89.212083698868227, 26.26528628690258 ], [ 89.212054405000387, 26.266202151044968 ], [ 89.212052008439883, 26.266464183776002 ], [ 89.212203691554976, 26.266629323132516 ], [ 89.212477308920469, 26.266580841306549 ], [ 89.212896707056203, 26.266235693710978 ], [ 89.213200600969401, 26.265947026373698 ], [ 89.213785201870607, 26.265446788761089 ], [ 89.214461252546798, 26.26507926902968 ], [ 89.215102965131123, 26.264939022160412 ], [ 89.217029016267546, 26.264841470565113 ], [ 89.218438124735485, 26.265195565609996 ], [ 89.219780329459866, 26.266158835398638 ], [ 89.220571667969395, 26.267128915093817 ], [ 89.220803560392596, 26.267447634841876 ], [ 89.221013923558601, 26.267430137551461 ], [ 89.221418507745213, 26.267298665209914 ], [ 89.221906494718326, 26.266465544655698 ], [ 89.222097170430871, 26.266174944263728 ], [ 89.222488512278971, 26.265286681401719 ], [ 89.222922316727548, 26.264558887214744 ], [ 89.223369816667656, 26.264375010049548 ], [ 89.224052584766838, 26.264204979214362 ], [ 89.225044440080183, 26.264237481967363 ], [ 89.22554184341827, 26.264555060498591 ], [ 89.226158762039745, 26.265031301261104 ], [ 89.22700166808994, 26.265962889761106 ], [ 89.228217715631303, 26.267897245897593 ], [ 89.22873438157842, 26.268878556035574 ], [ 89.229455766765753, 26.267933651238007 ], [ 89.229802626300767, 26.26794781149119 ], [ 89.230058659739825, 26.267734612505727 ], [ 89.230041642247969, 26.267538448591278 ], [ 89.229957172294462, 26.266757516089559 ], [ 89.230349935151324, 26.266452337787126 ], [ 89.23094204868984, 26.266033941833246 ], [ 89.231410521222259, 26.26579703395457 ], [ 89.231584293446147, 26.265073666542524 ], [ 89.231643651112037, 26.264315692294431 ], [ 89.231666120888633, 26.263891241551605 ], [ 89.231439357240248, 26.263492668521408 ], [ 89.231008510493467, 26.263497546423146 ], [ 89.23064227903302, 26.262155240693431 ], [ 89.230282928186099, 26.260486906903388 ], [ 89.230986966033512, 26.260371926051601 ], [ 89.231270804409547, 26.260708317563637 ], [ 89.231244931966373, 26.261127293314566 ], [ 89.231565114602404, 26.261128715929654 ], [ 89.232046892003652, 26.260984447260348 ], [ 89.23233206001143, 26.26099038017168 ], [ 89.232903105803246, 26.261003140292363 ], [ 89.233091658115796, 26.261025134220965 ], [ 89.233160556032587, 26.259792802978755 ], [ 89.233355732981096, 26.259029059088594 ], [ 89.233888837136632, 26.258699374821436 ], [ 89.234539024556355, 26.258539196808595 ], [ 89.23511146628789, 26.258656119868188 ], [ 89.236080322576257, 26.259193651301352 ], [ 89.236586003933283, 26.259498164229033 ], [ 89.237018276329707, 26.259757169159982 ], [ 89.237598942103645, 26.259703957333247 ], [ 89.238290208949351, 26.259577722305458 ], [ 89.237427661196733, 26.257189952981921 ], [ 89.236419961004884, 26.257245646974376 ], [ 89.234535483646752, 26.256896840292161 ], [ 89.234157759320908, 26.256720326161545 ], [ 89.233757602329078, 26.255818755014015 ], [ 89.232270567434412, 26.251930407154177 ], [ 89.232287056524441, 26.251649060017655 ], [ 89.232717741936753, 26.251480362076208 ], [ 89.23388530243146, 26.251481059081531 ], [ 89.234872173014423, 26.250923648948369 ], [ 89.235686232588549, 26.250541655546368 ], [ 89.236592084799796, 26.250527160930378 ], [ 89.237305089526402, 26.250625663623719 ], [ 89.238137187260207, 26.250613114389672 ], [ 89.238565169143044, 26.250386686744044 ], [ 89.238964067962996, 26.249942688492752 ], [ 89.239186394486779, 26.249712343026072 ], [ 89.24026897752573, 26.24913899424649 ], [ 89.24067171766508, 26.24908086966736 ], [ 89.240673366090931, 26.249586917809129 ], [ 89.240859201956937, 26.249698123905205 ], [ 89.241405866235766, 26.249744274073812 ], [ 89.242133352631583, 26.249732916136672 ], [ 89.24237088794024, 26.24940107090244 ], [ 89.242782150934332, 26.248901766636809 ], [ 89.243080007494754, 26.24845771057764 ], [ 89.243391897728756, 26.248261236287735 ], [ 89.243885432685531, 26.248118232770981 ], [ 89.244648439820864, 26.247971047990653 ], [ 89.245282986296843, 26.247961182469894 ], [ 89.245614833945012, 26.247873968579551 ], [ 89.246005202008945, 26.247676472767044 ], [ 89.246047110365382, 26.247237803295544 ], [ 89.246245071447191, 26.247042772992234 ], [ 89.246807251493024, 26.246973923586577 ], [ 89.247931685212606, 26.246908019615518 ], [ 89.24820797835234, 26.24742646424497 ], [ 89.248731689020971, 26.247908721420455 ], [ 89.248593746703094, 26.249051599393006 ], [ 89.248961412991989, 26.250036255328205 ], [ 89.24923421970648, 26.250031982141152 ], [ 89.249689652493402, 26.249913565459071 ], [ 89.250263988804022, 26.249957650575624 ], [ 89.250792971244095, 26.250362648557353 ], [ 89.251183286907093, 26.250466233567568 ], [ 89.251674296630213, 26.250239211248761 ], [ 89.252188821085809, 26.250094326636241 ], [ 89.253059085296073, 26.250012979558054 ], [ 89.253839337304214, 26.249959590713175 ], [ 89.254506741386891, 26.25002375287427 ], [ 89.254890139945701, 26.249955981589373 ], [ 89.255217121501971, 26.249775920452237 ], [ 89.255675384003965, 26.249417095278815 ], [ 89.256105688251125, 26.248682524447126 ], [ 89.256321537738131, 26.248500823525646 ], [ 89.256599009077405, 26.248291023988145 ], [ 89.257147521078764, 26.248340236714519 ], [ 89.257455577317671, 26.248561945005832 ], [ 89.257524794059208, 26.248730801420642 ], [ 89.257079123608136, 26.249110519893023 ], [ 89.25674999913177, 26.249380423643125 ], [ 89.256480601494715, 26.249677785169091 ], [ 89.25643868396817, 26.249938438068881 ], [ 89.256562114860387, 26.250106987190904 ], [ 89.256739757357082, 26.250130583316388 ], [ 89.257980079440543, 26.25023731534171 ], [ 89.258272138586136, 26.250574631090906 ], [ 89.25858857673218, 26.251425930419945 ], [ 89.258657949699895, 26.2519849305408 ], [ 89.259001607262277, 26.252007996803389 ], [ 89.260979016765518, 26.252000233110081 ], [ 89.261225158457165, 26.251995183514605 ], [ 89.2613775919707, 26.251708082588429 ], [ 89.261447505020428, 26.25122124416459 ], [ 89.261732250863403, 26.25093114915266 ], [ 89.26219869725206, 26.250638221674325 ], [ 89.262917406300488, 26.250598523722925 ], [ 89.263534414405598, 26.25062026096689 ], [ 89.264171021515764, 26.250840987838998 ], [ 89.264240066270091, 26.251151763895525 ], [ 89.264130834104151, 26.251690675053858 ], [ 89.264109577572071, 26.252116202132129 ], [ 89.264411585802577, 26.252253466581191 ], [ 89.265652980538931, 26.252450756765754 ], [ 89.266733773487232, 26.252456564724536 ], [ 89.267153652433024, 26.252420078854367 ], [ 89.267294861458893, 26.252175082522044 ], [ 89.267636875933974, 26.251979020879329 ], [ 89.268325304423669, 26.251683337770654 ], [ 89.268390260006612, 26.251433459469379 ], [ 89.268353266858725, 26.25084763093243 ], [ 89.268419474999718, 26.250476793214524 ], [ 89.269326203059904, 26.250041663176283 ], [ 89.270085149060478, 26.249972427417557 ], [ 89.270830197768817, 26.249961696735124 ], [ 89.27062610434929, 26.250274392236097 ], [ 89.27024718030367, 26.250664832407139 ], [ 89.269987560516796, 26.25098432920656 ], [ 89.270773420014933, 26.251050705384166 ], [ 89.271579321667872, 26.250998816137574 ], [ 89.271792852588945, 26.251272365037611 ], [ 89.271627111920807, 26.251878882227093 ], [ 89.271598083968541, 26.252246699463512 ], [ 89.271937882236614, 26.252430362829593 ], [ 89.272543085906889, 26.252204381437348 ], [ 89.273581838326479, 26.251569418298384 ], [ 89.274999836832706, 26.250800305430701 ], [ 89.275597919859962, 26.250715201225916 ], [ 89.276109396024836, 26.250693026466148 ], [ 89.276296567826606, 26.250612907476587 ], [ 89.276340469216592, 26.25019398103818 ], [ 89.27703047580863, 26.250170259607309 ], [ 89.277467394409925, 26.250241525052576 ], [ 89.277160072109851, 26.250625352988767 ], [ 89.277100254824589, 26.250995588407591 ], [ 89.277442467731788, 26.251462589777667 ], [ 89.277798933561755, 26.251518515630234 ], [ 89.278081640130864, 26.251741056736019 ], [ 89.277944697025404, 26.252064860442911 ], [ 89.277816224083054, 26.252472037775185 ], [ 89.277947504230326, 26.252829421196601 ], [ 89.278157607028319, 26.253593624059413 ], [ 89.278594946490998, 26.254724699533345 ], [ 89.278854672554971, 26.255473794784148 ], [ 89.278649361803218, 26.256601896941465 ], [ 89.27723529728668, 26.258429904684636 ], [ 89.277328969562575, 26.259401604226674 ], [ 89.27664120335092, 26.261404257242699 ], [ 89.276170440426398, 26.263933433327789 ], [ 89.27574137163829, 26.265182629785759 ], [ 89.275666272659123, 26.266270879212765 ], [ 89.275613379066101, 26.266894095081273 ], [ 89.275516605672379, 26.267508903868819 ], [ 89.275677344481778, 26.268418745093349 ], [ 89.275933898149248, 26.27017616526793 ], [ 89.275993814652026, 26.272056588837128 ], [ 89.275667743338147, 26.273964055944614 ], [ 89.275786111934096, 26.274928146564829 ], [ 89.276535961142642, 26.276520628627885 ], [ 89.278647821154891, 26.278924503212835 ], [ 89.280400395000783, 26.280899302549312 ], [ 89.281623668877003, 26.28203502343278 ], [ 89.281835902445621, 26.282264414885301 ], [ 89.283022632233042, 26.280777130768641 ], [ 89.284049569804665, 26.279849384398837 ], [ 89.286093372830578, 26.277958791821195 ], [ 89.287169818803619, 26.276793498717947 ], [ 89.287074491058604, 26.275731738348597 ], [ 89.286515734145027, 26.274119671603092 ], [ 89.285556457198282, 26.272674814522411 ], [ 89.284826253387976, 26.272031087296245 ], [ 89.283933990703275, 26.271191443820594 ], [ 89.283568079992534, 26.269674718486979 ], [ 89.283478760610052, 26.268489480135763 ], [ 89.283896682154236, 26.26723164599111 ], [ 89.284585471261863, 26.266252733374962 ], [ 89.284995669814066, 26.265786757314487 ], [ 89.286558424366021, 26.264433689688982 ], [ 89.28693028538126, 26.264137123568133 ], [ 89.287161458716838, 26.263951386981947 ], [ 89.288502392838026, 26.263320867838416 ], [ 89.289773992857832, 26.263117047460884 ], [ 89.291197107937549, 26.263027560741399 ], [ 89.291975357061162, 26.262932717396055 ], [ 89.292495916664777, 26.262701649122072 ], [ 89.293142178941864, 26.262403560342502 ], [ 89.293898772959892, 26.261977553659406 ], [ 89.294487048460383, 26.260477740934103 ], [ 89.294923078513634, 26.259431550286827 ], [ 89.29600240224859, 26.258051475235224 ], [ 89.296171140770028, 26.257698443752432 ], [ 89.296197106824678, 26.257644975295261 ], [ 89.296995424792172, 26.256089187973359 ], [ 89.297983759696137, 26.254153069745904 ], [ 89.298487518135914, 26.251816083347265 ], [ 89.298590733262628, 26.250395728729291 ], [ 89.29861998643598, 26.250120100641652 ], [ 89.2985584757715, 26.248854458407511 ], [ 89.297901093526235, 26.247695113663593 ], [ 89.296056304408054, 26.245418433769672 ], [ 89.294520342051683, 26.243580236576129 ], [ 89.293854900561897, 26.242069055118392 ], [ 89.293799064554747, 26.241951356851359 ], [ 89.292541054065524, 26.238672089467027 ], [ 89.291494451088596, 26.236861926307984 ], [ 89.290466512738845, 26.235363977570913 ], [ 89.289154437663612, 26.233226788914074 ], [ 89.288065920584899, 26.232018146349468 ], [ 89.287312696005742, 26.231221552479976 ], [ 89.288187040183146, 26.228732508267022 ], [ 89.289266381073531, 26.225999831191949 ], [ 89.289173026178062, 26.22594917129031 ], [ 89.288745408885944, 26.225003182556776 ], [ 89.288704297569311, 26.22460292001356 ], [ 89.288698411274794, 26.224213595290752 ], [ 89.28903577712687, 26.223642417584418 ], [ 89.289960495246504, 26.221505161939948 ], [ 89.291038037425636, 26.218988561026286 ], [ 89.291774506956742, 26.217624942509346 ], [ 89.292225573729155, 26.216682979861964 ], [ 89.292066752843482, 26.215283724968078 ], [ 89.292281574596231, 26.214452423883237 ], [ 89.292396857245294, 26.213541509106555 ], [ 89.292228919609585, 26.212748155178563 ], [ 89.291518687371081, 26.210541055175366 ], [ 89.290143125968399, 26.210426738429035 ], [ 89.290074579938562, 26.210371185893745 ], [ 89.289914754617541, 26.210040876751162 ], [ 89.289486317045913, 26.209433164192998 ], [ 89.28905951064435, 26.209395040767191 ], [ 89.289009595736957, 26.209389456664827 ], [ 89.28860178063772, 26.20898657025942 ], [ 89.289064599122923, 26.207723766302955 ], [ 89.289780002371828, 26.20560551655619 ], [ 89.289815303307009, 26.205299658756775 ], [ 89.290422223974886, 26.203371127062105 ], [ 89.290578791246162, 26.202112787550266 ], [ 89.290915199511872, 26.201305213808403 ], [ 89.291878352510295, 26.201465594080222 ], [ 89.292130039462563, 26.201393378419827 ], [ 89.292214966269583, 26.200541131312136 ], [ 89.292274796911272, 26.200090648069853 ], [ 89.29200184179534, 26.199415568422936 ], [ 89.290689581174959, 26.197565616113945 ], [ 89.289747403074273, 26.196222234598128 ], [ 89.288474072997317, 26.194972669581798 ], [ 89.286695529919982, 26.193919926436205 ], [ 89.285882219385456, 26.193389735160554 ], [ 89.284067782610109, 26.192376566885351 ], [ 89.282581719666197, 26.190961095119867 ], [ 89.282289485168519, 26.189610322018609 ], [ 89.282068360679801, 26.188353874730645 ], [ 89.282422687951467, 26.186767597093322 ], [ 89.283225829932505, 26.184353612659347 ], [ 89.283737634199809, 26.181783586961132 ], [ 89.283619292390895, 26.181505128736287 ], [ 89.283664273906098, 26.180694215702509 ], [ 89.283818516880089, 26.179234629907448 ], [ 89.28431093059082, 26.178970183887039 ], [ 89.285750951484488, 26.178571013910762 ], [ 89.287091873917092, 26.178438135768356 ], [ 89.2881854313095, 26.178347356628919 ], [ 89.288897849979975, 26.178629742353017 ], [ 89.290449669446303, 26.178583002786894 ], [ 89.292515961517836, 26.178460674836575 ], [ 89.294091398489556, 26.178456001276995 ], [ 89.297480744350821, 26.1785227227405 ], [ 89.298165601189609, 26.178453501740776 ], [ 89.298193643582934, 26.178623271187828 ], [ 89.302228958865726, 26.178525748723757 ], [ 89.304214364524626, 26.178361427157583 ], [ 89.306630665438874, 26.178527027937243 ], [ 89.309589473422619, 26.179640244380121 ], [ 89.311946578204584, 26.179814061612547 ], [ 89.312120941528178, 26.179925294224731 ], [ 89.313316126302823, 26.179443703659572 ], [ 89.313317782085889, 26.179443519995793 ], [ 89.316326907012154, 26.178043823396557 ], [ 89.316502076892334, 26.177962344537189 ], [ 89.312539911417034, 26.177875791559977 ], [ 89.312358964183616, 26.177867392611358 ], [ 89.312313617997418, 26.177865287601982 ], [ 89.311449997257924, 26.177825197968744 ], [ 89.309016370502079, 26.177161485420484 ], [ 89.295172986561298, 26.171270769963073 ], [ 89.289585161195618, 26.168665322788225 ], [ 89.288911266146172, 26.168388727803759 ], [ 89.288352999509769, 26.168551929057088 ], [ 89.288078960385818, 26.168794198808573 ], [ 89.287811689144021, 26.168768204005168 ], [ 89.287697722843077, 26.168652574313096 ], [ 89.287775960704536, 26.167181199292898 ], [ 89.287569516698881, 26.166920413987061 ], [ 89.287253249874368, 26.166456084329543 ], [ 89.286543521579716, 26.165744672416775 ], [ 89.28633307492926, 26.165724846469566 ], [ 89.286111360970267, 26.165819256466584 ], [ 89.285991537022326, 26.166126934785389 ], [ 89.285957408805615, 26.166471199245684 ], [ 89.285677234152843, 26.166847354688247 ], [ 89.285366653149694, 26.166850542859269 ], [ 89.285196725835959, 26.16672450818854 ], [ 89.285126516732575, 26.166194571980139 ], [ 89.285179234341342, 26.16584852684468 ], [ 89.285533847640096, 26.165266974392239 ], [ 89.285802414313991, 26.164825415524639 ], [ 89.285796602463833, 26.164472988523336 ], [ 89.284674852284425, 26.163012204368009 ], [ 89.282905571113233, 26.16069949037778 ], [ 89.281774564304584, 26.158583665690653 ], [ 89.280999723353503, 26.15680482371269 ], [ 89.279604058637261, 26.154605650978556 ], [ 89.279241161719668, 26.153989523743988 ], [ 89.278599139698457, 26.153616331860079 ], [ 89.278232238256223, 26.15351045835224 ], [ 89.278127466855722, 26.153526614622134 ], [ 89.278005155389195, 26.153604625126039 ], [ 89.277986141542314, 26.153718017222317 ], [ 89.277971449559232, 26.153805914920319 ], [ 89.277988773129508, 26.153915438675753 ], [ 89.278008100188259, 26.15403764282156 ], [ 89.278361614450844, 26.154606216199134 ], [ 89.278868241168638, 26.155187416990575 ], [ 89.279582741566969, 26.15593788791417 ], [ 89.279579338842552, 26.156137727815658 ], [ 89.279457517619889, 26.156322658708451 ], [ 89.279335055924051, 26.15656920793446 ], [ 89.280145150513562, 26.158306679662086 ], [ 89.280952094361496, 26.15944394877592 ], [ 89.281298650746251, 26.160109717003351 ], [ 89.281324595691586, 26.16044025016366 ], [ 89.281249156564073, 26.160634867943301 ], [ 89.281063854654434, 26.160621030509702 ], [ 89.280858759073425, 26.160543632058715 ], [ 89.280432329574694, 26.159919835801173 ], [ 89.279516042084879, 26.158700871343775 ], [ 89.27940741619345, 26.158442598107492 ], [ 89.279298438758744, 26.158060776241122 ], [ 89.279220557713387, 26.157677679353725 ], [ 89.279092111871009, 26.157264143851506 ], [ 89.278878549409555, 26.156651007235887 ], [ 89.278505499080211, 26.155885126699637 ], [ 89.277716534243623, 26.154783520391177 ], [ 89.277080159784589, 26.154155050745711 ], [ 89.276920635547015, 26.154001399710886 ], [ 89.276865888518401, 26.15379991345263 ], [ 89.276946892488255, 26.152634552515565 ], [ 89.276947650565958, 26.151719004279855 ], [ 89.276895644828755, 26.151269376786534 ], [ 89.276790197423153, 26.15114535206715 ], [ 89.276526319471785, 26.151005691789525 ], [ 89.275944948208547, 26.150834921444392 ], [ 89.275362952912886, 26.150617530269201 ], [ 89.274957711193792, 26.150384145113271 ], [ 89.27471243313498, 26.150103581460549 ], [ 89.27448508551457, 26.149822864918285 ], [ 89.274292009329585, 26.149527040653631 ], [ 89.274284937044513, 26.149173192062992 ], [ 89.274263544558593, 26.148973768630931 ], [ 89.274295726325676, 26.14880518310888 ], [ 89.274418968200607, 26.148789950121486 ], [ 89.274684882804806, 26.14886723397224 ], [ 89.274844716469076, 26.14894457434038 ], [ 89.275162579324643, 26.148944563359102 ], [ 89.275586168663338, 26.148882049287387 ], [ 89.275762633396837, 26.14883511826611 ], [ 89.276042777458699, 26.148537735278737 ], [ 89.276292409429857, 26.148693745702676 ], [ 89.276364555549833, 26.148849902238325 ], [ 89.276860144804232, 26.148786771326257 ], [ 89.28111781711354, 26.144854995036603 ], [ 89.286143226012527, 26.140229943345101 ], [ 89.29240380080175, 26.134741673760637 ], [ 89.293536930966525, 26.133678165913185 ], [ 89.29286894194459, 26.133492038490779 ], [ 89.290756484801079, 26.133275260474463 ], [ 89.290906180292907, 26.132855159552836 ], [ 89.291278217244766, 26.132667693495534 ], [ 89.291724595701439, 26.132678301264704 ], [ 89.293820259352941, 26.131608564346305 ], [ 89.296051205506856, 26.130912173114545 ], [ 89.29953534258965, 26.128568996725367 ], [ 89.301530816702126, 26.127664229846058 ], [ 89.302736782058474, 26.127274367827816 ], [ 89.303166488947781, 26.127219137633698 ], [ 89.303006891528582, 26.124332817649019 ], [ 89.303024926385618, 26.122637800660357 ], [ 89.302636010181558, 26.122487829365383 ], [ 89.302335544528233, 26.122387590329833 ], [ 89.301594324217589, 26.122441420363412 ], [ 89.30026869438467, 26.122488970176548 ], [ 89.29951969115649, 26.122587186192906 ], [ 89.298927971890421, 26.12234130103613 ], [ 89.298557653366885, 26.121978602039803 ], [ 89.298315661819629, 26.121591154696002 ], [ 89.298352532114095, 26.120884950537441 ], [ 89.298202580469876, 26.120130119177624 ], [ 89.29792720391066, 26.119817156108475 ], [ 89.297335178141623, 26.119705665831216 ], [ 89.297012555651008, 26.119504759665695 ], [ 89.296966289639428, 26.119220034363131 ], [ 89.297007991591641, 26.11870913854619 ], [ 89.296884181879363, 26.117494306831588 ], [ 89.297013567703473, 26.116281831429564 ], [ 89.297187170556356, 26.116240756363666 ], [ 89.297555670208538, 26.116145137992991 ], [ 89.298014914076717, 26.116098973938669 ], [ 89.298457720043146, 26.11590343673209 ], [ 89.298678025872391, 26.115671109411906 ], [ 89.298725584056854, 26.115149714716299 ], [ 89.298924447475628, 26.114733626978687 ], [ 89.29927264595581, 26.114584239238415 ], [ 89.299477035199999, 26.114536632470212 ], [ 89.299611008287343, 26.114161826490673 ], [ 89.299735780589984, 26.11351718731747 ], [ 89.299492968714262, 26.112680545467214 ], [ 89.299450798952236, 26.111956720235781 ], [ 89.299276893466072, 26.111475336961913 ], [ 89.298952188133796, 26.110924416091802 ], [ 89.29802233002593, 26.110285327361293 ], [ 89.297559335762173, 26.109833178755828 ], [ 89.297428942090548, 26.109517327729709 ], [ 89.297421156178288, 26.108491565530798 ], [ 89.297380867044907, 26.107093338423425 ], [ 89.29765236674109, 26.107050575765182 ], [ 89.298138669473602, 26.107164838690426 ], [ 89.298539923901302, 26.107578779376823 ], [ 89.298587091710559, 26.107838429821609 ], [ 89.299020348248902, 26.108187670141675 ], [ 89.29948779887421, 26.108473556825963 ], [ 89.299981407170378, 26.108592298524673 ], [ 89.300209648090814, 26.108802357461506 ], [ 89.300157918815657, 26.109107352453918 ], [ 89.300143451196959, 26.10935198403919 ], [ 89.300171418950271, 26.109570779625074 ], [ 89.300292925462472, 26.109873637913299 ], [ 89.300769296181201, 26.110558522034317 ], [ 89.301160058695984, 26.110844229656788 ], [ 89.301506837740604, 26.110868548567801 ], [ 89.30201193068352, 26.110754294408938 ], [ 89.302614898312228, 26.11045575912248 ], [ 89.302954476420183, 26.110359364448112 ], [ 89.30335865791082, 26.110109605198552 ], [ 89.303818646277392, 26.109883995108458 ], [ 89.304064566980401, 26.109591482409076 ], [ 89.304426444932531, 26.109045881203468 ], [ 89.304692522632422, 26.108688259549705 ], [ 89.304867964252196, 26.108459763987753 ], [ 89.305137389712527, 26.108408213548657 ], [ 89.305647956961977, 26.108341483107715 ], [ 89.306100566672725, 26.108313122940356 ], [ 89.306465592482169, 26.108384262520776 ], [ 89.306683785982756, 26.108676875197865 ], [ 89.307082193961108, 26.108929820591761 ], [ 89.30759844034894, 26.108939806707902 ], [ 89.308663871219466, 26.10891281650159 ], [ 89.310630540885725, 26.109436343531513 ], [ 89.311251358820371, 26.109612650133023 ], [ 89.311935980725593, 26.10959361812807 ], [ 89.312280702141265, 26.109619296119497 ], [ 89.312609766016834, 26.109328148931134 ], [ 89.313021397712276, 26.108721381091406 ], [ 89.313289015930494, 26.107599489059726 ], [ 89.313800819008108, 26.107219032731884 ], [ 89.314055139465651, 26.107195152188453 ], [ 89.314491952031844, 26.106922669063803 ], [ 89.314710931544454, 26.106472055851111 ], [ 89.314965525915241, 26.105985317468772 ], [ 89.315290704760912, 26.105923259289167 ], [ 89.315399277628543, 26.105748065712984 ], [ 89.315399846242329, 26.105416712421402 ], [ 89.315149380826057, 26.104808680231717 ], [ 89.314971076374135, 26.104426062157675 ], [ 89.314972875587145, 26.103994275700291 ], [ 89.315225764152416, 26.103507342422709 ], [ 89.315406632672278, 26.103026479840015 ], [ 89.315408060086469, 26.102660454141539 ], [ 89.315016234164929, 26.102427392167044 ], [ 89.314338034872748, 26.102551998670773 ], [ 89.313979883596687, 26.10281627126848 ], [ 89.313442597816831, 26.103229798558509 ], [ 89.312733602907429, 26.103325186526071 ], [ 89.312005326413072, 26.102987512054309 ], [ 89.31170008326859, 26.102612984587562 ], [ 89.311463255154536, 26.102265601903309 ], [ 89.310950873704797, 26.102143104981732 ], [ 89.310409205087495, 26.101989888086742 ], [ 89.30975913355924, 26.101111788443095 ], [ 89.309514573961437, 26.10059911009008 ], [ 89.308853850702604, 26.10003151887177 ], [ 89.308818686203182, 26.099991344052899 ], [ 89.30879912332972, 26.099968993248741 ], [ 89.308792606821839, 26.099961548925538 ], [ 89.307755389997297, 26.100475178841968 ], [ 89.30733263438492, 26.100868225147249 ], [ 89.306832847424502, 26.101332884397518 ], [ 89.306755902884277, 26.102103026369885 ], [ 89.306620462014578, 26.103287217411026 ], [ 89.306560824062885, 26.104291100749322 ], [ 89.306092639088604, 26.10469259938197 ], [ 89.305657787490716, 26.104771193441319 ], [ 89.305256271896226, 26.104526883010536 ], [ 89.304524839718766, 26.103643105916156 ], [ 89.304217733958154, 26.102143620134939 ], [ 89.303654051668929, 26.101093901081526 ], [ 89.303470168365749, 26.100993329965299 ], [ 89.302958328084571, 26.1006506823751 ], [ 89.302429615545663, 26.100409805498796 ], [ 89.302279632782614, 26.100341473674458 ], [ 89.301733447862375, 26.100065916567001 ], [ 89.301303621908275, 26.100071492591454 ], [ 89.300817752318551, 26.100253713973668 ], [ 89.300437118680222, 26.100305813558087 ], [ 89.300243704475761, 26.100228544461306 ], [ 89.300081041832726, 26.100009611554039 ], [ 89.300061718226289, 26.099718641760745 ], [ 89.300179482110195, 26.099291779324513 ], [ 89.300215546112369, 26.09886411569725 ], [ 89.30013395129707, 26.098477553925463 ], [ 89.299817430290901, 26.098305262811291 ], [ 89.299419059747621, 26.098243918786554 ], [ 89.299098489940832, 26.098067325062367 ], [ 89.298982133603474, 26.097647883579018 ], [ 89.298889317711925, 26.09724868296626 ], [ 89.298715143087293, 26.096830867032256 ], [ 89.298568572290677, 26.096735436000053 ], [ 89.298029129383877, 26.096805790635177 ], [ 89.297591415491709, 26.096893871391256 ], [ 89.297235677738755, 26.096925936256827 ], [ 89.297005329444843, 26.096866500863211 ], [ 89.296880914739006, 26.096622822589154 ], [ 89.296821200814222, 26.096194151528252 ], [ 89.296784083475217, 26.095775528367657 ], [ 89.296783207612435, 26.095765641606153 ], [ 89.296776264360389, 26.095760349690238 ], [ 89.296669800017568, 26.095679195519409 ], [ 89.296322133822372, 26.095520868661836 ], [ 89.296058811763444, 26.095688784256289 ], [ 89.295961401403446, 26.095750900447463 ], [ 89.295737445594511, 26.096470849040195 ], [ 89.295421254102138, 26.09788476832647 ], [ 89.295122172477164, 26.098820826453434 ], [ 89.294392140469284, 26.099357793154283 ], [ 89.294021995987393, 26.099363683562153 ], [ 89.293896478387907, 26.099332784598733 ], [ 89.293384202912833, 26.099206675769953 ], [ 89.292830866460733, 26.098837047395477 ], [ 89.292231968374566, 26.098436979545497 ], [ 89.291310760827244, 26.098199771216919 ], [ 89.291162525173419, 26.098161599948725 ], [ 89.290597051652142, 26.098038624930499 ], [ 89.290208625767576, 26.098015902231381 ], [ 89.289630417685188, 26.097920090475519 ], [ 89.28923164997299, 26.097916008634304 ], [ 89.288774946728566, 26.097465086239513 ], [ 89.288017474455273, 26.096593568918511 ], [ 89.287669594609042, 26.096384174312156 ], [ 89.287299923254579, 26.096413918602103 ], [ 89.28634726969193, 26.096519092407892 ], [ 89.285531803882563, 26.0966091150339 ], [ 89.285182256394222, 26.096440266066388 ], [ 89.284721020680351, 26.095714543784368 ], [ 89.284315633288202, 26.09526725656222 ], [ 89.284022495108957, 26.095152502880222 ], [ 89.283813308388957, 26.095275214206648 ], [ 89.283659317546679, 26.095516447812987 ], [ 89.283537792669847, 26.096067601812884 ], [ 89.283343674373597, 26.096719974508023 ], [ 89.283024790343276, 26.096887629906568 ], [ 89.282524313325808, 26.096991072689562 ], [ 89.281758059229588, 26.097027080928296 ], [ 89.278955218391019, 26.097068013522669 ], [ 89.278876348254087, 26.097069409113072 ], [ 89.278850076859982, 26.097069874005474 ], [ 89.278674540534951, 26.097072980591619 ], [ 89.278287011218765, 26.097063172539389 ], [ 89.278260562400462, 26.097046026285827 ], [ 89.278330252425633, 26.096519642451231 ], [ 89.278236131411504, 26.095756983504607 ], [ 89.277859518826389, 26.095428619271065 ], [ 89.277516282844573, 26.095457921658827 ], [ 89.277108530961911, 26.096252388819629 ], [ 89.27645912781135, 26.096859633211722 ], [ 89.276015217743975, 26.097153197184422 ], [ 89.274875932519976, 26.096758695318385 ], [ 89.274440090493755, 26.096390026789752 ], [ 89.274062263506522, 26.096021734187339 ], [ 89.274056269499042, 26.095942594264425 ], [ 89.274027349343498, 26.095560750938855 ], [ 89.273728215094238, 26.095135635233294 ], [ 89.273327485730775, 26.094927036924538 ], [ 89.27271433017215, 26.094674027382059 ], [ 89.272365557669644, 26.094416848642105 ], [ 89.272358635999296, 26.094058762854932 ], [ 89.272585041017138, 26.093458203140372 ], [ 89.272571658523702, 26.092765904489397 ], [ 89.272513245441942, 26.092480268998667 ], [ 89.271437749953861, 26.091565908319684 ], [ 89.270637708184026, 26.091220313410322 ], [ 89.269227307883597, 26.090764922558073 ], [ 89.268484775644581, 26.090530631593811 ], [ 89.268486820781092, 26.090499555728179 ], [ 89.268502374774428, 26.090263201715736 ], [ 89.268297681735561, 26.089575033350613 ], [ 89.268283806777461, 26.089602446875887 ], [ 89.267385535002219, 26.090332964303013 ], [ 89.266677940602278, 26.090666464535829 ], [ 89.266165171370815, 26.090817802749871 ], [ 89.26501721217771, 26.090943297008202 ], [ 89.26426374332442, 26.090955130186536 ], [ 89.262596110981008, 26.09087384801202 ], [ 89.261446077924518, 26.090891888260138 ], [ 89.260374900382814, 26.090630565275003 ], [ 89.259652595600173, 26.090454347581254 ], [ 89.25826118838485, 26.090297045762057 ], [ 89.255764906005879, 26.090443576313881 ], [ 89.254379679291006, 26.090608517652985 ], [ 89.253513415347001, 26.090944436481102 ], [ 89.252535035191883, 26.091640298850862 ], [ 89.252151499639666, 26.09232686554849 ], [ 89.25216659096651, 26.093114664384935 ], [ 89.252230945420038, 26.094403171316003 ], [ 89.252254271628559, 26.095620679464535 ], [ 89.25223931256798, 26.096910424868316 ], [ 89.251910512875639, 26.098384170511366 ], [ 89.25142512610347, 26.099967821486068 ], [ 89.251231442183453, 26.100469045596057 ], [ 89.251160540495704, 26.100652528822906 ], [ 89.250736625044766, 26.101303903295012 ], [ 89.250190296508876, 26.101778089469363 ], [ 89.249250785355287, 26.102437507193851 ], [ 89.247763338532181, 26.10308828245649 ], [ 89.247720522132894, 26.10309379493993 ], [ 89.24702759952136, 26.103164297454018 ], [ 89.246070838994086, 26.103268756793238 ], [ 89.245246280608995, 26.103371151699029 ], [ 89.243910906199375, 26.103503794469685 ], [ 89.243185216745644, 26.103679649284857 ], [ 89.24289298883032, 26.103750463197699 ], [ 89.242213727803275, 26.104190869122704 ], [ 89.241393119114534, 26.10554090759398 ], [ 89.240886148583883, 26.106695026144887 ], [ 89.240482204828638, 26.107704263406401 ], [ 89.240385543083363, 26.108183363879615 ], [ 89.239868675156941, 26.109668016965063 ], [ 89.238839490107438, 26.111042295033052 ], [ 89.237446055387011, 26.112526581042722 ], [ 89.236412203878572, 26.113796325535553 ], [ 89.23549691566771, 26.114347826010391 ], [ 89.234704184857875, 26.114389970971477 ], [ 89.23358091011508, 26.114437235115521 ], [ 89.232897551359812, 26.115014974057353 ], [ 89.232481457449524, 26.115737820741504 ], [ 89.231854957513718, 26.11756837460636 ], [ 89.231517435925866, 26.118946701207623 ], [ 89.23109449395875, 26.12004052976468 ], [ 89.231076203044367, 26.120087833982648 ], [ 89.230328954469556, 26.120785951881686 ], [ 89.228489141281557, 26.12141141961018 ], [ 89.225562402251043, 26.122262607688608 ], [ 89.22279751032454, 26.122932141658712 ], [ 89.219282423978669, 26.124150483197006 ], [ 89.21749620431946, 26.12411828645952 ], [ 89.216427512606799, 26.123619835779429 ], [ 89.216195141128026, 26.123511453003413 ], [ 89.214734996545388, 26.123235403782626 ], [ 89.213883390201232, 26.123666394934517 ], [ 89.212658146470716, 26.125326978046957 ], [ 89.211224964928078, 26.126483290012928 ], [ 89.210935455318662, 26.126616733866886 ], [ 89.209828980804986, 26.126806476063855 ], [ 89.20824690152044, 26.127081477338692 ], [ 89.206859123930073, 26.127138562834862 ], [ 89.205113641612513, 26.127165290890876 ], [ 89.204060755931437, 26.126953459352826 ], [ 89.202962717991696, 26.126732533851477 ], [ 89.201646805977887, 26.126531757757949 ], [ 89.201152269396232, 26.126539314563935 ], [ 89.200596889575323, 26.126547799065996 ], [ 89.200093954671544, 26.1265315996888 ], [ 89.199218530446942, 26.126401684628608 ], [ 89.198607128222349, 26.12624385427743 ], [ 89.197913258070187, 26.125920117925183 ], [ 89.197218497932155, 26.125548630772318 ], [ 89.196599954431932, 26.125008815504831 ], [ 89.196083182201235, 26.124252523521228 ], [ 89.195820918814533, 26.123810677005292 ], [ 89.195654717061231, 26.123549808073463 ], [ 89.195414023349315, 26.123410193283664 ], [ 89.19522787723821, 26.123357314444291 ], [ 89.194887445871245, 26.123260606223305 ], [ 89.194427017053599, 26.123253291476676 ], [ 89.193697106670129, 26.123264406737466 ], [ 89.193034410981753, 26.123475089844543 ], [ 89.192214106814333, 26.123745481865697 ], [ 89.19160007795459, 26.124012730878444 ], [ 89.191223529946342, 26.124247710268353 ], [ 89.191190116104409, 26.124276446127716 ], [ 89.190900257919921, 26.12436307955878 ], [ 89.186369800879135, 26.126552482301552 ], [ 89.18316359426187, 26.128263183712068 ], [ 89.181431428958945, 26.129243415731132 ], [ 89.179833533511811, 26.13014763104551 ], [ 89.176559401074726, 26.131629968455009 ], [ 89.17335156165116, 26.132216276016493 ], [ 89.17083686551436, 26.132158324813535 ], [ 89.168456501680083, 26.132194178440511 ], [ 89.166909263530854, 26.132217462227285 ], [ 89.165361361784434, 26.132204918083097 ], [ 89.163870422481622, 26.132227322881104 ], [ 89.163614727749916, 26.132274049481733 ], [ 89.163065905903665, 26.13264050151335 ], [ 89.162484007395847, 26.133365657798404 ], [ 89.161983427001033, 26.134197053639937 ], [ 89.161256668460268, 26.135676619654717 ], [ 89.160897316367084, 26.136419922956048 ], [ 89.159796979209204, 26.137009562528092 ], [ 89.159051068227186, 26.137450597851771 ], [ 89.158155672310954, 26.13839536330962 ], [ 89.157618659194696, 26.139406396918037 ], [ 89.157285284426166, 26.140700946779067 ], [ 89.157187327170789, 26.141848686096338 ], [ 89.157131021473674, 26.143103263633741 ], [ 89.15659858937407, 26.144364972507105 ], [ 89.155933949531899, 26.144912240071861 ], [ 89.155698754043314, 26.145109759678867 ], [ 89.15515224528572, 26.145568719284149 ], [ 89.154252812788002, 26.146298598755063 ], [ 89.153002840188805, 26.147391924463111 ], [ 89.151992887267255, 26.148589117327035 ], [ 89.151570216874916, 26.149347675586746 ], [ 89.151361048663759, 26.150926926140013 ], [ 89.151309282437396, 26.152432182483984 ], [ 89.151489431152996, 26.155760844814925 ], [ 89.151038881906274, 26.157164597582646 ], [ 89.150826414440061, 26.158564791975667 ], [ 89.150894144508925, 26.158903780702047 ], [ 89.151176072373943, 26.160314795371502 ], [ 89.151601163985276, 26.161848743987459 ], [ 89.152062008082652, 26.163167229679825 ], [ 89.152057630818291, 26.164048550934737 ], [ 89.152045110115139, 26.166570473493209 ], [ 89.151990938968297, 26.16780086280421 ], [ 89.151740190299236, 26.168700409939419 ], [ 89.15104294195136, 26.169642178646011 ], [ 89.149865506423538, 26.17037619301383 ], [ 89.148240448550084, 26.17041264174172 ], [ 89.147106187763896, 26.170283659323946 ], [ 89.14703193234368, 26.170275215312888 ], [ 89.14454143136463, 26.170121307471025 ], [ 89.143380795582075, 26.170329645313355 ], [ 89.142971447767636, 26.171099924374769 ], [ 89.142965282527825, 26.172525411318279 ], [ 89.14277555887584, 26.173123149904949 ], [ 89.142550534177772, 26.173842921442109 ], [ 89.14231961207166, 26.174240392066192 ], [ 89.141770531851535, 26.174606777229005 ], [ 89.141063351151146, 26.175011333727994 ], [ 89.140237100779999, 26.175417658184895 ], [ 89.139728350017748, 26.175819257605273 ], [ 89.139310745861408, 26.176864279427068 ], [ 89.139008931247616, 26.177728472329871 ], [ 89.138541817528491, 26.178236912580005 ], [ 89.137595813706881, 26.178609181719036 ], [ 89.13688728719562, 26.178942098079258 ], [ 89.136303049813151, 26.179559733080104 ], [ 89.136245879226806, 26.18077850043095 ], [ 89.137270806711271, 26.182554332146566 ], [ 89.138882632359966, 26.183855755757271 ], [ 89.139629133417429, 26.185599885296696 ], [ 89.140216235472451, 26.187310560946777 ], [ 89.140487124765997, 26.189097581274876 ], [ 89.141122468224765, 26.191273205693001 ], [ 89.142320112021025, 26.193798660174934 ], [ 89.142994560862633, 26.19593786926195 ], [ 89.14317104755186, 26.196902405098815 ], [ 89.14326421050113, 26.197653256304751 ], [ 89.143671662034436, 26.198220317400132 ], [ 89.144513803789948, 26.198673432586801 ], [ 89.145432717509919, 26.19898211277193 ], [ 89.146133292178817, 26.199347240756801 ], [ 89.146234518678227, 26.199399997880477 ], [ 89.146878196804693, 26.199856059624288 ], [ 89.147494671335068, 26.200993121996934 ], [ 89.147917274308995, 26.202383822501048 ], [ 89.148777220523797, 26.203803807343689 ], [ 89.150150627944001, 26.205072822586331 ], [ 89.150222602831334, 26.205143884009118 ], [ 89.150464332039164, 26.205577085065269 ], [ 89.150923566271217, 26.206977933628806 ], [ 89.150883050012268, 26.208487374066774 ], [ 89.150493099695765, 26.209302017733474 ], [ 89.150435832384915, 26.209404247425763 ], [ 89.147764671628721, 26.210896606606255 ], [ 89.147280950065465, 26.21117591686215 ], [ 89.146290645180756, 26.211490205306713 ], [ 89.145546195545492, 26.21203863235316 ], [ 89.1449657952991, 26.212871174110536 ], [ 89.144623593533851, 26.213700160770287 ], [ 89.144118598291683, 26.215823550720916 ], [ 89.144033681357385, 26.216180601055466 ], [ 89.144020244187672, 26.21761363546312 ], [ 89.144009435785279, 26.219189913508441 ], [ 89.143639984034039, 26.220699900944485 ], [ 89.142909906888946, 26.222036160633802 ], [ 89.142706472379373, 26.223937699260162 ], [ 89.142627527710616, 26.224724913410281 ], [ 89.142404267465068, 26.226951156141713 ], [ 89.142375403197377, 26.229709789687202 ], [ 89.142446622999273, 26.231428127038754 ], [ 89.14255821251875, 26.233181682102266 ], [ 89.142622873798558, 26.234541908097128 ], [ 89.142557248478411, 26.235295124386983 ], [ 89.142102876425312, 26.235665817663371 ], [ 89.142012011285615, 26.235662683251064 ], [ 89.14060513215648, 26.236011951422931 ], [ 89.140069602721454, 26.236211487811246 ], [ 89.139713774339754, 26.2364460423479 ], [ 89.139467681824286, 26.236889109838 ], [ 89.139431971506525, 26.237252626623523 ], [ 89.139374913906551, 26.237727921552899 ], [ 89.139358450834791, 26.23786506319912 ], [ 89.139340928335585, 26.239221740093193 ], [ 89.139329543449307, 26.239756834090045 ], [ 89.139337438615172, 26.240187922050772 ], [ 89.138986371413509, 26.240971880948468 ], [ 89.13886017028473, 26.24103641857608 ], [ 89.137750899941494, 26.241196216306818 ], [ 89.136744899850015, 26.241211186144582 ], [ 89.135633004671348, 26.241227723561163 ], [ 89.13558064832003, 26.241245469491858 ], [ 89.134896103960642, 26.241477484855853 ], [ 89.133951771899362, 26.241969130680978 ], [ 89.133484835357919, 26.242501440288819 ], [ 89.133290484649109, 26.243459551557418 ], [ 89.132887824643291, 26.244611800228292 ], [ 89.132477310405221, 26.245334314725532 ], [ 89.132015584815235, 26.246153110420696 ], [ 89.131335952131408, 26.246640811025195 ], [ 89.129595566747625, 26.247048720184456 ], [ 89.127744046044853, 26.247171687501694 ], [ 89.126213699664419, 26.24748092214492 ], [ 89.125013214151735, 26.248453918602657 ], [ 89.124655671905401, 26.249154862913439 ], [ 89.124642134492177, 26.249163888583546 ], [ 89.124254119873399, 26.249671122902026 ], [ 89.123752822405251, 26.25050242059412 ], [ 89.123593110816358, 26.250977055706159 ], [ 89.123779589426462, 26.252541672266478 ], [ 89.123780806847535, 26.252559404285389 ], [ 89.123959751570993, 26.25516587972297 ], [ 89.123947255556359, 26.257631022550747 ], [ 89.124094584995007, 26.259422042528367 ], [ 89.12412152499185, 26.260902242381682 ], [ 89.12305026039823, 26.263162870410802 ], [ 89.121699402445714, 26.264615682237661 ], [ 89.119408255173681, 26.266798790242248 ], [ 89.117051930930771, 26.268314167303394 ], [ 89.114594815402228, 26.270117561021674 ], [ 89.113342774933045, 26.271186754241821 ], [ 89.112293050356456, 26.271727584515478 ], [ 89.110975910425523, 26.272129056388195 ], [ 89.109978264476993, 26.27262134278773 ], [ 89.109309611102518, 26.273729685512329 ], [ 89.10916626330777, 26.274591498998099 ], [ 89.109133160492306, 26.275690499441254 ], [ 89.109146976725143, 26.276454479392164 ], [ 89.109264995068074, 26.277121405155988 ], [ 89.109278813048832, 26.277885385792004 ], [ 89.109285722238852, 26.278267375625813 ], [ 89.109163284871869, 26.27861743554752 ], [ 89.109021556388726, 26.278918028008523 ], [ 89.10885157845334, 26.27921019210595 ], [ 89.108828872466987, 26.279249220193325 ], [ 89.108698077397761, 26.279340695246347 ], [ 89.108141791377136, 26.279707080767817 ], [ 89.107778730988983, 26.279772116541753 ], [ 89.107210575393864, 26.27948195241153 ], [ 89.106938736730001, 26.279097882189149 ], [ 89.106697307651302, 26.278564110135104 ], [ 89.106127005650791, 26.278154569866707 ], [ 89.105495349533712, 26.278014585193795 ], [ 89.104736129454778, 26.278145127621059 ], [ 89.1042460430467, 26.278510526402375 ], [ 89.103857416730378, 26.278993840819986 ], [ 89.103807853007808, 26.279614438599978 ], [ 89.105023289982938, 26.280910053452292 ], [ 89.105576667037923, 26.282215375295902 ], [ 89.105867375281917, 26.28364395288683 ], [ 89.105958382383562, 26.285015759134758 ], [ 89.105976712085763, 26.286030420804835 ], [ 89.106126386537312, 26.286983453097509 ], [ 89.106734155744164, 26.287631248035662 ], [ 89.10768054745094, 26.28869197858269 ], [ 89.107831321102765, 26.289704692728122 ], [ 89.107844273794484, 26.290420923815518 ], [ 89.106936707189661, 26.291508889051119 ], [ 89.105690502510583, 26.292183909193191 ], [ 89.105307232186206, 26.292965658150901 ], [ 89.105075794957926, 26.29481981064059 ], [ 89.105774627336132, 26.296839411989609 ], [ 89.106475643529407, 26.298978379757969 ], [ 89.105836116171531, 26.30024150829162 ], [ 89.105110941647197, 26.30043126077965 ], [ 89.103001623018272, 26.300999525927296 ], [ 89.102092857763168, 26.302027780647041 ], [ 89.101911428077329, 26.302985669517096 ], [ 89.102002420797078, 26.304357476728409 ], [ 89.102753484105094, 26.305600201322502 ], [ 89.103647791489976, 26.307437837052813 ], [ 89.104269682531395, 26.308861551978637 ], [ 89.104682127212172, 26.309691321959964 ], [ 89.105029433088831, 26.310581747657949 ], [ 89.105584055202925, 26.311946740855493 ], [ 89.106389560718441, 26.312531924290077 ], [ 89.107120206029748, 26.312640590045696 ], [ 89.10771299926337, 26.312452770744386 ], [ 89.108284585150344, 26.311488802364064 ], [ 89.108355805860697, 26.311368690185009 ], [ 89.109197273910112, 26.310281683647407 ], [ 89.11031335771321, 26.309727945990023 ], [ 89.110816105271795, 26.308228006234728 ], [ 89.110723921000144, 26.306796525189821 ], [ 89.11056443702941, 26.305306333676093 ], [ 89.110807691766013, 26.304108721525012 ], [ 89.111516648616046, 26.30302365532307 ], [ 89.112435074185314, 26.302532515442294 ] ] ] } },
{ "type": "Feature", "properties": { "BLOCK_NAME": "Tufanganj-I", "SUBDIV_NAM": "Tufanganj", "DIST_NAME": "Cooch Behar", "AREA_SQKM": 322.016 }, "geometry": { "type": "Polygon", "coordinates": [ [ [ 89.663268741122621, 26.434740454675097 ], [ 89.663879063357541, 26.434411518610037 ], [ 89.663925080838027, 26.434410676740544 ], [ 89.664549248878885, 26.434399248143944 ], [ 89.665156979941841, 26.435056062876871 ], [ 89.665847354092122, 26.436094022687403 ], [ 89.666301378749665, 26.436331891552484 ], [ 89.6667848482452, 26.436585184135872 ], [ 89.668378028251894, 26.436557068441008 ], [ 89.673995124042278, 26.435750015205475 ], [ 89.67651704259579, 26.435533398517226 ], [ 89.678117843114194, 26.435040586409283 ], [ 89.678577242382502, 26.434754074712917 ], [ 89.678627637461688, 26.434722644484538 ], [ 89.679142249156243, 26.433990267929875 ], [ 89.679221330090044, 26.433877723117607 ], [ 89.679954680723128, 26.43340447959185 ], [ 89.680016946188431, 26.433364064601079 ], [ 89.680376435748983, 26.433130733926141 ], [ 89.680105228448724, 26.432697460531674 ], [ 89.679546034351773, 26.432745700913156 ], [ 89.678895467178677, 26.43294486127963 ], [ 89.678622552949278, 26.432838793318684 ], [ 89.678724819205158, 26.431515820974745 ], [ 89.678572368877923, 26.430765868022302 ], [ 89.678720408028198, 26.430366760117025 ], [ 89.681153042682382, 26.429098948331013 ], [ 89.682980753064584, 26.428146359796933 ], [ 89.68371425227059, 26.427881030702537 ], [ 89.68340215350608, 26.426984586442323 ], [ 89.683371201015959, 26.426670473643963 ], [ 89.683594506582054, 26.426471199511063 ], [ 89.684083373181579, 26.426342128846692 ], [ 89.684441375007793, 26.426208339009033 ], [ 89.684441283629852, 26.426040161725318 ], [ 89.684122957940247, 26.424846591107237 ], [ 89.683885231568567, 26.424826307367418 ], [ 89.683579579305473, 26.424876338062354 ], [ 89.683392755182084, 26.424706328432364 ], [ 89.683333949159419, 26.424514649784442 ], [ 89.682953233419681, 26.424429806936772 ], [ 89.682877486433213, 26.424115372685197 ], [ 89.682879950993012, 26.422429894574897 ], [ 89.682809110966858, 26.421951852042003 ], [ 89.682533739092833, 26.420264335211641 ], [ 89.681810637647416, 26.417073421568212 ], [ 89.681763398520246, 26.416780021335811 ], [ 89.681963527653224, 26.41658672658243 ], [ 89.683943324047817, 26.416257342266103 ], [ 89.686030293647661, 26.416107869191595 ], [ 89.686953462265976, 26.416059827425638 ], [ 89.687190547592635, 26.416008604968013 ], [ 89.687149372466351, 26.415696063095417 ], [ 89.687318576488352, 26.414859900394319 ], [ 89.687213710789663, 26.413427130207715 ], [ 89.687479924222984, 26.412489030879648 ], [ 89.687474399198038, 26.412150853895337 ], [ 89.686749887998289, 26.412002771084623 ], [ 89.684644749182283, 26.412497257938814 ], [ 89.682916578087827, 26.413100845384637 ], [ 89.682730312739949, 26.413148673996844 ], [ 89.681657769966407, 26.413052024226104 ], [ 89.681372472781192, 26.41255148361644 ], [ 89.681270021574022, 26.411876633214522 ], [ 89.681308866586946, 26.411367439010885 ], [ 89.682093920047905, 26.410921834220922 ], [ 89.683067408062342, 26.410427716394366 ], [ 89.683002848344969, 26.409329323349912 ], [ 89.682035931041042, 26.405306541797124 ], [ 89.68151660462938, 26.405066896601703 ], [ 89.679925391454162, 26.404896728211369 ], [ 89.679293988726343, 26.403774617671338 ], [ 89.678874784204552, 26.403785292860313 ], [ 89.678451718822899, 26.402636703685214 ], [ 89.678328762742709, 26.402365825983289 ], [ 89.678300456095698, 26.402155822479749 ], [ 89.678118180315735, 26.402328926421298 ], [ 89.677818272395669, 26.402441857632244 ], [ 89.67762810915832, 26.402278023249277 ], [ 89.67759700777782, 26.401962605079941 ], [ 89.677427929037037, 26.401713911463499 ], [ 89.676800338748748, 26.40170877884804 ], [ 89.676404996270463, 26.401676819914876 ], [ 89.676210693862203, 26.401344360131823 ], [ 89.676019724511193, 26.401138342481737 ], [ 89.675624329727896, 26.401085052804827 ], [ 89.675228677931514, 26.401010534835262 ], [ 89.674858731697938, 26.401019594748654 ], [ 89.674656799056152, 26.400923200289327 ], [ 89.674478961277075, 26.400657760357877 ], [ 89.67439778714882, 26.400229426018043 ], [ 89.674184711516702, 26.400044711789427 ], [ 89.673699541953056, 26.400034935087834 ], [ 89.673512725752957, 26.399954879041559 ], [ 89.673777723084456, 26.399527097562387 ], [ 89.673837513938409, 26.399188405991964 ], [ 89.674080176722853, 26.398782309823801 ], [ 89.674329489628462, 26.398607911155942 ], [ 89.674324751591442, 26.398439428706808 ], [ 89.673989571430113, 26.398025671620079 ], [ 89.674100842467112, 26.39787563358534 ], [ 89.674663088732302, 26.397314896070085 ], [ 89.675028076398547, 26.397116652236321 ], [ 89.675430565215137, 26.396559621550011 ], [ 89.675910136354801, 26.396127941195594 ], [ 89.675858566949444, 26.395939799827339 ], [ 89.675214207015784, 26.39547043996668 ], [ 89.675190699896049, 26.394524681548514 ], [ 89.674815186254932, 26.394449179783951 ], [ 89.67481620015954, 26.393575837857924 ], [ 89.672729566171355, 26.39314094341956 ], [ 89.670369716437975, 26.39292703481987 ], [ 89.668890607694593, 26.392824917121654 ], [ 89.66832197197084, 26.392647421427743 ], [ 89.668016073313325, 26.392589053316893 ], [ 89.667579442254166, 26.392596933047614 ], [ 89.667662019086023, 26.393701095127351 ], [ 89.668174503937294, 26.393841034196974 ], [ 89.670657584135427, 26.394245142391583 ], [ 89.670937673619022, 26.394367348808601 ], [ 89.670991190277704, 26.394620505756869 ], [ 89.670717801423024, 26.396212921356742 ], [ 89.670404364821962, 26.398141834078174 ], [ 89.670215167334433, 26.399558453017466 ], [ 89.669017449186356, 26.399416089189277 ], [ 89.66835752918287, 26.398795612821988 ], [ 89.666488543021998, 26.397649420349744 ], [ 89.664181387323097, 26.397147390110131 ], [ 89.661511635422841, 26.396365628878904 ], [ 89.661068629263355, 26.396966981132739 ], [ 89.661038856925359, 26.39760081875756 ], [ 89.660380008396928, 26.398587961972439 ], [ 89.659524548318032, 26.399284225657567 ], [ 89.658560142994702, 26.399602528723531 ], [ 89.658531657654436, 26.398379265482411 ], [ 89.658403258319225, 26.394709258599367 ], [ 89.658674699227006, 26.392257534016895 ], [ 89.659184846756716, 26.392037169586992 ], [ 89.660121077007972, 26.392019673763421 ], [ 89.660290208002351, 26.391215460768699 ], [ 89.660750705237547, 26.390869601670772 ], [ 89.663350104668865, 26.390816017604241 ], [ 89.663929684568373, 26.390421855798166 ], [ 89.663966010634468, 26.389496529487271 ], [ 89.66404579701819, 26.38852776423267 ], [ 89.664493778091995, 26.388221967563378 ], [ 89.664855605960241, 26.388213166584709 ], [ 89.665023453640529, 26.386613240137088 ], [ 89.665155052538466, 26.386022380391314 ], [ 89.665013831424247, 26.385563119478366 ], [ 89.664492562451542, 26.384395580348009 ], [ 89.663956012324022, 26.383476904345191 ], [ 89.663517036928113, 26.382725281742225 ], [ 89.663411667470271, 26.382220776056762 ], [ 89.663399930224031, 26.381714542330911 ], [ 89.663396995684565, 26.381587982770299 ], [ 89.664100120539203, 26.381617225517317 ], [ 89.664660707358294, 26.381648758951073 ], [ 89.665307755410609, 26.381467310836076 ], [ 89.666037302374676, 26.380820016527039 ], [ 89.666627385119753, 26.380133392129636 ], [ 89.667218992241118, 26.37948902820737 ], [ 89.667592956885812, 26.379136307828905 ], [ 89.667904180067197, 26.3788429233988 ], [ 89.668341657842106, 26.377358236921381 ], [ 89.668233115432315, 26.376558960578031 ], [ 89.668268127772592, 26.375967780520114 ], [ 89.668542001016135, 26.375667278342998 ], [ 89.668534484023255, 26.375287808565645 ], [ 89.667315374575679, 26.375015728262124 ], [ 89.666829240123135, 26.374138934546099 ], [ 89.666631983897744, 26.373678525872577 ], [ 89.66589676168266, 26.373249168190274 ], [ 89.664500732065832, 26.3726209744346 ], [ 89.664379324994883, 26.372433345783996 ], [ 89.664630945600493, 26.372175529249731 ], [ 89.665744178599624, 26.371711888727457 ], [ 89.665830497519082, 26.371393838550613 ], [ 89.665627686348557, 26.37072251007114 ], [ 89.665750668842065, 26.368948180448939 ], [ 89.665937491633514, 26.367911047808111 ], [ 89.66597458164722, 26.36748846041726 ], [ 89.665086202369736, 26.367547130615751 ], [ 89.665127182964611, 26.367293233608127 ], [ 89.665670421300263, 26.366481559674696 ], [ 89.665423761669828, 26.3659376835658 ], [ 89.666210740043311, 26.365543376523316 ], [ 89.667187849431016, 26.365272088555891 ], [ 89.66749509294506, 26.364380423111072 ], [ 89.668751073363921, 26.364019548230551 ], [ 89.668970523972348, 26.36338264540435 ], [ 89.669318732983939, 26.362237106643182 ], [ 89.669680539795124, 26.36168193875617 ], [ 89.670084292713256, 26.360915059540808 ], [ 89.668802148582216, 26.360137426178415 ], [ 89.66858910766787, 26.360035932284056 ], [ 89.668582315931374, 26.359740763294777 ], [ 89.669068538646854, 26.358487266423396 ], [ 89.669445031756908, 26.357552217832719 ], [ 89.669416783972864, 26.357341831705675 ], [ 89.66943630839549, 26.357172738368384 ], [ 89.668958600615895, 26.356759825467556 ], [ 89.66866907358542, 26.356385588215211 ], [ 89.668660357393591, 26.356006116491468 ], [ 89.668695536636719, 26.355499279894158 ], [ 89.669041704266803, 26.355281918566508 ], [ 89.669377062275203, 26.355613118723721 ], [ 89.669874774464645, 26.355878017712477 ], [ 89.670158975173862, 26.356020352021282 ], [ 89.670533387165406, 26.356013367730409 ], [ 89.670971700705991, 26.355731009610647 ], [ 89.671646442222553, 26.3555496921384 ], [ 89.67227583555777, 26.355432490386882 ], [ 89.672552277879333, 26.355237512946999 ], [ 89.672546458888263, 26.354984531661142 ], [ 89.672307121086845, 26.354757001035036 ], [ 89.671738237552489, 26.354451257002562 ], [ 89.671841181453331, 26.353837702447706 ], [ 89.671596514708213, 26.353378271123169 ], [ 89.671113972812122, 26.352754550308102 ], [ 89.671222388593534, 26.351360533780149 ], [ 89.671812364957958, 26.350548074453211 ], [ 89.672252320778767, 26.349819802738885 ], [ 89.67253400345605, 26.349353519952231 ], [ 89.673128810082062, 26.348751874169551 ], [ 89.67335213436283, 26.348283706367237 ], [ 89.674092175600521, 26.347890252544826 ], [ 89.67425026437212, 26.346621852144139 ], [ 89.674231833133121, 26.345820746508728 ], [ 89.673996193604594, 26.344214079916703 ], [ 89.673898676277247, 26.343549161472051 ], [ 89.67412877859806, 26.343376138258478 ], [ 89.674922374697275, 26.343276952644679 ], [ 89.675717909990254, 26.343262090047723 ], [ 89.676092279207552, 26.343255094361183 ], [ 89.676315582639859, 26.342786924235178 ], [ 89.676472438391784, 26.341476194992826 ], [ 89.676562890641534, 26.341347797573128 ], [ 89.676869693973657, 26.341426777577254 ], [ 89.680024159554947, 26.341727594566393 ], [ 89.680493955689485, 26.341719064309231 ], [ 89.681285808390385, 26.341346240536677 ], [ 89.682647591570557, 26.339846009489637 ], [ 89.683345920812073, 26.33930686201262 ], [ 89.684000402001388, 26.338916287618357 ], [ 89.684298358003105, 26.338300089714028 ], [ 89.684291429276911, 26.337815465084017 ], [ 89.683750035344971, 26.336705935438218 ], [ 89.683358128537719, 26.335526808576173 ], [ 89.683346979257095, 26.33525111720726 ], [ 89.683119142506058, 26.33508293482047 ], [ 89.682596803499209, 26.334958742110075 ], [ 89.681781319338697, 26.334969474441923 ], [ 89.680912530551183, 26.334944720938353 ], [ 89.680699354360414, 26.334844005079997 ], [ 89.680695065402489, 26.33467566794873 ], [ 89.680920695872743, 26.334355022883233 ], [ 89.681521801256764, 26.334130936427506 ], [ 89.681848007626556, 26.334123270692096 ], [ 89.682100107540776, 26.333949069088995 ], [ 89.682165458432252, 26.333737536916441 ], [ 89.68234885973331, 26.333586292851198 ], [ 89.68251171397732, 26.333582319014088 ], [ 89.682745402152889, 26.333639420542521 ], [ 89.683396194549772, 26.334077420756085 ], [ 89.684393134389339, 26.334305531772358 ], [ 89.685238548486993, 26.334470528980056 ], [ 89.686324782099334, 26.334627328505118 ], [ 89.687145452784719, 26.334461396390623 ], [ 89.687845561919815, 26.334129048181417 ], [ 89.688062029713706, 26.333785986671277 ], [ 89.688027443151498, 26.33351168174341 ], [ 89.687918298029757, 26.333133002114113 ], [ 89.68731588915459, 26.332615878199487 ], [ 89.68692406489977, 26.332220679384143 ], [ 89.687010278027344, 26.332070870246977 ], [ 89.687167472185706, 26.33194096151918 ], [ 89.687789036566286, 26.331251988690813 ], [ 89.687795559971846, 26.330849959532479 ], [ 89.687597900683684, 26.330028798488822 ], [ 89.687189075268975, 26.329149138388814 ], [ 89.686941325409904, 26.328566749366676 ], [ 89.686464888770558, 26.328222093439095 ], [ 89.686273900374715, 26.328059030049001 ], [ 89.686336113104673, 26.327659700969519 ], [ 89.686544983457495, 26.326398505638576 ], [ 89.686874739404743, 26.325322655534784 ], [ 89.687211867277384, 26.324622825550122 ], [ 89.687521424440433, 26.322834451381734 ], [ 89.687838507753114, 26.320854409609218 ], [ 89.687903147883333, 26.320579585287025 ], [ 89.688619856868215, 26.320239649909521 ], [ 89.68889366940941, 26.319958850990609 ], [ 89.688817539158336, 26.319646283820305 ], [ 89.687362751171946, 26.317158080807378 ], [ 89.687374914738356, 26.316694164754701 ], [ 89.688401673386295, 26.316476251194661 ], [ 89.689185612257447, 26.316377770514052 ], [ 89.689858481957998, 26.316928597137569 ], [ 89.689871019959156, 26.316942560080751 ], [ 89.689873889362687, 26.316939736039703 ], [ 89.689945661041293, 26.316868857292313 ], [ 89.690114040673322, 26.31670264659974 ], [ 89.69013085397458, 26.316653840206726 ], [ 89.69016391088384, 26.316557875855398 ], [ 89.690143671296809, 26.316436312001596 ], [ 89.69010277969582, 26.316348608976529 ], [ 89.690080294941197, 26.316212078657522 ], [ 89.690015696365577, 26.316009246411685 ], [ 89.689958255661622, 26.315888973667398 ], [ 89.6899500162653, 26.31584053289054 ], [ 89.690020401742245, 26.315747265169577 ], [ 89.690071911096041, 26.315675674922275 ], [ 89.69008207193427, 26.315584062858861 ], [ 89.690110893411884, 26.315299439500354 ], [ 89.69010793362807, 26.315276994348775 ], [ 89.690006731067939, 26.315261296679424 ], [ 89.689734945947293, 26.315232056967645 ], [ 89.689219294623015, 26.315181381543798 ], [ 89.68891170175408, 26.315157310357165 ], [ 89.688628822462235, 26.315157162358386 ], [ 89.688245802196548, 26.315184409624369 ], [ 89.688033589047109, 26.315170685554918 ], [ 89.687933048719543, 26.315149271187753 ], [ 89.687827326930957, 26.315136221165904 ], [ 89.687656774388529, 26.31514101076807 ], [ 89.6873692217101, 26.315154155468548 ], [ 89.686830908055001, 26.31516506775764 ], [ 89.686055355722331, 26.315174693265032 ], [ 89.685550823320142, 26.31519515137327 ], [ 89.684907747860436, 26.315216821982403 ], [ 89.684262717069586, 26.315208906989184 ], [ 89.683794630017786, 26.315187769514452 ], [ 89.6834251390665, 26.315175744136592 ], [ 89.6830447183562, 26.315166966933312 ], [ 89.683019210123234, 26.315160729283654 ], [ 89.68303954791655, 26.315025888768634 ], [ 89.683074383130091, 26.314703084331605 ], [ 89.683082490621345, 26.314611674208187 ], [ 89.683060539360469, 26.314595335922775 ], [ 89.682778871993833, 26.314564079626816 ], [ 89.682345623647819, 26.314545642653908 ], [ 89.682162009495769, 26.314504564065054 ], [ 89.682118431312887, 26.314489643725448 ], [ 89.682102062818117, 26.314466297879921 ], [ 89.682106505866514, 26.314407446081155 ], [ 89.682213235714926, 26.31410495685655 ], [ 89.682378885670701, 26.313747819783348 ], [ 89.682537956000147, 26.313395694611295 ], [ 89.682658145717497, 26.313157079039136 ], [ 89.682776000940748, 26.312846687881656 ], [ 89.682878367585246, 26.312499060001326 ], [ 89.682950903735133, 26.312248923701986 ], [ 89.683078856713223, 26.311922764395 ], [ 89.683210593977449, 26.31162872069233 ], [ 89.683365486211585, 26.311513831970785 ], [ 89.68337186626178, 26.31147653603054 ], [ 89.683323506802239, 26.311463112267475 ], [ 89.682915399782388, 26.311423923691116 ], [ 89.682209771481652, 26.311402151869871 ], [ 89.6817139432506, 26.311389664959837 ], [ 89.681069224456706, 26.311350500180776 ], [ 89.680854260715861, 26.311342497595561 ], [ 89.680452302964937, 26.311296311934843 ], [ 89.680121113628829, 26.3112315444423 ], [ 89.679866341156711, 26.311174314800194 ], [ 89.679598745519797, 26.311120699202771 ], [ 89.679337695672615, 26.311089777383131 ], [ 89.679271140372919, 26.311090125567265 ], [ 89.679246026380838, 26.311081133975478 ], [ 89.679222920409174, 26.311054418902717 ], [ 89.679202336006085, 26.311000797521736 ], [ 89.679223792782381, 26.310915700618601 ], [ 89.679262659316549, 26.310801579211365 ], [ 89.679252238184034, 26.310745173604118 ], [ 89.679200934942358, 26.310694252390618 ], [ 89.679120357611737, 26.310650599935979 ], [ 89.6789784407013, 26.310618308531392 ], [ 89.678757310747201, 26.310579888053358 ], [ 89.678468323890371, 26.310562727708152 ], [ 89.678336464934532, 26.310574155754768 ], [ 89.678218384932791, 26.31056849838145 ], [ 89.678063840927877, 26.31054424999019 ], [ 89.677847602259817, 26.310516147933438 ], [ 89.677655534159982, 26.310492504535997 ], [ 89.677419497980779, 26.310471983225842 ], [ 89.677345679065795, 26.310473281903661 ], [ 89.677333668295475, 26.310472135607611 ], [ 89.677301022453861, 26.310469018755008 ], [ 89.67721712668542, 26.310447689814911 ], [ 89.677162586113838, 26.310424222566372 ], [ 89.677147787966049, 26.31040169763067 ], [ 89.677153694231848, 26.31035111374792 ], [ 89.67716668662878, 26.310260676283871 ], [ 89.677162116734863, 26.310235624122981 ], [ 89.677123818547969, 26.31022246593804 ], [ 89.676836708123929, 26.310198829849146 ], [ 89.676749837641154, 26.310196599264906 ], [ 89.676705660073566, 26.310212382496715 ], [ 89.676695907421077, 26.31023180624058 ], [ 89.676690018460789, 26.310283804670082 ], [ 89.676652531313437, 26.310459029124107 ], [ 89.676590681848893, 26.310534187306743 ], [ 89.676547473885336, 26.310563800680004 ], [ 89.676497813247892, 26.310564590018856 ], [ 89.67646175036063, 26.310562217154672 ], [ 89.676294859935183, 26.310539109659633 ], [ 89.676150593833057, 26.31052954963365 ], [ 89.676067743041017, 26.310558335703945 ], [ 89.675984229722673, 26.310619236837866 ], [ 89.675946764707149, 26.310654958168083 ], [ 89.675872629803465, 26.310665995591894 ], [ 89.675757947929398, 26.310670189516607 ], [ 89.675609497234021, 26.310639876429796 ], [ 89.675571332743687, 26.310586532081107 ], [ 89.675567207446392, 26.310580767307542 ], [ 89.675537864025813, 26.310550660606445 ], [ 89.67538883310543, 26.310516395007561 ], [ 89.675006958010414, 26.31048805346067 ], [ 89.67474976829331, 26.31047205346276 ], [ 89.674696266697353, 26.310494922974073 ], [ 89.674650958393414, 26.310527835173424 ], [ 89.674614555047441, 26.310540450745812 ], [ 89.674526060633298, 26.310539847181818 ], [ 89.674285901134638, 26.310524493162657 ], [ 89.673881188143355, 26.310472506443091 ], [ 89.673732309413708, 26.310467341424594 ], [ 89.673664533695813, 26.310452950065617 ], [ 89.673572214483144, 26.310408565928281 ], [ 89.673490781005952, 26.310364947791367 ], [ 89.673236052840053, 26.310327421471857 ], [ 89.673080974863225, 26.310288072289659 ], [ 89.673321857641795, 26.309848183744915 ], [ 89.674705785628078, 26.307757339664462 ], [ 89.674983616794748, 26.306642835861393 ], [ 89.675265744115435, 26.306534819477175 ], [ 89.676235388750953, 26.305701697678892 ], [ 89.677113784722579, 26.304497788751295 ], [ 89.677074507382741, 26.303896286095803 ], [ 89.677043256853167, 26.303355839567413 ], [ 89.676693748118439, 26.303202439792436 ], [ 89.675351847471163, 26.302771819337533 ], [ 89.674172069816549, 26.30233138758874 ], [ 89.673482988834849, 26.301975018628539 ], [ 89.673170569783338, 26.301717086692268 ], [ 89.673084306808377, 26.301212790456201 ], [ 89.673265138114402, 26.301011500366211 ], [ 89.673953209632259, 26.30061752928216 ], [ 89.674735484058886, 26.300262644155893 ], [ 89.67481494304036, 26.299782708466029 ], [ 89.674737665596325, 26.299525610695728 ], [ 89.674428005224968, 26.299317300350996 ], [ 89.673556529976636, 26.299098414590492 ], [ 89.672642596262449, 26.298966286033785 ], [ 89.671677209435174, 26.299351789623831 ], [ 89.671080281642134, 26.299642810917174 ], [ 89.67083166215464, 26.300054679077466 ], [ 89.670535848151715, 26.300446680129347 ], [ 89.67030259170437, 26.300300255143355 ], [ 89.670272723483066, 26.299788360298415 ], [ 89.670381968571178, 26.299360325663628 ], [ 89.67099691100168, 26.298709362218499 ], [ 89.671688556313271, 26.298565930494867 ], [ 89.672305658138384, 26.297940604425857 ], [ 89.672645206589891, 26.297321781151656 ], [ 89.672642750691551, 26.297132059509803 ], [ 89.672270334183523, 26.296971618311076 ], [ 89.671248942393603, 26.296678488574798 ], [ 89.671060590821099, 26.29640872396271 ], [ 89.670403251783327, 26.295601598243355 ], [ 89.670028682786366, 26.295209666873902 ], [ 89.669818172847258, 26.295003676795904 ], [ 89.669494522359187, 26.294969154861814 ], [ 89.669429790971861, 26.294886193329834 ], [ 89.669365070533445, 26.294803268555 ], [ 89.669406958153942, 26.294527623044463 ], [ 89.669598449696039, 26.294227272359759 ], [ 89.669484259435663, 26.293013341066004 ], [ 89.669485873639246, 26.291932837099214 ], [ 89.669330050932103, 26.291140923453167 ], [ 89.669274867208628, 26.290738940294791 ], [ 89.668844621237866, 26.290174494483249 ], [ 89.668421675752327, 26.289949288085076 ], [ 89.667702446338794, 26.289963570171395 ], [ 89.667168229236424, 26.289952923615601 ], [ 89.667023706077728, 26.289743115919556 ], [ 89.667255138757113, 26.288781368044248 ], [ 89.667311430841096, 26.288248377686031 ], [ 89.667514717606622, 26.288010538345571 ], [ 89.66757643731502, 26.287690224130412 ], [ 89.667693752030658, 26.287730632907547 ], [ 89.667817939825426, 26.288047477156439 ], [ 89.668232767554926, 26.288847825757152 ], [ 89.668539746298677, 26.289054514517129 ], [ 89.668888477481644, 26.289069054088884 ], [ 89.669259873354463, 26.289061896225157 ], [ 89.669769492965614, 26.289009587680667 ], [ 89.670087143345938, 26.288684948284288 ], [ 89.670259291812243, 26.28808704102731 ], [ 89.670239797334247, 26.287237661769527 ], [ 89.669706136776469, 26.285291580906836 ], [ 89.669381492989615, 26.283298236083162 ], [ 89.66898143377108, 26.282028190050585 ], [ 89.668556667709993, 26.281778861885176 ], [ 89.667997032524539, 26.281786692863779 ], [ 89.667938279180262, 26.281191569398938 ], [ 89.668022308203845, 26.280722128883742 ], [ 89.66853523800107, 26.280715309593205 ], [ 89.668476314232763, 26.280077570605563 ], [ 89.668187125103444, 26.279570202307561 ], [ 89.668698290300753, 26.279478697362485 ], [ 89.669726459816374, 26.279679150311807 ], [ 89.671256258249812, 26.279491584379716 ], [ 89.671944517505821, 26.279102132760261 ], [ 89.67243742156856, 26.278291953341611 ], [ 89.672979110773426, 26.277695809586195 ], [ 89.673529619483389, 26.277565865596202 ], [ 89.674174629073207, 26.277562004582318 ], [ 89.674818853586061, 26.277558269899735 ], [ 89.675201237602039, 26.277974628781894 ], [ 89.675902148968405, 26.27830430454328 ], [ 89.675985688851, 26.278052104401837 ], [ 89.676038646127679, 26.277009346065331 ], [ 89.675991200041068, 26.275680010375833 ], [ 89.675792232808803, 26.275221563885751 ], [ 89.675389860689393, 26.275018158727775 ], [ 89.67496990872479, 26.275068171977253 ], [ 89.674209431057591, 26.275028203614266 ], [ 89.673705261792662, 26.275025631228619 ], [ 89.673606071664736, 26.274814015435499 ], [ 89.673644153892567, 26.273864650781785 ], [ 89.673559402415052, 26.272530442582887 ], [ 89.673573198473676, 26.272153040118361 ], [ 89.673684935763276, 26.271963475655046 ], [ 89.673920708158647, 26.27208834060886 ], [ 89.674187469135987, 26.272550451093796 ], [ 89.674492137953763, 26.27359964122374 ], [ 89.674639467430353, 26.273913899026212 ], [ 89.674790264825319, 26.274375501568944 ], [ 89.675708533711486, 26.274632578239256 ], [ 89.67617622014447, 26.274623854576323 ], [ 89.676520209948407, 26.274322164394146 ], [ 89.677450401972493, 26.273060442622334 ], [ 89.677994671447479, 26.272312101092137 ], [ 89.678246567997206, 26.272075398969026 ], [ 89.678755682944143, 26.271833894148397 ], [ 89.680219595818926, 26.271405504750813 ], [ 89.681351168060587, 26.270771697632721 ], [ 89.682776296607742, 26.269669978083751 ], [ 89.684127890490856, 26.268422222319 ], [ 89.684635517977739, 26.268117440840147 ], [ 89.685147836662978, 26.268059632080178 ], [ 89.685571219062055, 26.268167666037201 ], [ 89.685951375205704, 26.268429640328723 ], [ 89.686301021653676, 26.269367099785043 ], [ 89.68667572283627, 26.269381690596525 ], [ 89.687120443004218, 26.269376119133678 ], [ 89.687469182416748, 26.269267278756342 ], [ 89.687652717009527, 26.268965168629368 ], [ 89.687650045675269, 26.268552825728062 ], [ 89.687646651018909, 26.267982306387914 ], [ 89.687834074157649, 26.267661803902961 ], [ 89.688094444241614, 26.267528888212748 ], [ 89.688355505502358, 26.267438709482391 ], [ 89.688594094595445, 26.267500226614846 ], [ 89.688596604155407, 26.268208779370269 ], [ 89.688595735810182, 26.268907715022085 ], [ 89.6887135516439, 26.269276773896419 ], [ 89.689042808280618, 26.269220356487541 ], [ 89.68939634804542, 26.269185730453412 ], [ 89.689792108963559, 26.26935311006778 ], [ 89.689964098904426, 26.270643421451634 ], [ 89.690258425744446, 26.271517238629855 ], [ 89.690640638009711, 26.271726119059188 ], [ 89.690993892876619, 26.271754928681023 ], [ 89.691055037354758, 26.272172671674387 ], [ 89.691449711687767, 26.272629063005475 ], [ 89.691790428837777, 26.273389728094266 ], [ 89.692081936935679, 26.27337636279475 ], [ 89.692420830574775, 26.273353164511633 ], [ 89.692788649137711, 26.273124735399175 ], [ 89.693048480795994, 26.27310834253397 ], [ 89.693346328882825, 26.273299961449439 ], [ 89.693633480427735, 26.273366877575906 ], [ 89.693815362444951, 26.273271600587652 ], [ 89.693965491247596, 26.273093829391627 ], [ 89.693883522605518, 26.272679989447461 ], [ 89.693364016998231, 26.272156690640802 ], [ 89.693337396146305, 26.271868826489325 ], [ 89.693530709740571, 26.271745066821538 ], [ 89.69503227533059, 26.271031090426899 ], [ 89.69522912826092, 26.27100323509347 ], [ 89.695590808224281, 26.271487285416626 ], [ 89.696096445204603, 26.271361406008811 ], [ 89.696860311409949, 26.271305534660133 ], [ 89.697081321429792, 26.271106030811794 ], [ 89.697165631014443, 26.270749257931055 ], [ 89.698006401088151, 26.27048484090302 ], [ 89.699244622448475, 26.270243491024562 ], [ 89.699255382788252, 26.269654409661022 ], [ 89.699076783454387, 26.26816640264769 ], [ 89.699383472031357, 26.267843062217157 ], [ 89.70020190639616, 26.267780359347483 ], [ 89.700545530801662, 26.267596149740672 ], [ 89.700662004535459, 26.266794645413203 ], [ 89.700515725889673, 26.266527093981388 ], [ 89.699952581305084, 26.266328864048202 ], [ 89.69888058630319, 26.265246805394536 ], [ 89.698683077826942, 26.264552797723415 ], [ 89.698659584737484, 26.263940382207391 ], [ 89.699436369812403, 26.263671951932889 ], [ 89.69898163063489, 26.26203540771106 ], [ 89.699907793502035, 26.261729466700057 ], [ 89.700289157339213, 26.262152789217417 ], [ 89.703532882754828, 26.261143389863673 ], [ 89.703159933442677, 26.260618113477506 ], [ 89.703054462321759, 26.260351512851081 ], [ 89.703048242516616, 26.260083042774024 ], [ 89.703362489665906, 26.259360892045105 ], [ 89.703846297559195, 26.258814603653363 ], [ 89.704463124561514, 26.258295650362051 ], [ 89.704920063573738, 26.258018452180366 ], [ 89.705790365343205, 26.257807854336093 ], [ 89.70593957375452, 26.257490097707233 ], [ 89.706080700769746, 26.257181845149979 ], [ 89.706112673814985, 26.257109164542239 ], [ 89.705827610860595, 26.257147354302482 ], [ 89.705601523277736, 26.256758493433427 ], [ 89.705131087591383, 26.256408657296848 ], [ 89.704208174907336, 26.256060133692266 ], [ 89.702667886120878, 26.255601313466958 ], [ 89.70183688393783, 26.255501017140688 ], [ 89.701474057546719, 26.255321484595502 ], [ 89.701456505241111, 26.255049969919636 ], [ 89.70128799620278, 26.254624005898343 ], [ 89.700867232264642, 26.254421422549939 ], [ 89.700342223866571, 26.25439316941949 ], [ 89.700226892852541, 26.254238449259798 ], [ 89.700282881493848, 26.253848548857508 ], [ 89.700426450633117, 26.253348596399373 ], [ 89.700624126309535, 26.253209965851433 ], [ 89.701113881141538, 26.25320758130383 ], [ 89.702130253223274, 26.252920792793308 ], [ 89.702921521899341, 26.252840715660014 ], [ 89.703101920553621, 26.252500175980341 ], [ 89.703093814007786, 26.251792947367548 ], [ 89.702947668677638, 26.250873175990744 ], [ 89.702730416667308, 26.250339977758085 ], [ 89.70235875389173, 26.250149722525478 ], [ 89.701810606974377, 26.249981900424594 ], [ 89.701296187122765, 26.249920754949489 ], [ 89.699604947006819, 26.249695824041616 ], [ 89.699196669968728, 26.249634289061643 ], [ 89.699037993839283, 26.249059300593007 ], [ 89.698694445910562, 26.248784148567008 ], [ 89.696390632237765, 26.246795353135226 ], [ 89.695365240851558, 26.245993007651819 ], [ 89.695010116647325, 26.245738069735662 ], [ 89.694517146096729, 26.245655501105229 ], [ 89.694365064093446, 26.245526414643585 ], [ 89.694446049266389, 26.245131976579103 ], [ 89.695742265716802, 26.244687441355847 ], [ 89.696146383664015, 26.244548231941582 ], [ 89.696894194098775, 26.244292396275256 ], [ 89.698023186817565, 26.243419675621695 ], [ 89.69892579968996, 26.242900528662123 ], [ 89.699997557645375, 26.241949552222323 ], [ 89.701559799584459, 26.241052350735067 ], [ 89.704092111646787, 26.239852303968945 ], [ 89.705467252546299, 26.239154624053615 ], [ 89.705839397161313, 26.23992210556704 ], [ 89.706506014909124, 26.240129940196571 ], [ 89.707606814655463, 26.240204818782367 ], [ 89.707940338606804, 26.24054454783473 ], [ 89.708690207314362, 26.241051803471724 ], [ 89.709481411179425, 26.240571636086003 ], [ 89.70956737598847, 26.239583189296283 ], [ 89.709267936297934, 26.238255359965901 ], [ 89.70930729992466, 26.237310294174932 ], [ 89.710055373393999, 26.236613885209639 ], [ 89.711089184272581, 26.235526706980004 ], [ 89.712551483832101, 26.233358779190301 ], [ 89.7137614791056, 26.231285094927724 ], [ 89.714597693520034, 26.229967646046052 ], [ 89.715252929280652, 26.229069590314154 ], [ 89.715468860155227, 26.227976177225901 ], [ 89.715706699899798, 26.223972727875779 ], [ 89.71644636878986, 26.221630994879156 ], [ 89.716841428385678, 26.218698917338902 ], [ 89.716266534683612, 26.216740152844046 ], [ 89.71445715144263, 26.215759686143592 ], [ 89.712056679940858, 26.214969411653318 ], [ 89.709523956877234, 26.214181587949238 ], [ 89.709252480748276, 26.213888276052099 ], [ 89.709244185676567, 26.213530316375049 ], [ 89.711911652695264, 26.212191241794546 ], [ 89.71339557841408, 26.212631367216225 ], [ 89.714191772917019, 26.213068913222322 ], [ 89.715679638375448, 26.213456583070645 ], [ 89.717357967373772, 26.214061237296569 ], [ 89.719363035042264, 26.214783570814451 ], [ 89.722539777464974, 26.216513985287801 ], [ 89.724028460249627, 26.217063475750059 ], [ 89.725253743787718, 26.217515726537531 ], [ 89.72678477235327, 26.218080807775614 ], [ 89.728817074676869, 26.218400334541769 ], [ 89.730124179850321, 26.218268069052371 ], [ 89.731059897382409, 26.217534059398005 ], [ 89.732052151246094, 26.21673358558192 ], [ 89.732423766458638, 26.216433790704595 ], [ 89.732540305893679, 26.216316817995981 ], [ 89.733738289290898, 26.214285478139583 ], [ 89.73440348369634, 26.212212849772364 ], [ 89.734381316382979, 26.211915019596589 ], [ 89.731682426877654, 26.210122721010872 ], [ 89.729838376637232, 26.208996308239556 ], [ 89.727371851575683, 26.208097694291112 ], [ 89.722839839615006, 26.20669148784928 ], [ 89.719450952231412, 26.206069266074831 ], [ 89.718088237328175, 26.205796614984123 ], [ 89.717113330779213, 26.205128660579764 ], [ 89.716787519056922, 26.204352064797675 ], [ 89.717500145527524, 26.203983733344693 ], [ 89.718555718248766, 26.203283352109072 ], [ 89.720052754430924, 26.202789479722977 ], [ 89.720873614937815, 26.202514342984028 ], [ 89.721453211162682, 26.201954309907052 ], [ 89.721883983361892, 26.200735442265884 ], [ 89.722491790224197, 26.197286027604139 ], [ 89.722207994266086, 26.194187737756685 ], [ 89.720605007550091, 26.191257659569821 ], [ 89.717811991882783, 26.189496028197045 ], [ 89.717214884686797, 26.189319335651849 ], [ 89.717155952625319, 26.189283937101621 ], [ 89.71635631165752, 26.188914738059015 ], [ 89.713911189994349, 26.187886559119981 ], [ 89.712629961615093, 26.187409371428139 ], [ 89.710206449627989, 26.187311822621364 ], [ 89.709140185120077, 26.18754678675036 ], [ 89.708006159236874, 26.188284383568998 ], [ 89.705159428212951, 26.188767710488701 ], [ 89.704258470227728, 26.188870447372803 ], [ 89.703792217701263, 26.188923612738268 ], [ 89.703334054788868, 26.188790103524521 ], [ 89.702046789178993, 26.188050312399216 ], [ 89.701716162528854, 26.187483533672072 ], [ 89.701698536220761, 26.186719877566507 ], [ 89.701966739626371, 26.186209621158117 ], [ 89.703166524372762, 26.186119298832917 ], [ 89.704912231582654, 26.18608647185728 ], [ 89.706070517541818, 26.185825933534904 ], [ 89.707930751368039, 26.183880951315057 ], [ 89.70908116242471, 26.180994340088262 ], [ 89.70975766456425, 26.178212149079421 ], [ 89.709764174025395, 26.176206564520616 ], [ 89.709542653483922, 26.175780996657547 ], [ 89.709406437051996, 26.174343560543068 ], [ 89.710486535860056, 26.173305739837193 ], [ 89.711100844078928, 26.17269729952541 ], [ 89.711431362390712, 26.172563710573989 ], [ 89.712186219773983, 26.172545247372216 ], [ 89.71372033007512, 26.172781574220799 ], [ 89.713997237083831, 26.172951841972083 ], [ 89.715753157795319, 26.173024229973521 ], [ 89.719459826301815, 26.174042877344114 ], [ 89.722164290276723, 26.175653379542869 ], [ 89.724289562153345, 26.176931007477517 ], [ 89.727165905284735, 26.177735974465467 ], [ 89.727679037579151, 26.17795543786637 ], [ 89.730228700667695, 26.17836544750093 ], [ 89.732024647056363, 26.178498688897495 ], [ 89.733880655339348, 26.177843164631089 ], [ 89.735336570408791, 26.176862380454207 ], [ 89.735448445556685, 26.176257692216819 ], [ 89.735053366827444, 26.175580767019131 ], [ 89.73369637016819, 26.174575195508172 ], [ 89.733482157312494, 26.174285125067385 ], [ 89.733237359925496, 26.173953638127639 ], [ 89.732843162801785, 26.173388145739573 ], [ 89.732378818600651, 26.172537492812367 ], [ 89.732361449461706, 26.17179294492707 ], [ 89.732592618350623, 26.170814483434992 ], [ 89.732630702613449, 26.169725093196302 ], [ 89.732215151463421, 26.168243229829759 ], [ 89.73124842646115, 26.16763130493079 ], [ 89.729645691629912, 26.166974142142987 ], [ 89.728499256051734, 26.166823993998999 ], [ 89.727355489177711, 26.166788382592674 ], [ 89.726285853041375, 26.167209745118832 ], [ 89.725547096070343, 26.167345467696364 ], [ 89.725272487186089, 26.167228001618646 ], [ 89.724136073271509, 26.166712350658472 ], [ 89.723233143348452, 26.166281799045677 ], [ 89.722401185591835, 26.166058799664672 ], [ 89.721606476745734, 26.165910627229156 ], [ 89.720472468800835, 26.166172128029057 ], [ 89.719414730741406, 26.166765111212982 ], [ 89.718937949848254, 26.167303952860888 ], [ 89.717835036316586, 26.167645561523585 ], [ 89.717082656294579, 26.167752659802325 ], [ 89.715679217028864, 26.167262596724715 ], [ 89.714826747095387, 26.16661368206822 ], [ 89.713750216933903, 26.163998244321956 ], [ 89.713295142065633, 26.160798089164597 ], [ 89.712463290534515, 26.157776929579803 ], [ 89.711862956011217, 26.156527666557285 ], [ 89.710240602668961, 26.155011154959777 ], [ 89.710140560405421, 26.15497197138032 ], [ 89.707995302080391, 26.15346050638864 ], [ 89.706165798962687, 26.153280045408952 ], [ 89.704108224732224, 26.153533591018434 ], [ 89.702328235341767, 26.155500872800435 ], [ 89.700771333662331, 26.156819332528084 ], [ 89.698472181086544, 26.160372046886604 ], [ 89.697445792126686, 26.160606162924324 ], [ 89.695760025423922, 26.159778262608032 ], [ 89.694869252384038, 26.159007080516442 ], [ 89.692476114202307, 26.158478880902209 ], [ 89.689702764371717, 26.158673993116665 ], [ 89.68752230597326, 26.159920410814006 ], [ 89.685894132176912, 26.161025178651812 ], [ 89.684599225747945, 26.162243087691518 ], [ 89.682908976560057, 26.1635280449172 ], [ 89.681379591986712, 26.166063420065953 ], [ 89.681383389903459, 26.166229366741206 ], [ 89.681915747989564, 26.167228051833316 ], [ 89.683126656726913, 26.168300143284355 ], [ 89.685078785450003, 26.16937248568021 ], [ 89.686280320187052, 26.169853874962541 ], [ 89.687326755698251, 26.170058540309846 ], [ 89.688711926241254, 26.169875946100703 ], [ 89.690132377533274, 26.169515143851608 ], [ 89.69208613841235, 26.16933534842174 ], [ 89.693930811505822, 26.169014320362781 ], [ 89.695729169315058, 26.168980634135288 ], [ 89.697844880716886, 26.168940974563469 ], [ 89.699756717139991, 26.169239356010053 ], [ 89.70135560615131, 26.169734584369838 ], [ 89.702695548785414, 26.170473406614846 ], [ 89.703397480189793, 26.171080958059239 ], [ 89.703679573504743, 26.171839644393916 ], [ 89.703601328957831, 26.173034846052712 ], [ 89.703299385348259, 26.173709010466816 ], [ 89.702378110387599, 26.174258577471427 ], [ 89.700332403351908, 26.174700625346688 ], [ 89.697884317396003, 26.17524793042417 ], [ 89.695498751400763, 26.175870112278311 ], [ 89.694106298314026, 26.17664378978176 ], [ 89.691798545527178, 26.178119481823916 ], [ 89.690080898823425, 26.179369230423347 ], [ 89.688526020523355, 26.180794979714559 ], [ 89.687057847257151, 26.182541403797497 ], [ 89.686670562661959, 26.183202248015551 ], [ 89.686702030385902, 26.184573408897229 ], [ 89.685919144435772, 26.187357510068662 ], [ 89.6849931926875, 26.188520794157142 ], [ 89.683866557423514, 26.190165314987805 ], [ 89.683771696068348, 26.190644582280502 ], [ 89.683595106473149, 26.192175867008583 ], [ 89.685120219893562, 26.194057376431694 ], [ 89.686643191879753, 26.195843406885935 ], [ 89.686689223283665, 26.197848026773976 ], [ 89.685540623012969, 26.198537982854397 ], [ 89.683999236607349, 26.198405984729629 ], [ 89.683087587492849, 26.198327906936544 ], [ 89.680536768144052, 26.197294386290711 ], [ 89.679069857665993, 26.196666530343322 ], [ 89.677878843660451, 26.19660510138436 ], [ 89.677719619818163, 26.196597840832432 ], [ 89.676999091922625, 26.198069257741892 ], [ 89.67652462149492, 26.200465580385842 ], [ 89.676513089974478, 26.202853283213688 ], [ 89.676620184252414, 26.204641904322237 ], [ 89.676906581229446, 26.205591564712073 ], [ 89.677665513420408, 26.206950231278533 ], [ 89.678824032042641, 26.208420820036853 ], [ 89.680099820278912, 26.209232651871528 ], [ 89.681310178253426, 26.209290860382389 ], [ 89.681888325066637, 26.209318660542252 ], [ 89.683008590209539, 26.209118689141039 ], [ 89.684177187494114, 26.20814187702171 ], [ 89.686071914774303, 26.207091799218439 ], [ 89.687247852230414, 26.207345171327834 ], [ 89.687560721276199, 26.207728195068508 ], [ 89.688114802969054, 26.20892724382869 ], [ 89.688423332886018, 26.209477689814086 ], [ 89.68870613439131, 26.209628933242811 ], [ 89.689106903657162, 26.209779825706946 ], [ 89.690605388560741, 26.210450920220644 ], [ 89.691983113821664, 26.210828555436059 ], [ 89.693252104721253, 26.211450598798155 ], [ 89.693266394133289, 26.212070953657459 ], [ 89.692281597474604, 26.212407094551335 ], [ 89.690561936493964, 26.212439303328718 ], [ 89.690540524311032, 26.21243649459014 ], [ 89.689765501363681, 26.212334839848474 ], [ 89.688499220855888, 26.211940729092284 ], [ 89.687099296723858, 26.211489419771155 ], [ 89.685166148915457, 26.210868999003889 ], [ 89.682465343315357, 26.211396935003883 ], [ 89.681320695177874, 26.21259765323942 ], [ 89.680521676751368, 26.218789992073344 ], [ 89.680803563841096, 26.219724434920423 ], [ 89.681347376361487, 26.220195052513375 ], [ 89.681748765372944, 26.220542412234273 ], [ 89.682745061550733, 26.220702871396963 ], [ 89.684254085818409, 26.220137503924121 ], [ 89.685763095204209, 26.219572120753782 ], [ 89.686815931087565, 26.219313688118678 ], [ 89.688138829067597, 26.219288942415844 ], [ 89.688669360537361, 26.219338701789777 ], [ 89.688877402576921, 26.219752615513809 ], [ 89.688833217320479, 26.220708429338423 ], [ 89.688542838103416, 26.221219982853722 ], [ 89.688388037680213, 26.22149268822556 ], [ 89.687868474089669, 26.221920217230956 ], [ 89.686947910529938, 26.222176184885431 ], [ 89.686393160518378, 26.222366669359598 ], [ 89.686028714607531, 26.222491807186351 ], [ 89.685380954967485, 26.223100785230386 ], [ 89.685327145824587, 26.223638972460485 ], [ 89.68547452191163, 26.224292771541027 ], [ 89.685959497786001, 26.225238693167245 ], [ 89.687705426222067, 26.226340084115243 ], [ 89.688288750546732, 26.227339900178368 ], [ 89.688156197651963, 26.22770845534426 ], [ 89.68790885415568, 26.227802467962146 ], [ 89.687907190728922, 26.227801832254528 ], [ 89.687545668376288, 26.228395101611632 ], [ 89.686929836508583, 26.229242237263787 ], [ 89.685796434516945, 26.229454432630231 ], [ 89.685187847327398, 26.229465811334702 ], [ 89.684371415393613, 26.229648195291279 ], [ 89.683447494888625, 26.229760958048026 ], [ 89.682823953045173, 26.230273975410785 ], [ 89.682335447780133, 26.230903842253664 ], [ 89.681842007828962, 26.231318927637375 ], [ 89.681451668598285, 26.2316127129005 ], [ 89.681084502739935, 26.231762815535859 ], [ 89.680584482367095, 26.23189152252861 ], [ 89.679948871811092, 26.23187950878922 ], [ 89.679539460307026, 26.231746193995178 ], [ 89.679376676893625, 26.231746936200238 ], [ 89.678807950686291, 26.23169193129069 ], [ 89.678388398156059, 26.231435662766081 ], [ 89.677309745659386, 26.230974135950976 ], [ 89.676299013720694, 26.230187197969947 ], [ 89.675858778994524, 26.229747748211892 ], [ 89.675484698853751, 26.229307063733376 ], [ 89.675484608001682, 26.229306810059629 ], [ 89.67475644849938, 26.227271371287163 ], [ 89.674495608180976, 26.225127492505322 ], [ 89.674470484086129, 26.224029717294428 ], [ 89.674396812033763, 26.223123844411486 ], [ 89.674251657557264, 26.221407557130171 ], [ 89.673598087131083, 26.220607976353893 ], [ 89.672575002865983, 26.220355139323967 ], [ 89.672160593946018, 26.220252722374635 ], [ 89.669722047542322, 26.220107057933472 ], [ 89.669691867478022, 26.220100396279918 ], [ 89.668125817193911, 26.219754711994511 ], [ 89.667161330717931, 26.219247371048098 ], [ 89.665876087558033, 26.218602726462866 ], [ 89.664707570427268, 26.218433402644298 ], [ 89.664008710418258, 26.218424632646297 ], [ 89.662608049627337, 26.218760418211865 ], [ 89.65996981170855, 26.219143536011668 ], [ 89.65796520252843, 26.219490552339543 ], [ 89.656197082193856, 26.219690835962947 ], [ 89.65479964638503, 26.219931540996331 ], [ 89.653538291716004, 26.220336844520759 ], [ 89.653251615278464, 26.220464021398058 ], [ 89.65311552729591, 26.220553449404473 ], [ 89.652759967744302, 26.220787097760045 ], [ 89.651588259814233, 26.221644356730351 ], [ 89.649331841706612, 26.222820055060961 ], [ 89.646169613230811, 26.22431973288078 ], [ 89.645468887388347, 26.224652037074478 ], [ 89.643616911793202, 26.225411689295626 ], [ 89.642878889350982, 26.225714406117714 ], [ 89.639882495953216, 26.226366383929616 ], [ 89.638545233471405, 26.22679884796403 ], [ 89.638404762681176, 26.227044451786217 ], [ 89.638469491186967, 26.227640703307511 ], [ 89.638326551939457, 26.228065045222166 ], [ 89.63568013837957, 26.228826176207903 ], [ 89.63500467056754, 26.228793059672107 ], [ 89.634511898439285, 26.228728848482898 ], [ 89.633907884027735, 26.228047535294589 ], [ 89.633659671241986, 26.227853211697834 ], [ 89.633539379046425, 26.227788785089455 ], [ 89.632459194123498, 26.227986368707867 ], [ 89.631770139849479, 26.228112402523639 ], [ 89.629859508228662, 26.227269548255865 ], [ 89.629450509315419, 26.226739840429879 ], [ 89.629469255841258, 26.225808357874275 ], [ 89.629018157911261, 26.225171978576064 ], [ 89.62797814544993, 26.224832877092954 ], [ 89.627428361540851, 26.223338783672592 ], [ 89.626315697730305, 26.221532660008041 ], [ 89.626011179519992, 26.220965449285192 ], [ 89.626053277923631, 26.220967367981636 ], [ 89.626021654227216, 26.220911831726287 ], [ 89.625486521424634, 26.219972036368357 ], [ 89.625046724897203, 26.219836820147904 ], [ 89.624211645263671, 26.219780449070853 ], [ 89.622605529691512, 26.219654442119634 ], [ 89.622467126169298, 26.219592934768158 ], [ 89.622381098340924, 26.219593237139385 ], [ 89.621905622400774, 26.219594910516026 ], [ 89.619961181357226, 26.219662981263781 ], [ 89.619959217022625, 26.219663050471919 ], [ 89.619324645441225, 26.219685259686333 ], [ 89.616237318297379, 26.218887291940344 ], [ 89.614104552401841, 26.218209843964765 ], [ 89.613877454406733, 26.217896349668383 ], [ 89.612586980498378, 26.219001465631461 ], [ 89.611321189252067, 26.219215481338349 ], [ 89.610202424464077, 26.218901551175104 ], [ 89.609558871099736, 26.218531231265853 ], [ 89.609016898375074, 26.217968058759325 ], [ 89.607362771095751, 26.216963751519884 ], [ 89.606663125531171, 26.216451181550656 ], [ 89.606699635115149, 26.215420780065045 ], [ 89.606942317119049, 26.214727068622764 ], [ 89.606931674012301, 26.214249748160697 ], [ 89.606916774135399, 26.213581500536243 ], [ 89.606380157477531, 26.213256974524132 ], [ 89.606159979420639, 26.212878957147943 ], [ 89.606046699883578, 26.212546752360794 ], [ 89.605147120370106, 26.212563063249643 ], [ 89.604004598151676, 26.212612594122749 ], [ 89.603011915596724, 26.212522212805954 ], [ 89.601931769519169, 26.210806760820706 ], [ 89.601805760037394, 26.209901764863002 ], [ 89.602256396959305, 26.208506412407196 ], [ 89.602364988723224, 26.208341754596535 ], [ 89.602237891313152, 26.208309143410418 ], [ 89.602204124373102, 26.208300479149344 ], [ 89.602084691551411, 26.208269834319069 ], [ 89.601974229205339, 26.208241490501472 ], [ 89.599279026791237, 26.208063011348983 ], [ 89.597483880424974, 26.207677639639186 ], [ 89.596080966824871, 26.207076247916877 ], [ 89.593343970975482, 26.207483797257545 ], [ 89.592120320185728, 26.20750587141676 ], [ 89.591183076017927, 26.207015409435641 ], [ 89.5901009985012, 26.205881609375137 ], [ 89.589885617534208, 26.205646952585656 ], [ 89.589298252159068, 26.205794732341779 ], [ 89.588414046642725, 26.206304482104333 ], [ 89.587250902449128, 26.207393398847415 ], [ 89.586307569927428, 26.208298820316191 ], [ 89.586109341223107, 26.208313141192278 ], [ 89.58503093954053, 26.207461398618143 ], [ 89.582433731557586, 26.205997999067201 ], [ 89.580564857172462, 26.205372156845694 ], [ 89.579836337494783, 26.205226817767048 ], [ 89.578730139641053, 26.205475353268266 ], [ 89.577955145561035, 26.205890345624866 ], [ 89.577915193934189, 26.205892545730375 ], [ 89.577844064526133, 26.205907010926008 ], [ 89.577793597355011, 26.205917434556952 ], [ 89.577385686839534, 26.206007710028008 ], [ 89.57706609505334, 26.205970001775214 ], [ 89.575388816452332, 26.207129742819035 ], [ 89.574472712024075, 26.20800023748096 ], [ 89.573463889587302, 26.208230674689737 ], [ 89.572423337405951, 26.208792459829802 ], [ 89.572383078745787, 26.208801767652325 ], [ 89.572127309061599, 26.208860927948688 ], [ 89.572048146807987, 26.208879300790077 ], [ 89.571484801179267, 26.209012389563835 ], [ 89.571458836004112, 26.209013652763122 ], [ 89.568635656370816, 26.209265208330056 ], [ 89.566948391992298, 26.209421131144442 ], [ 89.565118703015429, 26.210385753704507 ], [ 89.563803156488135, 26.2113918748638 ], [ 89.56287782400338, 26.212553931437366 ], [ 89.562647167268977, 26.21341009739514 ], [ 89.560869571308459, 26.213510260468542 ], [ 89.560862205738914, 26.213511656899048 ], [ 89.559647635808986, 26.213745059968545 ], [ 89.558888214784332, 26.214058779375669 ], [ 89.556881540283797, 26.21538248507391 ], [ 89.554900649029378, 26.217304678959692 ], [ 89.552636020312363, 26.220649906739983 ], [ 89.552619912951414, 26.220939838981497 ], [ 89.552315137541598, 26.220967201838061 ], [ 89.551905505239517, 26.220961670238413 ], [ 89.551548252501036, 26.221107416587234 ], [ 89.551546925183416, 26.221379948715594 ], [ 89.551430970073611, 26.221832493212329 ], [ 89.551037207590639, 26.222251484750831 ], [ 89.550411835408141, 26.223032146883309 ], [ 89.549782261833613, 26.223815784302207 ], [ 89.549029329355776, 26.224513976090027 ], [ 89.549196589164623, 26.224930497896967 ], [ 89.549299755041261, 26.225644408829336 ], [ 89.549197682141653, 26.225857589715684 ], [ 89.549056212768022, 26.226153340711765 ], [ 89.548084381782317, 26.227208592267854 ], [ 89.547861642978987, 26.22787193754257 ], [ 89.547546230727619, 26.228542112283424 ], [ 89.547212906898565, 26.229259419330937 ], [ 89.546374549496477, 26.2296057765138 ], [ 89.545934076519217, 26.229845004615424 ], [ 89.545532470935953, 26.230306140309843 ], [ 89.544693612404231, 26.231133031918244 ], [ 89.54407036939898, 26.231377941781624 ], [ 89.543479867473337, 26.231431080813682 ], [ 89.542851362775565, 26.231549928839151 ], [ 89.542787986236974, 26.231996456841866 ], [ 89.542545597952611, 26.232863597665439 ], [ 89.542330543582906, 26.233221082103544 ], [ 89.541746094760867, 26.233463650002069 ], [ 89.541229076003077, 26.233417925596918 ], [ 89.540865786525842, 26.233684749314751 ], [ 89.540577518347661, 26.236145041802128 ], [ 89.54036463361129, 26.236597840638741 ], [ 89.540173315500311, 26.236675750361925 ], [ 89.539856699042446, 26.236804674657517 ], [ 89.53908776103475, 26.236701210332281 ], [ 89.538318412172117, 26.236693858765697 ], [ 89.537639513017922, 26.23671590819907 ], [ 89.537378318488351, 26.236743349702916 ], [ 89.537152032203849, 26.236767159082167 ], [ 89.536978530385568, 26.236785436981879 ], [ 89.536651462507862, 26.236954979798792 ], [ 89.536478629721387, 26.237357232303825 ], [ 89.536496853084927, 26.238071096036585 ], [ 89.536505506719948, 26.238452195836658 ], [ 89.536307417608, 26.238601403583509 ], [ 89.536032890158509, 26.238609971544729 ], [ 89.535797453814027, 26.238728536121108 ], [ 89.535147711573202, 26.239145844009503 ], [ 89.534712716950452, 26.239349910381957 ], [ 89.534475119706528, 26.239389091381618 ], [ 89.534349721308104, 26.239504075583493 ], [ 89.534354006865428, 26.239662601103142 ], [ 89.534610292774644, 26.241291388231186 ], [ 89.534596075843297, 26.241498575377836 ], [ 89.534434741625958, 26.241630461853347 ], [ 89.534181190487459, 26.241701353482259 ], [ 89.53381798060542, 26.241759485666801 ], [ 89.53348998884627, 26.24176893299644 ], [ 89.533202538837401, 26.241967941243043 ], [ 89.532883715005283, 26.242390324835963 ], [ 89.530468143590198, 26.245097147387281 ], [ 89.530134689184663, 26.245480219866163 ], [ 89.530109557466645, 26.245509095130483 ], [ 89.529989179149254, 26.245647406166956 ], [ 89.529838111311989, 26.245820993639544 ], [ 89.529617229047034, 26.246074824708806 ], [ 89.528802865130572, 26.247051663489287 ], [ 89.528491580682612, 26.247792588775059 ], [ 89.528804477393479, 26.249091953443259 ], [ 89.528881232532569, 26.249377169943532 ], [ 89.528412115437973, 26.249389019520475 ], [ 89.528052723786985, 26.249493773110832 ], [ 89.528280081187077, 26.250158229628248 ], [ 89.528839559994779, 26.251453138027042 ], [ 89.528845367801097, 26.251835921644226 ], [ 89.528631832498093, 26.252000858036116 ], [ 89.528091765285851, 26.252014615600729 ], [ 89.527482342490316, 26.252189503974225 ], [ 89.52723652494663, 26.252578687787278 ], [ 89.526663321576251, 26.252752586932132 ], [ 89.525943887039361, 26.252770078221808 ], [ 89.525260492051586, 26.252786176625861 ], [ 89.52501251315438, 26.25301566726511 ], [ 89.52508928992026, 26.2533016382759 ], [ 89.525451473935135, 26.253452880484371 ], [ 89.526026540166527, 26.253406608994638 ], [ 89.526643277753095, 26.253611712549219 ], [ 89.527040835653139, 26.253664093634303 ], [ 89.52800157019945, 26.253035063949362 ], [ 89.529114206036624, 26.252782560794834 ], [ 89.530458274166733, 26.253349639180851 ], [ 89.531188606778144, 26.253870108488758 ], [ 89.531728638867946, 26.253855911669113 ], [ 89.532298846976715, 26.253523273611698 ], [ 89.532658870893414, 26.253513817046588 ], [ 89.53320568232985, 26.253880788338805 ], [ 89.53374836733488, 26.254025526978936 ], [ 89.5339666058956, 26.254019850095119 ], [ 89.534002327838664, 26.254018920824407 ], [ 89.534432063540251, 26.254007752657117 ], [ 89.534817123043197, 26.254048660738377 ], [ 89.535153312000631, 26.254084394613123 ], [ 89.536138818805895, 26.254885445778719 ], [ 89.536865094991526, 26.255280089187732 ], [ 89.537658122407976, 26.255386974272064 ], [ 89.538483194870636, 26.255270483786941 ], [ 89.539520757302654, 26.254957701129257 ], [ 89.539944911745209, 26.2545014865442 ], [ 89.540330873532014, 26.253887074672587 ], [ 89.540324550248229, 26.253473590176974 ], [ 89.540463583594459, 26.253151778407513 ], [ 89.540964634769381, 26.252979677033512 ], [ 89.541644136197078, 26.252707427197276 ], [ 89.54210771079353, 26.252672589629928 ], [ 89.542290884467349, 26.252658823728677 ], [ 89.544225414976196, 26.254710122583312 ], [ 89.548563296293111, 26.259503863558972 ], [ 89.552531588659946, 26.263735780065172 ], [ 89.553119092624456, 26.264626858926846 ], [ 89.553234948635676, 26.264802573984227 ], [ 89.553853658789478, 26.26574094835976 ], [ 89.55568588236801, 26.268307102925927 ], [ 89.556125185529041, 26.268901407781872 ], [ 89.556132394944655, 26.269283128127963 ], [ 89.555892892758067, 26.269829730032608 ], [ 89.555740237852334, 26.270042784654219 ], [ 89.554639264695794, 26.271577356710694 ], [ 89.554112492329594, 26.272098804991618 ], [ 89.553757595554288, 26.272234385944799 ], [ 89.553362442282449, 26.272116378980446 ], [ 89.552566341472939, 26.271562390069043 ], [ 89.551475646203741, 26.270538214421418 ], [ 89.550899865158684, 26.270329115264126 ], [ 89.550543059405371, 26.270369350603005 ], [ 89.550193208784052, 26.270791130759829 ], [ 89.54943479220438, 26.272303859106056 ], [ 89.548104624361045, 26.273765970001374 ], [ 89.547137684285886, 26.275473542759634 ], [ 89.546166709589485, 26.276926479643951 ], [ 89.544862273816648, 26.277751057237619 ], [ 89.544403549989326, 26.278015820266344 ], [ 89.544267395719714, 26.278336741194469 ], [ 89.544490774188247, 26.278776558315151 ], [ 89.544864815275403, 26.27959431005765 ], [ 89.544945462549805, 26.280037391845351 ], [ 89.545093478610994, 26.280288265142222 ], [ 89.545451538183201, 26.280343694250995 ], [ 89.546597646376483, 26.280540146172029 ], [ 89.54695565641525, 26.280595587653135 ], [ 89.547068563006363, 26.280879082170529 ], [ 89.547073815597983, 26.281133232450646 ], [ 89.546752823975609, 26.28114050282252 ], [ 89.546223795215099, 26.281438513252336 ], [ 89.546235094832909, 26.281978525790311 ], [ 89.546291458038141, 26.282962416470909 ], [ 89.546300179736264, 26.283375339328124 ], [ 89.546804664416285, 26.283618239464779 ], [ 89.549204312954828, 26.284104695826937 ], [ 89.550672187224194, 26.284389659525832 ], [ 89.551419312514156, 26.284309341864937 ], [ 89.552020010151267, 26.284041547289384 ], [ 89.552721293127362, 26.283453525082294 ], [ 89.553334487164364, 26.282008869107937 ], [ 89.553951399913473, 26.280722890946492 ], [ 89.554512116417541, 26.280201298215971 ], [ 89.555399330731873, 26.279958472663186 ], [ 89.557003268141571, 26.279890163084968 ], [ 89.558003915820166, 26.279994650538789 ], [ 89.5591195838917, 26.280541970183346 ], [ 89.55959937416273, 26.281421928617849 ], [ 89.559893894628047, 26.281924314923728 ], [ 89.560045292033479, 26.282398121245311 ], [ 89.560173599038066, 26.283540528919033 ], [ 89.560150579779446, 26.284209102144235 ], [ 89.559976102798501, 26.28440387501335 ], [ 89.559058524828359, 26.284869720575557 ], [ 89.558669170757511, 26.285005646783215 ], [ 89.558063636773639, 26.285019171156556 ], [ 89.557493700171818, 26.285031902128658 ], [ 89.557392431036348, 26.285320394887815 ], [ 89.557181828148089, 26.285484106594311 ], [ 89.556933737827904, 26.285553245208053 ], [ 89.556398798524171, 26.285533375109107 ], [ 89.555894410648861, 26.285258432866968 ], [ 89.55574687231443, 26.285007332994329 ], [ 89.555314932580913, 26.284794398256391 ], [ 89.554816758297065, 26.28483734193248 ], [ 89.554427371927588, 26.284973239392421 ], [ 89.554150635102843, 26.285392766074196 ], [ 89.55419651526222, 26.285900456709889 ], [ 89.554059165826601, 26.286157867992952 ], [ 89.553738553385784, 26.286165006347169 ], [ 89.553601883542186, 26.286454179616374 ], [ 89.553715233736256, 26.286769578435642 ], [ 89.554361561037908, 26.287009562649502 ], [ 89.554933370085777, 26.287092251773501 ], [ 89.555183967779627, 26.287150279549074 ], [ 89.555193641532966, 26.287626981774043 ], [ 89.554835570075198, 26.287539533642541 ], [ 89.554588869652235, 26.287672169153765 ], [ 89.554602558570991, 26.288339493559011 ], [ 89.55465194267147, 26.28900600610265 ], [ 89.554086212795539, 26.289209205177453 ], [ 89.553658941522883, 26.289218614166685 ], [ 89.553267935466593, 26.289259010825187 ], [ 89.552957520299344, 26.289742615721092 ], [ 89.552964244063787, 26.290060308278999 ], [ 89.553046246241266, 26.290567042121072 ], [ 89.553271351091581, 26.291102419568325 ], [ 89.553419214906683, 26.29300602963351 ], [ 89.553700266527628, 26.294461708461384 ], [ 89.554187299122717, 26.295563363797051 ], [ 89.554488097126224, 26.296287722289435 ], [ 89.554892779464751, 26.296882764874422 ], [ 89.554828786388271, 26.297201866629418 ], [ 89.554438350743382, 26.297241976201967 ], [ 89.55358491754707, 26.297260196453085 ], [ 89.553196645768992, 26.297395556732685 ], [ 89.553137141156014, 26.297905100989372 ], [ 89.553113996301775, 26.298445612477551 ], [ 89.552802098002118, 26.298801638579381 ], [ 89.552415459908744, 26.299000408540799 ], [ 89.552245126478425, 26.299321624555244 ], [ 89.552175995593188, 26.300910983903968 ], [ 89.551914543010298, 26.301869082001183 ], [ 89.551814083228209, 26.302125193740896 ], [ 89.55152828278824, 26.302067661132437 ], [ 89.550420557972103, 26.30183681159459 ], [ 89.548887889505522, 26.301678358123834 ], [ 89.547930030318966, 26.301761833761102 ], [ 89.546298722264325, 26.301922766521507 ], [ 89.545446807671013, 26.301972213057613 ], [ 89.544494052075649, 26.302245823719158 ], [ 89.543763665786585, 26.30286371880203 ], [ 89.543077526790725, 26.303797735590781 ], [ 89.542492536257598, 26.304507443532437 ], [ 89.541559827975831, 26.305477740412893 ], [ 89.540804155558646, 26.306412551095562 ], [ 89.540260754138885, 26.307311247405693 ], [ 89.540033329393211, 26.308076690846168 ], [ 89.540191928797157, 26.308675826967448 ], [ 89.540568723213639, 26.309460783805388 ], [ 89.541234146485976, 26.309959436789022 ], [ 89.541475142552599, 26.310140046714846 ], [ 89.542416069526453, 26.3107869951235 ], [ 89.544280988341313, 26.311479076234491 ], [ 89.545319327040616, 26.311807239093955 ], [ 89.545785689076027, 26.311988247913384 ], [ 89.546008884975137, 26.312364381458902 ], [ 89.546186012450406, 26.313066980991817 ], [ 89.546208788687622, 26.313157343566594 ], [ 89.546446359071581, 26.314100060000264 ], [ 89.546863425452358, 26.316407250328812 ], [ 89.546927805623241, 26.31748445046366 ], [ 89.546881475602916, 26.318405228583948 ], [ 89.547249592972335, 26.318905671718802 ], [ 89.547863342235615, 26.319306264476985 ], [ 89.548449982168705, 26.320024706161316 ], [ 89.548755376053307, 26.320843823803365 ], [ 89.548838963365824, 26.321235593045184 ], [ 89.548998036385257, 26.321981573090255 ], [ 89.549153072694992, 26.322486401407566 ], [ 89.549132443530738, 26.323058059652663 ], [ 89.548478191774279, 26.324062298822547 ], [ 89.548453078091214, 26.324100842121499 ], [ 89.548211326916643, 26.324471850068253 ], [ 89.547283480071599, 26.325631763833925 ], [ 89.547268019316078, 26.326425689789161 ], [ 89.547641313513239, 26.327180917196966 ], [ 89.547870997826905, 26.327875474303553 ], [ 89.547877891612842, 26.32816125451285 ], [ 89.547706797190045, 26.32841851946035 ], [ 89.547496457119422, 26.328517642575605 ], [ 89.547143626593538, 26.328587561439747 ], [ 89.546679973471839, 26.328468849022624 ], [ 89.546174771381217, 26.328096799012268 ], [ 89.545815840222318, 26.327912730435134 ], [ 89.545319821319183, 26.327921682637555 ], [ 89.545037940318096, 26.327990268075798 ], [ 89.544866962416293, 26.328247379896716 ], [ 89.545051725369902, 26.328561656299158 ], [ 89.545383334610221, 26.329095757101172 ], [ 89.546218571131902, 26.329970773621131 ], [ 89.546938535911949, 26.330466697208646 ], [ 89.547199849683366, 26.33106629984831 ], [ 89.547209436077594, 26.331511474489663 ], [ 89.5469345818302, 26.331930016094404 ], [ 89.546265621938431, 26.332164759529892 ], [ 89.54584022520946, 26.332172364465073 ], [ 89.545088784816002, 26.33183566587304 ], [ 89.544120949705743, 26.331311854636311 ], [ 89.543659732914634, 26.331288144954435 ], [ 89.54334155414233, 26.331325537114527 ], [ 89.543357630980154, 26.332136820006191 ], [ 89.543585360423918, 26.332944885305746 ], [ 89.544095816927168, 26.333748444200332 ], [ 89.544655258853311, 26.334328304461813 ], [ 89.544822831755766, 26.334851776173394 ], [ 89.544844744052071, 26.335154711615164 ], [ 89.544671828561917, 26.335541346163037 ], [ 89.544514400354132, 26.335768066280998 ], [ 89.543698979963295, 26.336039361739726 ], [ 89.543236393208304, 26.33604820941844 ], [ 89.542786319454564, 26.336023142322393 ], [ 89.542686113622722, 26.336017563895876 ], [ 89.542381654914337, 26.336000621138673 ], [ 89.541810973075044, 26.335851521450472 ], [ 89.541416795757755, 26.335442756695794 ], [ 89.540985634207885, 26.334842649901962 ], [ 89.540700584036983, 26.334751934231232 ], [ 89.540524191396358, 26.334915191390571 ], [ 89.540526847071575, 26.33536355064712 ], [ 89.540707007956726, 26.335761675023136 ], [ 89.540742519278623, 26.335840179472839 ], [ 89.541386658999542, 26.336500711317644 ], [ 89.541887875268358, 26.336971608092753 ], [ 89.542567049526312, 26.337214302270649 ], [ 89.54356589798725, 26.337194187353596 ], [ 89.544815223268728, 26.337393552373598 ], [ 89.545783866313144, 26.338110676749906 ], [ 89.546577354078835, 26.33899061214467 ], [ 89.547487536215129, 26.340442124360742 ], [ 89.547874681412878, 26.342379727512199 ], [ 89.548144634795833, 26.34352091966808 ], [ 89.548507784104089, 26.343864158431856 ], [ 89.548899866957726, 26.343856863642483 ], [ 89.549502171653359, 26.343654684941516 ], [ 89.550178757267062, 26.34361021775555 ], [ 89.55046621177145, 26.343732211155324 ], [ 89.550720449449187, 26.343982160794738 ], [ 89.550944211858251, 26.344487208994888 ], [ 89.551141655239263, 26.345405918568435 ], [ 89.551117310308996, 26.345914924955142 ], [ 89.550804762560645, 26.346270050521948 ], [ 89.550387100421631, 26.346690410364921 ], [ 89.549759974524449, 26.347272956370713 ], [ 89.54976707234907, 26.347558445856155 ], [ 89.549833629994041, 26.348762704120155 ], [ 89.549964695767017, 26.349680001710535 ], [ 89.550717114914477, 26.349857408947294 ], [ 89.55150088558986, 26.349875779138539 ], [ 89.551865053300091, 26.350186760267579 ], [ 89.551948668855587, 26.350661084346857 ], [ 89.551952820338727, 26.350819586551815 ], [ 89.551647585451008, 26.351395520286996 ], [ 89.55112472540381, 26.351816427530732 ], [ 89.550922086765922, 26.352231923155944 ], [ 89.551086955345056, 26.35308510487004 ], [ 89.551185817388443, 26.354219077835179 ], [ 89.551291238152842, 26.35542727204259 ], [ 89.551621930724039, 26.358495764130641 ], [ 89.551786135434781, 26.359316937625461 ], [ 89.552075587614496, 26.359502516682046 ], [ 89.553293349034377, 26.359832335736424 ], [ 89.553471890086243, 26.359925157602614 ], [ 89.554122477518391, 26.360263548715334 ], [ 89.556310963821375, 26.361055712041626 ], [ 89.559059193103892, 26.36158774514292 ], [ 89.560729666878999, 26.361659809846294 ], [ 89.562298085526606, 26.361924130351355 ], [ 89.563590074026806, 26.362510279255336 ], [ 89.56402970914165, 26.36307631788091 ], [ 89.565264579617107, 26.364268057741796 ], [ 89.565678273025966, 26.365248332884768 ], [ 89.5657568136794, 26.365565292042813 ], [ 89.56576908496433, 26.366073830452027 ], [ 89.565543789802518, 26.36652380514996 ], [ 89.565464837916792, 26.366681501438226 ], [ 89.564946570814556, 26.367228013223023 ], [ 89.564287468867946, 26.367807801177758 ], [ 89.563656860622459, 26.368101081863681 ], [ 89.562947559837482, 26.368077537142071 ], [ 89.562203536776224, 26.368086255523941 ], [ 89.560737069388864, 26.367563978326498 ], [ 89.55987590594161, 26.367161877937029 ], [ 89.559228051911688, 26.366789125186919 ], [ 89.558617145611038, 26.366479544790693 ], [ 89.557978062458915, 26.36645595571936 ], [ 89.557622630846836, 26.366428784929596 ], [ 89.557239978765011, 26.366719160416306 ], [ 89.556966215965332, 26.367103259376623 ], [ 89.556568878225889, 26.368186504461832 ], [ 89.556006828660955, 26.369747164802767 ], [ 89.555335205516826, 26.371181932838063 ], [ 89.554534454224694, 26.371762306500987 ], [ 89.553094004735854, 26.372319501074443 ], [ 89.551616884101335, 26.372846311447926 ], [ 89.550766526093554, 26.372921649068445 ], [ 89.549949845408761, 26.372933493700231 ], [ 89.548239993664382, 26.372769304286837 ], [ 89.547377124099498, 26.372402956880769 ], [ 89.546591305568654, 26.372257202304123 ], [ 89.546021191424089, 26.372203100822031 ], [ 89.544601912619001, 26.37228971574703 ], [ 89.543788272187939, 26.372429930681548 ], [ 89.543225938744214, 26.372660950031936 ], [ 89.542705268216309, 26.373112783595769 ], [ 89.542052146368164, 26.37391490324768 ], [ 89.541791638220488, 26.374773415727265 ], [ 89.541851796658065, 26.375657843655713 ], [ 89.542189147918819, 26.376284393053361 ], [ 89.54247952257235, 26.37650071440655 ], [ 89.542943116127788, 26.376556024564334 ], [ 89.543475985478182, 26.376547008872461 ], [ 89.54393075398508, 26.376286444360563 ], [ 89.544345603884125, 26.375868478561632 ], [ 89.545231486655211, 26.374493938285664 ], [ 89.546246754361519, 26.373939738775082 ], [ 89.547089639413684, 26.373578329714057 ], [ 89.54768996838969, 26.373442378347857 ], [ 89.548258234470552, 26.373433618684338 ], [ 89.549864970392733, 26.373726063967109 ], [ 89.55158211698992, 26.374176585794604 ], [ 89.552346488399806, 26.374862888566373 ], [ 89.552822488891806, 26.375395048683178 ], [ 89.552866614360667, 26.375711136676667 ], [ 89.553176388183701, 26.376657279102258 ], [ 89.553658222721211, 26.377411709048793 ], [ 89.554318685390811, 26.378228146771765 ], [ 89.554934226194135, 26.378728781662424 ], [ 89.555435296617347, 26.378945748452466 ], [ 89.557063476804402, 26.378994492112085 ], [ 89.558408522435485, 26.379046248198666 ], [ 89.559781570534042, 26.378812357101332 ], [ 89.561321935609925, 26.378195837286196 ], [ 89.562805501785192, 26.378151781785384 ], [ 89.563869999557198, 26.378334144009482 ], [ 89.564550029911416, 26.378710871892622 ], [ 89.564810380609885, 26.379282132028003 ], [ 89.5649955676259, 26.379663114459994 ], [ 89.565228620652348, 26.380617840513555 ], [ 89.565240463926074, 26.381159992523624 ], [ 89.565249402245897, 26.381574778647266 ], [ 89.565151126173745, 26.381926384487929 ], [ 89.564740317218536, 26.382502935950278 ], [ 89.564231803813556, 26.383463202918236 ], [ 89.563726338850472, 26.384583670565107 ], [ 89.563396349183762, 26.385704764397765 ], [ 89.563310329820709, 26.38666777332638 ], [ 89.563490401497276, 26.388312075071106 ], [ 89.563638443852497, 26.389772041113329 ], [ 89.563561373342324, 26.390620120257157 ], [ 89.56296229012365, 26.391537708591247 ], [ 89.56224844842113, 26.392162830585978 ], [ 89.561566721105009, 26.392690432536671 ], [ 89.560632402439907, 26.39308548601381 ], [ 89.559831010677073, 26.393314541670495 ], [ 89.558633318216053, 26.393407389599385 ], [ 89.557851281841295, 26.393335537641345 ], [ 89.556816494639833, 26.393162101679945 ], [ 89.5556766548806, 26.393020593003069 ], [ 89.55419166027724, 26.393106324341325 ], [ 89.552748254680864, 26.393356202781735 ], [ 89.552542779905963, 26.393519556397464 ], [ 89.552252578446812, 26.394115021225431 ], [ 89.552118305642992, 26.39491980562903 ], [ 89.552190023525242, 26.395266956150806 ], [ 89.552265025074547, 26.395632166204749 ], [ 89.552688899151917, 26.396243656286163 ], [ 89.553229872368689, 26.397089264820664 ], [ 89.553434553761477, 26.397659921285772 ], [ 89.553456924047936, 26.398192376112696 ], [ 89.553441591735762, 26.398722020002307 ], [ 89.552943513151689, 26.399420235543325 ], [ 89.552692840594787, 26.399480464840227 ], [ 89.552502012440968, 26.399738377911365 ], [ 89.552276996840078, 26.40009271861771 ], [ 89.551892105475503, 26.400620796250333 ], [ 89.550925127204891, 26.401180287001957 ], [ 89.549703874310509, 26.401765766714128 ], [ 89.548966446481003, 26.402056172468573 ], [ 89.548717311858766, 26.402292920748899 ], [ 89.548542047377438, 26.402595875292239 ], [ 89.548438691933043, 26.402868039801596 ], [ 89.548446090626385, 26.403255238920337 ], [ 89.548633100765002, 26.403581346309398 ], [ 89.549329145807462, 26.404046705163349 ], [ 89.550132478058785, 26.404418443070206 ], [ 89.551742928331663, 26.40529323119592 ], [ 89.552661268916708, 26.405959256881129 ], [ 89.553141730942215, 26.406516960611022 ], [ 89.55330321462948, 26.406788516859521 ], [ 89.55411032218332, 26.408144831077262 ], [ 89.555491420200909, 26.410081423705964 ], [ 89.556281180836478, 26.411265968888646 ], [ 89.557102340148631, 26.411848443559382 ], [ 89.557729648244973, 26.411720304766121 ], [ 89.558881928124364, 26.41178329350225 ], [ 89.56015379257876, 26.41205035257471 ], [ 89.561566509237721, 26.411750562960087 ], [ 89.562691852171881, 26.411728257043354 ], [ 89.564828699297109, 26.411731139560366 ], [ 89.565681106359662, 26.41176912411602 ], [ 89.566393198548852, 26.412092048871902 ], [ 89.567006645431135, 26.412644715780573 ], [ 89.567966814473721, 26.41351014439277 ], [ 89.568070017354373, 26.413578151852352 ], [ 89.568496266687944, 26.413859034519202 ], [ 89.568963894861767, 26.414456068834379 ], [ 89.569012019416292, 26.414517509771631 ], [ 89.569179217187553, 26.415313581839644 ], [ 89.569381645192834, 26.415593743116606 ], [ 89.570280434469197, 26.415987458756639 ], [ 89.57059307448813, 26.416229011191401 ], [ 89.571012559873139, 26.416553111957661 ], [ 89.571853266342089, 26.417884763653166 ], [ 89.572142335718553, 26.418342631698351 ], [ 89.572547869710021, 26.41898496437986 ], [ 89.573548788030081, 26.420065758547093 ], [ 89.573658076973373, 26.420271399130215 ], [ 89.573440739303962, 26.420517957258866 ], [ 89.572634792573396, 26.420823233237005 ], [ 89.572116531448344, 26.420964144018935 ], [ 89.571347317511851, 26.421294873151592 ], [ 89.571401409899494, 26.421738254481721 ], [ 89.571954419720058, 26.421927559383125 ], [ 89.572499448827216, 26.421876934786273 ], [ 89.572781628948789, 26.42190534684406 ], [ 89.572826963703591, 26.42208674277974 ], [ 89.572633746478559, 26.422450911357284 ], [ 89.5719441060875, 26.422845817320717 ], [ 89.571245669915797, 26.423134634015046 ], [ 89.570591570076772, 26.423321066274269 ], [ 89.570380653581452, 26.4235221304248 ], [ 89.570594835604311, 26.42377505015714 ], [ 89.571045059206824, 26.424013681232427 ], [ 89.571707051560765, 26.424520423895167 ], [ 89.57167854900166, 26.424751896444111 ], [ 89.571080020692278, 26.424913541824036 ], [ 89.570372658434692, 26.424987374574282 ], [ 89.569290346651229, 26.425045047989943 ], [ 89.56846484091102, 26.425075581401945 ], [ 89.568349575654608, 26.424495259000778 ], [ 89.567072574348643, 26.423956054361557 ], [ 89.566388224539082, 26.42442443094297 ], [ 89.565855487108294, 26.42509669354197 ], [ 89.566185466292168, 26.425992095318239 ], [ 89.566230620334551, 26.426114621081513 ], [ 89.566661985067441, 26.427030191521141 ], [ 89.566557046438518, 26.427702412516769 ], [ 89.565034729188426, 26.428232508744312 ], [ 89.56477540588844, 26.42866389318446 ], [ 89.564528956858936, 26.429073855519043 ], [ 89.564535167969339, 26.42922870476038 ], [ 89.564567486211416, 26.430034511626577 ], [ 89.564786786451222, 26.430322247702623 ], [ 89.565560017569638, 26.430123328471709 ], [ 89.566573462355095, 26.429862605087546 ], [ 89.566856828197928, 26.429786192255456 ], [ 89.567892151969531, 26.429097215443516 ], [ 89.569479400459286, 26.428339183695552 ], [ 89.571779537279497, 26.427436002027985 ], [ 89.573057272424592, 26.427035877749152 ], [ 89.573785257215008, 26.427011580129811 ], [ 89.574274252980771, 26.426995258150537 ], [ 89.575447259298983, 26.427056398701055 ], [ 89.576132817124716, 26.427347725854162 ], [ 89.577385997175696, 26.427837256552539 ], [ 89.580741516861877, 26.429450363400843 ], [ 89.583334299688715, 26.430875776284228 ], [ 89.58430451928615, 26.431072363679149 ], [ 89.584489354524038, 26.431032099649752 ], [ 89.584812312857125, 26.430962576716876 ], [ 89.585349724473843, 26.430300078984423 ], [ 89.585852699360089, 26.429680025955125 ], [ 89.587027716299403, 26.428782697746815 ], [ 89.589332592473227, 26.426545286832532 ], [ 89.592106484030936, 26.422972228879093 ], [ 89.593594269863416, 26.421360198895254 ], [ 89.597358225849632, 26.417281662614744 ], [ 89.60045703462589, 26.414091731803531 ], [ 89.601422411600211, 26.413124486189837 ], [ 89.602283736032049, 26.412261476600776 ], [ 89.604163870559361, 26.410058359215949 ], [ 89.607533482529064, 26.406687948383315 ], [ 89.607856952408227, 26.406394108670373 ], [ 89.611211387118985, 26.403346807817137 ], [ 89.615220078862791, 26.401178264531126 ], [ 89.615245760461221, 26.401114814361314 ], [ 89.616486688430868, 26.400174440570431 ], [ 89.617210463391359, 26.399625952004488 ], [ 89.617994702018251, 26.399134095285582 ], [ 89.618726472017869, 26.398667069289814 ], [ 89.619856275513513, 26.398216623517204 ], [ 89.620121720652051, 26.398198078378694 ], [ 89.620782699862758, 26.39815189791663 ], [ 89.620886002856651, 26.398030629414652 ], [ 89.620875631058524, 26.397984596965838 ], [ 89.621445281986681, 26.398057775087089 ], [ 89.621821596401702, 26.398371603748419 ], [ 89.621958413301655, 26.398560095096069 ], [ 89.621879432722508, 26.398979824415765 ], [ 89.621863742833611, 26.399063205977129 ], [ 89.621655268783215, 26.400010083645551 ], [ 89.621381211448963, 26.401173053431933 ], [ 89.621422819303746, 26.401840790887292 ], [ 89.621481756243952, 26.402102335122851 ], [ 89.621667262068982, 26.402098933842488 ], [ 89.622016689742338, 26.401137526012587 ], [ 89.622504010865583, 26.400412339519907 ], [ 89.622865841392837, 26.39999982754922 ], [ 89.623211966402096, 26.400065102909441 ], [ 89.623774415942634, 26.400317408758333 ], [ 89.624341378097327, 26.400140206518241 ], [ 89.62467531380878, 26.400203759192983 ], [ 89.624998298530713, 26.400509819884419 ], [ 89.625137824495596, 26.400817632844557 ], [ 89.625049947541143, 26.401049895473886 ], [ 89.625037765520091, 26.401082094214296 ], [ 89.624672698093818, 26.401351421308451 ], [ 89.624518015460012, 26.401545260320013 ], [ 89.62452341706981, 26.401783910968518 ], [ 89.624850646556851, 26.402083455467729 ], [ 89.62498365567609, 26.402205210682478 ], [ 89.625416156108741, 26.402630604918574 ], [ 89.625770015276672, 26.402978645263488 ], [ 89.62596558865927, 26.404230035362172 ], [ 89.626049063396565, 26.404764141095256 ], [ 89.625770519613269, 26.40534225547108 ], [ 89.625757146988775, 26.405364365214375 ], [ 89.625566073545812, 26.405680259973742 ], [ 89.625737239232308, 26.406122566471428 ], [ 89.625801174805034, 26.406287782530775 ], [ 89.626151286631966, 26.406156312822517 ], [ 89.626712133420867, 26.405945706751076 ], [ 89.627258932386866, 26.406675782007291 ], [ 89.627364026921597, 26.406828299022557 ], [ 89.627395819641521, 26.406829727891445 ], [ 89.627748407559068, 26.407215909159071 ], [ 89.627902011650761, 26.407512858656276 ], [ 89.627989753851253, 26.408036710803483 ], [ 89.628621411760207, 26.411807715832008 ], [ 89.628640355715419, 26.412642988207192 ], [ 89.628167627524675, 26.41284268077624 ], [ 89.625849938248109, 26.41352989880178 ], [ 89.625485377968232, 26.413823094970368 ], [ 89.625339872657435, 26.414422640106718 ], [ 89.624782196069233, 26.415555003684297 ], [ 89.62399282393315, 26.416357224583471 ], [ 89.623398466537182, 26.416961247061661 ], [ 89.623227074209098, 26.417135424959973 ], [ 89.623001395392095, 26.417590803781447 ], [ 89.622974776239644, 26.417820491306156 ], [ 89.62306905155404, 26.417950344755159 ], [ 89.623138990390785, 26.418046677330977 ], [ 89.623825710690284, 26.41886491947265 ], [ 89.623978893156632, 26.419072206654057 ], [ 89.624024222246462, 26.419447325459718 ], [ 89.624055113875059, 26.419627366037922 ], [ 89.624226173428326, 26.420624310583662 ], [ 89.62438368388969, 26.421022516908582 ], [ 89.624762758106485, 26.421368903693164 ], [ 89.62521541768588, 26.421626665224903 ], [ 89.626504210339263, 26.422213129470816 ], [ 89.627365878058967, 26.422490930934011 ], [ 89.62750708800877, 26.422368812194083 ], [ 89.627412530470082, 26.421754734379121 ], [ 89.627374229520001, 26.42146893964998 ], [ 89.627977707034731, 26.420616619506394 ], [ 89.629645385348496, 26.419192479176527 ], [ 89.629882302811481, 26.419116495267449 ], [ 89.63016952747661, 26.419154184235932 ], [ 89.63135706506803, 26.419605046096304 ], [ 89.633111256087005, 26.419787610693696 ], [ 89.63460612170114, 26.4197600606261 ], [ 89.635133519693539, 26.419864935849198 ], [ 89.635806324908813, 26.420067402126286 ], [ 89.636333073370849, 26.420143635065966 ], [ 89.636823454435699, 26.420019989316735 ], [ 89.637038775104855, 26.419800412901409 ], [ 89.637026213790818, 26.419142431312999 ], [ 89.637068707495388, 26.418912448936322 ], [ 89.637160212492319, 26.418738862431873 ], [ 89.637350187380051, 26.4186877658702 ], [ 89.637660202247062, 26.41860438189882 ], [ 89.637845330408581, 26.418783518028231 ], [ 89.638007036401532, 26.419597050398007 ], [ 89.63816213733395, 26.420629342226789 ], [ 89.638212645479953, 26.420717165088043 ], [ 89.638934367293459, 26.420812619937944 ], [ 89.639640985699259, 26.420328568104285 ], [ 89.640368913444448, 26.420284896775101 ], [ 89.642796549656822, 26.420739350649193 ], [ 89.643495664940374, 26.420870216789393 ], [ 89.64585068337982, 26.420946007984636 ], [ 89.64664855095792, 26.421050607072651 ], [ 89.647408180533873, 26.421489781134177 ], [ 89.647618495275367, 26.421918548430245 ], [ 89.647770310971026, 26.422176737654429 ], [ 89.647987577942814, 26.422163031492154 ], [ 89.648243526409317, 26.422132502184994 ], [ 89.648996680709601, 26.422042662825916 ], [ 89.649209172029813, 26.421594655655458 ], [ 89.649559219968538, 26.42090057635566 ], [ 89.649741538368971, 26.420524751712698 ], [ 89.649811882238708, 26.420122353646882 ], [ 89.649820907783607, 26.41982136663577 ], [ 89.649912720956038, 26.419662091133741 ], [ 89.650131427784416, 26.41948613872178 ], [ 89.650404636539221, 26.41939014817298 ], [ 89.650604901765263, 26.419319785832762 ], [ 89.650771611213926, 26.420348076824006 ], [ 89.650920959953595, 26.420617477447177 ], [ 89.651156357624515, 26.42089269071019 ], [ 89.651392614569517, 26.421009086512978 ], [ 89.651766846716129, 26.421193458027187 ], [ 89.651954465943774, 26.421285890317776 ], [ 89.652131364090025, 26.421368555813817 ], [ 89.65208988363446, 26.421641496350812 ], [ 89.651937409830808, 26.421930821411763 ], [ 89.651675910196118, 26.422322441653151 ], [ 89.651282924025864, 26.422530280467495 ], [ 89.650472198971116, 26.42255964448222 ], [ 89.650236892285818, 26.422683124611257 ], [ 89.650047732102649, 26.422782387781425 ], [ 89.649816064074756, 26.423087504276065 ], [ 89.649792118565401, 26.423431742982924 ], [ 89.64978928995636, 26.423475625982242 ], [ 89.650041835275857, 26.423885471354346 ], [ 89.650313052155695, 26.424325613507534 ], [ 89.650759078612182, 26.424144846974887 ], [ 89.650781587810116, 26.423553015112223 ], [ 89.650905485324358, 26.423417126305171 ], [ 89.651061710613874, 26.423245780062285 ], [ 89.651233355482773, 26.423370818854334 ], [ 89.651302300343005, 26.423421043741726 ], [ 89.651487300083545, 26.423904555381057 ], [ 89.651842999879463, 26.424330556989954 ], [ 89.653729065792518, 26.424153133100507 ], [ 89.65470107362286, 26.424250154343838 ], [ 89.655684261954221, 26.424356914821765 ], [ 89.656081474649355, 26.424443499369861 ], [ 89.656178946843639, 26.424585554390639 ], [ 89.656302935247098, 26.424768283995913 ], [ 89.655583212385608, 26.425399626664255 ], [ 89.655573387235322, 26.425743245552233 ], [ 89.656106864289441, 26.426449644851505 ], [ 89.656563508075308, 26.426869284635391 ], [ 89.657503815648653, 26.426741435332655 ], [ 89.657691682502588, 26.427016772895932 ], [ 89.657888486127831, 26.42757900232262 ], [ 89.657968446314442, 26.427807430671578 ], [ 89.658023013784103, 26.427961638195697 ], [ 89.658530112779104, 26.428766885389944 ], [ 89.659510760465622, 26.429589260395915 ], [ 89.660736621315948, 26.43015887710693 ], [ 89.662260606752611, 26.431012491027808 ], [ 89.662588319015057, 26.431513531180958 ], [ 89.66263373427708, 26.432084018969725 ], [ 89.662202588638408, 26.432138205745037 ], [ 89.662034529494548, 26.43215932728544 ], [ 89.661745421887005, 26.432101618825527 ], [ 89.660968221616557, 26.431420824954984 ], [ 89.660643193505294, 26.431427815018662 ], [ 89.660438432053041, 26.431432219219158 ], [ 89.659922391910683, 26.431864445382192 ], [ 89.659896798428306, 26.43188588235715 ], [ 89.659158462761781, 26.43190689257634 ], [ 89.659098275073177, 26.431908604774634 ], [ 89.658954361322259, 26.431963526146912 ], [ 89.658528904500358, 26.432125893177428 ], [ 89.658428268706231, 26.432164298030347 ], [ 89.658458141057466, 26.432386764797677 ], [ 89.65892556595297, 26.43275058934465 ], [ 89.659842886921552, 26.433780527867125 ], [ 89.660284949881643, 26.434506372790313 ], [ 89.660290968642869, 26.434515360807556 ], [ 89.660875887734477, 26.435388815149356 ], [ 89.661003115724938, 26.435930053465921 ], [ 89.66102769208716, 26.436597306210185 ], [ 89.661185049824098, 26.437069641509797 ], [ 89.662540329200027, 26.436938206517855 ], [ 89.662553931215825, 26.436936887324215 ], [ 89.6626064272793, 26.436396922872976 ], [ 89.662410467964364, 26.435833509379986 ], [ 89.662399129265523, 26.435507230977187 ], [ 89.662394031322805, 26.435360547906164 ], [ 89.663268741122621, 26.434740454675097 ] ] ] } },
{ "type": "Feature", "properties": { "BLOCK_NAME": "Tufanganj-II", "SUBDIV_NAM": "Tufanganj", "DIST_NAME": "Cooch Behar", "AREA_SQKM": 259.684 }, "geometry": { "type": "MultiPolygon", "coordinates": [ [ [ [ 89.712980630391385, 26.257650248311133 ], [ 89.714299492914705, 26.25743431789197 ], [ 89.715321671307919, 26.256985246055411 ], [ 89.716230202177982, 26.256204078925965 ], [ 89.716230993140968, 26.256202333283653 ], [ 89.716382478508223, 26.256110673269049 ], [ 89.717444754665706, 26.2534047124525 ], [ 89.717380859886205, 26.25066038214775 ], [ 89.717268868076502, 26.248692876177309 ], [ 89.718219590468735, 26.246884308287417 ], [ 89.719588079028398, 26.245963106304199 ], [ 89.720163658910124, 26.245821699521443 ], [ 89.721957253648441, 26.24538103730146 ], [ 89.727041636127964, 26.244866754168513 ], [ 89.730719921547063, 26.243662819038725 ], [ 89.732714548017995, 26.242766538816255 ], [ 89.733423643185716, 26.242126185203688 ], [ 89.733460755829611, 26.242092670096127 ], [ 89.733498483408027, 26.242022935643934 ], [ 89.73414589789509, 26.240826235942055 ], [ 89.734507620234282, 26.239315280047336 ], [ 89.734529710158426, 26.238562825970501 ], [ 89.734540899556222, 26.237871062323677 ], [ 89.733519211610528, 26.236178242436957 ], [ 89.730938800680264, 26.234508401024002 ], [ 89.728210568181083, 26.233306861573791 ], [ 89.726362225575983, 26.232740133312713 ], [ 89.725570956022608, 26.232497509845697 ], [ 89.723413497684049, 26.231929645518484 ], [ 89.723037791054068, 26.231867530782701 ], [ 89.719294675737032, 26.230615520348739 ], [ 89.716586970171207, 26.229899029578483 ], [ 89.716095466085321, 26.229657084273164 ], [ 89.715252929280652, 26.229069590314154 ], [ 89.714597693520034, 26.229967646046052 ], [ 89.7137614791056, 26.231285094927724 ], [ 89.712551483832101, 26.233358779190301 ], [ 89.711089184272581, 26.235526706980004 ], [ 89.710055373393999, 26.236613885209639 ], [ 89.70930729992466, 26.237310294174932 ], [ 89.709267936297934, 26.238255359965901 ], [ 89.70956737598847, 26.239583189296283 ], [ 89.709481411179425, 26.240571636086003 ], [ 89.708690207314362, 26.241051803471724 ], [ 89.707940338606804, 26.24054454783473 ], [ 89.707606814655463, 26.240204818782367 ], [ 89.706506014909124, 26.240129940196571 ], [ 89.705839397161313, 26.23992210556704 ], [ 89.705467252546299, 26.239154624053615 ], [ 89.704092111646787, 26.239852303968945 ], [ 89.701559799584459, 26.241052350735067 ], [ 89.699997557645375, 26.241949552222323 ], [ 89.69892579968996, 26.242900528662123 ], [ 89.698023186817565, 26.243419675621695 ], [ 89.696894194098775, 26.244292396275256 ], [ 89.696146383664015, 26.244548231941582 ], [ 89.695742265716802, 26.244687441355847 ], [ 89.694446049266389, 26.245131976579103 ], [ 89.694365064093446, 26.245526414643585 ], [ 89.694517146096729, 26.245655501105229 ], [ 89.695010116647325, 26.245738069735662 ], [ 89.695365240851558, 26.245993007651819 ], [ 89.696390632237765, 26.246795353135226 ], [ 89.698694445910562, 26.248784148567008 ], [ 89.699037993839283, 26.249059300593007 ], [ 89.699196669968728, 26.249634289061643 ], [ 89.699604947006819, 26.249695824041616 ], [ 89.701296187122765, 26.249920754949489 ], [ 89.701810606974377, 26.249981900424594 ], [ 89.70235875389173, 26.250149722525478 ], [ 89.702730416667308, 26.250339977758085 ], [ 89.702947668677638, 26.250873175990744 ], [ 89.703093814007786, 26.251792947367548 ], [ 89.703101920553621, 26.252500175980341 ], [ 89.702921521899341, 26.252840715660014 ], [ 89.702130253223274, 26.252920792793308 ], [ 89.701113881141538, 26.25320758130383 ], [ 89.700624126309535, 26.253209965851433 ], [ 89.700426450633117, 26.253348596399373 ], [ 89.700282881493848, 26.253848548857508 ], [ 89.700226892852541, 26.254238449259798 ], [ 89.700342223866571, 26.25439316941949 ], [ 89.700867232264642, 26.254421422549939 ], [ 89.70128799620278, 26.254624005898343 ], [ 89.701456505241111, 26.255049969919636 ], [ 89.701474057546719, 26.255321484595502 ], [ 89.70183688393783, 26.255501017140688 ], [ 89.702667886120878, 26.255601313466958 ], [ 89.704208174907336, 26.256060133692266 ], [ 89.705131087591383, 26.256408657296848 ], [ 89.705601523277736, 26.256758493433427 ], [ 89.705827610860595, 26.257147354302482 ], [ 89.706112673814985, 26.257109164542239 ], [ 89.706080700769746, 26.257181845149979 ], [ 89.70593957375452, 26.257490097707233 ], [ 89.705790365343205, 26.257807854336093 ], [ 89.707899128295267, 26.25774621301413 ], [ 89.710866667240552, 26.257833438218118 ], [ 89.712980630391385, 26.257650248311133 ] ] ], [ [ [ 89.843944741966013, 26.469684256102372 ], [ 89.845729846846154, 26.469444152902287 ], [ 89.845730262388557, 26.469444132886778 ], [ 89.846692799965709, 26.46940378896339 ], [ 89.847181672341193, 26.469383295960103 ], [ 89.848001332484301, 26.469559726302098 ], [ 89.848445797667338, 26.470325676403242 ], [ 89.848873361160031, 26.470413661471923 ], [ 89.849270267155561, 26.470301974128635 ], [ 89.849612569154033, 26.470205655991865 ], [ 89.850717655507367, 26.469245945072974 ], [ 89.850826969566867, 26.469151010202985 ], [ 89.851291245760891, 26.468795768452406 ], [ 89.851940218448405, 26.468299199201191 ], [ 89.852708620346547, 26.467837151981385 ], [ 89.853377824286383, 26.467664244590747 ], [ 89.853378889524635, 26.467664269307569 ], [ 89.853722145987078, 26.467672111736285 ], [ 89.854122622869738, 26.467681261319296 ], [ 89.854122949426355, 26.467681129376142 ], [ 89.855035089132969, 26.467312043267942 ], [ 89.85618043920671, 26.466352994443547 ], [ 89.856360332413658, 26.466205198048019 ], [ 89.856451195452678, 26.466136710702539 ], [ 89.857318851995643, 26.465484626694725 ], [ 89.857985302709622, 26.465248063506095 ], [ 89.858028899126396, 26.465255639132685 ], [ 89.859961111875037, 26.465591378108844 ], [ 89.860885695284409, 26.465604907213017 ], [ 89.86094859456361, 26.465598157120468 ], [ 89.863103407835496, 26.465366900845257 ], [ 89.863104767012217, 26.465366814031356 ], [ 89.863476228563826, 26.465343009565057 ], [ 89.864625876943109, 26.465269328960336 ], [ 89.865083476577951, 26.465100571216606 ], [ 89.865128179423508, 26.465026534429942 ], [ 89.865356381429663, 26.464648590765005 ], [ 89.865356513332216, 26.464648371578718 ], [ 89.865364600731581, 26.464546912632375 ], [ 89.865384013366779, 26.464303261147975 ], [ 89.865431494209446, 26.463706163718168 ], [ 89.865437879761728, 26.463625711562997 ], [ 89.86543785200918, 26.463625602948795 ], [ 89.865362718789171, 26.463339419480665 ], [ 89.864929649082882, 26.46168958805313 ], [ 89.864350377916011, 26.458319091500719 ], [ 89.863667574786248, 26.45514204837967 ], [ 89.863667396697423, 26.455142021275648 ], [ 89.863316793150247, 26.455088981297546 ], [ 89.863292569347365, 26.45508530599135 ], [ 89.86328878727258, 26.455084732230222 ], [ 89.863112258589368, 26.455084285635326 ], [ 89.862053620364662, 26.455081603394014 ], [ 89.862046375856451, 26.455081585323562 ], [ 89.860987929963741, 26.455263469994833 ], [ 89.860586468648407, 26.455554642293816 ], [ 89.86055250725768, 26.45565283752121 ], [ 89.860470841372205, 26.455888969366331 ], [ 89.86024134965119, 26.456547911410684 ], [ 89.860096028756246, 26.456996568512423 ], [ 89.859748056902973, 26.457017642720171 ], [ 89.859729898984682, 26.457018622703238 ], [ 89.859327198073501, 26.457040347430862 ], [ 89.856067336787419, 26.456867952928167 ], [ 89.855893050970792, 26.456858734249042 ], [ 89.855727390876709, 26.45684997167039 ], [ 89.855063999728145, 26.456627922718482 ], [ 89.854608021214446, 26.456474859464478 ], [ 89.85422717998685, 26.456346699452148 ], [ 89.854191787202254, 26.456312461175408 ], [ 89.853847259302569, 26.455981677818425 ], [ 89.853794418971276, 26.455698827948193 ], [ 89.853731045064023, 26.455402326441476 ], [ 89.853618052153209, 26.454489207303382 ], [ 89.853519176776459, 26.454158639805645 ], [ 89.853461008816993, 26.453960341264214 ], [ 89.852682828381717, 26.45352984644925 ], [ 89.852163778852614, 26.453249648928754 ], [ 89.85139013917339, 26.452858386614782 ], [ 89.851157755071199, 26.451725024323512 ], [ 89.851108389633083, 26.451486233400068 ], [ 89.850897355916572, 26.448369626447576 ], [ 89.850980144302625, 26.447823152789312 ], [ 89.851481792199607, 26.447872245043516 ], [ 89.851892512213325, 26.44791657239573 ], [ 89.855111838013769, 26.448263972551253 ], [ 89.855112047948566, 26.44826399090973 ], [ 89.855097158105636, 26.448072368529768 ], [ 89.854954822949139, 26.446240594409097 ], [ 89.854930234368311, 26.445927527294693 ], [ 89.854817870101968, 26.445247032557276 ], [ 89.854696366055137, 26.444513200669007 ], [ 89.854670837450328, 26.444359021200121 ], [ 89.851463338125996, 26.444658134187275 ], [ 89.850459607462582, 26.444752683766435 ], [ 89.849163585708439, 26.444812246865833 ], [ 89.848319224925206, 26.444830845867436 ], [ 89.848275810692854, 26.444831802026613 ], [ 89.848108654317684, 26.444859604171363 ], [ 89.847828285163686, 26.444906255453457 ], [ 89.847695695687776, 26.445007798218793 ], [ 89.847146037985411, 26.445429389026724 ], [ 89.846443111977848, 26.445969333943534 ], [ 89.846016857127509, 26.446151942422066 ], [ 89.845566531132334, 26.446344591467692 ], [ 89.844837738081736, 26.446394156174321 ], [ 89.838766873812204, 26.44715365756015 ], [ 89.834718707708973, 26.447586812162971 ], [ 89.832022938425098, 26.447875009963607 ], [ 89.830966172044739, 26.448231889433128 ], [ 89.830678324099907, 26.448329096993156 ], [ 89.830088532074654, 26.448345135860869 ], [ 89.830047022466928, 26.448188818098931 ], [ 89.830005025972739, 26.448027505123481 ], [ 89.830004854565075, 26.448026848967849 ], [ 89.830243152080698, 26.447218975632282 ], [ 89.830283978784962, 26.447151348585763 ], [ 89.830426744018155, 26.446919157771134 ], [ 89.830848911072721, 26.4463272501905 ], [ 89.831680804745574, 26.44516085677234 ], [ 89.832682363214573, 26.444096578147192 ], [ 89.83320006730645, 26.443579020560001 ], [ 89.833418118162271, 26.44300772696754 ], [ 89.833199611879962, 26.442206370062447 ], [ 89.832908275710764, 26.4411378940685 ], [ 89.832329712823551, 26.44052271950677 ], [ 89.832104296748753, 26.440238737835607 ], [ 89.831816689822801, 26.439876402216573 ], [ 89.830775405108142, 26.439469689440337 ], [ 89.829651341784512, 26.439557467436966 ], [ 89.828562542709719, 26.439642482913463 ], [ 89.827036701526907, 26.44095583631136 ], [ 89.824600598788933, 26.443003355513042 ], [ 89.823058891891094, 26.443829467074067 ], [ 89.822666577138378, 26.443871098367612 ], [ 89.821905569364333, 26.443951851872669 ], [ 89.821296821038743, 26.443456588942482 ], [ 89.820806068061245, 26.442362180601151 ], [ 89.820880021085685, 26.441316298387626 ], [ 89.821890383714617, 26.440610004001705 ], [ 89.823587033829213, 26.439502209958675 ], [ 89.824631578352822, 26.438332756619474 ], [ 89.824780863653743, 26.438165617348172 ], [ 89.825288390726399, 26.437230521655369 ], [ 89.825423469266923, 26.435974545977189 ], [ 89.824785302911508, 26.434297077347065 ], [ 89.824723478973894, 26.434247570091024 ], [ 89.82472334854701, 26.434247194621264 ], [ 89.824541947034078, 26.433734788141955 ], [ 89.824541879416017, 26.433734604514669 ], [ 89.824741165895844, 26.433219612850987 ], [ 89.825097196982981, 26.433089573510216 ], [ 89.825438114463424, 26.432969195063414 ], [ 89.826638736269331, 26.432866651410396 ], [ 89.827650783980843, 26.432761682638702 ], [ 89.827868013966494, 26.432739745918596 ], [ 89.830562468040114, 26.432429555083587 ], [ 89.830968599870374, 26.432382795458413 ], [ 89.83151840903102, 26.432319492317962 ], [ 89.831919451695001, 26.432290838239535 ], [ 89.832472847431276, 26.432251296309804 ], [ 89.833362748636432, 26.432188776180407 ], [ 89.83355824750582, 26.432175147693002 ], [ 89.836514459125098, 26.43186108545407 ], [ 89.837209507047461, 26.431787235449161 ], [ 89.838437798511606, 26.43145562112673 ], [ 89.838468802246311, 26.431434430886391 ], [ 89.839281808716692, 26.430879580946801 ], [ 89.839282033427693, 26.430879426705733 ], [ 89.839331111582339, 26.430328016882299 ], [ 89.839010285206683, 26.429462897102947 ], [ 89.839010207952754, 26.429462852623015 ], [ 89.83872840402671, 26.429302836649711 ], [ 89.838520062136809, 26.429307820891424 ], [ 89.838390609192857, 26.42954212278735 ], [ 89.838315964329396, 26.429673751260317 ], [ 89.837744217542692, 26.42988596683454 ], [ 89.837532395916128, 26.429907389409205 ], [ 89.837413381277258, 26.429919425510978 ], [ 89.837292079604808, 26.429931703629791 ], [ 89.837213192556206, 26.429900193546469 ], [ 89.836848842132326, 26.429754405978006 ], [ 89.83652345936261, 26.429624208895881 ], [ 89.835972918050203, 26.429095907854972 ], [ 89.835331618411345, 26.428489051202867 ], [ 89.834904486580967, 26.427461957080762 ], [ 89.834904474635664, 26.427461919422843 ], [ 89.834883308025297, 26.427369130487435 ], [ 89.834688531068423, 26.426510478134887 ], [ 89.83467921200787, 26.426446635896259 ], [ 89.834575733322808, 26.425732092569543 ], [ 89.834567997024507, 26.42502638110917 ], [ 89.834528081474559, 26.424898241695463 ], [ 89.834257518182682, 26.424030224741845 ], [ 89.834145284672658, 26.423843566216146 ], [ 89.833730163789639, 26.423152784366163 ], [ 89.832209612093848, 26.422270995955778 ], [ 89.830727421850966, 26.42136091265203 ], [ 89.830447068862128, 26.420962688984641 ], [ 89.830446570555395, 26.420745760452263 ], [ 89.830446841607056, 26.420745493426878 ], [ 89.831172204540209, 26.420123766054694 ], [ 89.83117224136636, 26.420123714798329 ], [ 89.83155093248908, 26.419595639914085 ], [ 89.831714858831262, 26.419310957736467 ], [ 89.831888373318336, 26.419009555944129 ], [ 89.833061043794473, 26.418022639854509 ], [ 89.833667186256008, 26.417212522202007 ], [ 89.834130394040429, 26.416599833385337 ], [ 89.834338461223624, 26.415897821698625 ], [ 89.834485520365916, 26.414819346473823 ], [ 89.834871300320316, 26.414002525445106 ], [ 89.83600656066902, 26.413427033448368 ], [ 89.836328866654725, 26.413299534180354 ], [ 89.836508851140636, 26.413228353962808 ], [ 89.836568543217908, 26.413204746268107 ], [ 89.837208053606943, 26.412951958112817 ], [ 89.83872042446724, 26.412589487863098 ], [ 89.838449539762266, 26.411908188142561 ], [ 89.83731273248307, 26.40904890380008 ], [ 89.836720001196284, 26.406494386257027 ], [ 89.835625552744986, 26.402684184982956 ], [ 89.835390483655218, 26.400910746228021 ], [ 89.835476282910392, 26.398999250695518 ], [ 89.836752899451469, 26.397004454026636 ], [ 89.837793723066198, 26.39620794698854 ], [ 89.839178857095035, 26.395941725928584 ], [ 89.840985312766477, 26.395905845021165 ], [ 89.84143382778025, 26.396016294660921 ], [ 89.844016650562466, 26.398650580986523 ], [ 89.845528050888873, 26.400828696541339 ], [ 89.847076452348801, 26.401812441959301 ], [ 89.847428196558823, 26.402008869463984 ], [ 89.849185857925931, 26.401352653701238 ], [ 89.850407741091161, 26.399836282834706 ], [ 89.851586826999551, 26.399275645290977 ], [ 89.853026449080659, 26.39853075833064 ], [ 89.854098162113587, 26.396301191304548 ], [ 89.855038837166163, 26.394133914250489 ], [ 89.855493152594633, 26.393570678037431 ], [ 89.856340447819932, 26.391555585646607 ], [ 89.856450050930519, 26.389548133478105 ], [ 89.857168600709926, 26.38863270949636 ], [ 89.857992005147096, 26.387583681008412 ], [ 89.858514833933995, 26.386212518621335 ], [ 89.858439689011703, 26.386077466251393 ], [ 89.85776604919937, 26.384866768193351 ], [ 89.855439470598327, 26.38326524180604 ], [ 89.854935095057755, 26.382918037663799 ], [ 89.853578752866483, 26.382730253829251 ], [ 89.851261690157671, 26.382275143385851 ], [ 89.848217078561674, 26.38133316380037 ], [ 89.845714779538497, 26.379807393296126 ], [ 89.844081470717185, 26.378049448759558 ], [ 89.842456977245092, 26.376649393104493 ], [ 89.840782834739329, 26.376467794828692 ], [ 89.839060742936738, 26.37757624069798 ], [ 89.8354505134146, 26.379509896182078 ], [ 89.832536211465865, 26.380641895077307 ], [ 89.83072925850891, 26.381537075635045 ], [ 89.830613057313812, 26.381582600967779 ], [ 89.829748634629397, 26.381565868283111 ], [ 89.828871660535924, 26.380926718975612 ], [ 89.827497667886135, 26.378924716800292 ], [ 89.827482515428457, 26.37558285514358 ], [ 89.827700852580477, 26.374390062906318 ], [ 89.828756967736467, 26.370783145989193 ], [ 89.829356688734094, 26.368204986700242 ], [ 89.828063610291224, 26.366798193173178 ], [ 89.827660474818217, 26.366567433676348 ], [ 89.82583622405636, 26.365111430465575 ], [ 89.823739889491861, 26.363362361309978 ], [ 89.822377816353509, 26.361837505893874 ], [ 89.821824881020447, 26.360893501012111 ], [ 89.82161376032326, 26.359988894616688 ], [ 89.821684636597496, 26.359632345376991 ], [ 89.82220753575335, 26.358706885167848 ], [ 89.822281085768552, 26.358621409800254 ], [ 89.825075022643844, 26.356313921864313 ], [ 89.82551531438412, 26.355350325296136 ], [ 89.825496454434173, 26.354574835684669 ], [ 89.825337915148353, 26.353503695370211 ], [ 89.824656928056754, 26.352741272113086 ], [ 89.82329479381319, 26.352153819659666 ], [ 89.821270160657377, 26.351876302743076 ], [ 89.820625291335773, 26.35170358652514 ], [ 89.819897456227594, 26.351659688047633 ], [ 89.819153427472727, 26.351841173693625 ], [ 89.818642952597784, 26.352048460297947 ], [ 89.818151677239484, 26.35248057523971 ], [ 89.817745026297914, 26.352717619257987 ], [ 89.817385554342138, 26.35272812135949 ], [ 89.816295479110167, 26.352985759128618 ], [ 89.816024830363702, 26.35312553446483 ], [ 89.81573675697544, 26.353307841626464 ], [ 89.815117912851449, 26.353699473608646 ], [ 89.813862304146667, 26.355466875367107 ], [ 89.812761532156713, 26.357064116369617 ], [ 89.81253190793467, 26.358524870715879 ], [ 89.812653105560528, 26.359353799057136 ], [ 89.81320678664143, 26.360478276391891 ], [ 89.814600700808668, 26.362659971425668 ], [ 89.814652875219579, 26.362741631725946 ], [ 89.817113168351113, 26.365844425533748 ], [ 89.818673393366893, 26.367890628178522 ], [ 89.81988119644592, 26.369775628891922 ], [ 89.819724090208894, 26.370233325449039 ], [ 89.819019307200278, 26.370676921291093 ], [ 89.817429941749182, 26.370708225980529 ], [ 89.815394817928563, 26.37039019329146 ], [ 89.813270693595967, 26.369679980302529 ], [ 89.810058076584156, 26.36669932262976 ], [ 89.806582274311495, 26.363839818027163 ], [ 89.803174519125562, 26.362832719416208 ], [ 89.799741217487224, 26.362572979111413 ], [ 89.79358689952042, 26.360460124824993 ], [ 89.790714231723044, 26.359070445823715 ], [ 89.790178751650359, 26.358842154454639 ], [ 89.788095911194972, 26.357629402615022 ], [ 89.785672013149551, 26.356005475866631 ], [ 89.78411185159888, 26.354484073215545 ], [ 89.783707407267613, 26.354193523825579 ], [ 89.783274122748864, 26.353725065063379 ], [ 89.781465647845806, 26.35076354741858 ], [ 89.780265331652416, 26.347110384705516 ], [ 89.779336788008848, 26.343738409659267 ], [ 89.779869223913153, 26.341627227082963 ], [ 89.78067218216863, 26.339749523314406 ], [ 89.782333986831986, 26.338332597115784 ], [ 89.784046429630152, 26.336819177016622 ], [ 89.785196797538717, 26.336176106243887 ], [ 89.785240668494694, 26.336139982439725 ], [ 89.785396443536399, 26.335851283423334 ], [ 89.786016003058663, 26.33488052784152 ], [ 89.78613698560234, 26.334690964943878 ], [ 89.786383507924185, 26.333922226999814 ], [ 89.786178126702524, 26.333090659825999 ], [ 89.785829042023877, 26.332494097649988 ], [ 89.783079494313625, 26.329916242191096 ], [ 89.781960106436742, 26.32915725623652 ], [ 89.777585913234503, 26.326191204701516 ], [ 89.771697175196635, 26.324226333808014 ], [ 89.771296937375041, 26.324092776330478 ], [ 89.769664092595448, 26.323209716109499 ], [ 89.768558840436398, 26.320802636909999 ], [ 89.765719145873192, 26.319472818364392 ], [ 89.760888761962264, 26.318851771950573 ], [ 89.75732120335698, 26.317554455828784 ], [ 89.756908744981331, 26.317404460305156 ], [ 89.754001178948528, 26.316119598555577 ], [ 89.750554716744986, 26.313668184655803 ], [ 89.750899226104323, 26.311686496161567 ], [ 89.750880735726, 26.311686934998402 ], [ 89.752296743212554, 26.309151362487487 ], [ 89.754952386349714, 26.305720147732178 ], [ 89.755907728812659, 26.304435746869547 ], [ 89.757416783135739, 26.302406846236313 ], [ 89.758935699247075, 26.300128896736819 ], [ 89.760391985983517, 26.296512487710906 ], [ 89.762140597187368, 26.29318425347925 ], [ 89.762426901913983, 26.292454854342115 ], [ 89.763226311848626, 26.290418204025386 ], [ 89.763252148816889, 26.290082589164822 ], [ 89.763263610834187, 26.289933711334367 ], [ 89.762909307541321, 26.289099844853499 ], [ 89.762234191609465, 26.287510894124651 ], [ 89.76195554439947, 26.287308131073488 ], [ 89.759681443950186, 26.286642480011935 ], [ 89.755311992061976, 26.288337972135228 ], [ 89.750982124542816, 26.29171567757361 ], [ 89.749963797565869, 26.29260514574311 ], [ 89.74971978613641, 26.292698601281845 ], [ 89.749038238922196, 26.292998155269533 ], [ 89.748225446735205, 26.293347968686017 ], [ 89.746498733050672, 26.293977189227931 ], [ 89.746150919916602, 26.294103930423432 ], [ 89.744230710307761, 26.29466591869825 ], [ 89.743180253931072, 26.294896518974301 ], [ 89.743155287393606, 26.29487999520201 ], [ 89.740238713154653, 26.294183739723238 ], [ 89.736386771420982, 26.294257304810451 ], [ 89.732613396993713, 26.294293458630822 ], [ 89.729151531582119, 26.295756023074723 ], [ 89.726143999326112, 26.297961903086396 ], [ 89.72472069433482, 26.299958569183346 ], [ 89.724327362448122, 26.300941706961073 ], [ 89.724050158694709, 26.301786933101688 ], [ 89.723493517187819, 26.303468693098186 ], [ 89.72304614852392, 26.305915926329622 ], [ 89.722590992483646, 26.306841336004947 ], [ 89.722269474224589, 26.307230563541708 ], [ 89.72225990824829, 26.307219860482576 ], [ 89.722097913963182, 26.307300677776201 ], [ 89.721637910289502, 26.307452657292583 ], [ 89.721219153131685, 26.30753058080969 ], [ 89.720295863638214, 26.307436354833815 ], [ 89.71909987428154, 26.307038864134373 ], [ 89.718325743823698, 26.306556966688692 ], [ 89.718129761257401, 26.306331491457613 ], [ 89.717847269535056, 26.306031259852752 ], [ 89.717630552570867, 26.305825276516348 ], [ 89.71747782630797, 26.305637179210606 ], [ 89.717300801217775, 26.30531584724454 ], [ 89.717208947402028, 26.305012000051605 ], [ 89.717091457876293, 26.304517644883802 ], [ 89.717104621249817, 26.30417360866798 ], [ 89.717321577697447, 26.303481920910396 ], [ 89.718231057825562, 26.301592947506997 ], [ 89.718800942982483, 26.300588977238682 ], [ 89.719140510783873, 26.299703969284003 ], [ 89.719489663383328, 26.298322197825726 ], [ 89.719503052283372, 26.297080490086497 ], [ 89.719484778631539, 26.296297765787351 ], [ 89.719391145948705, 26.295917556031725 ], [ 89.719468288422888, 26.295591404905018 ], [ 89.719584669502993, 26.295130814389047 ], [ 89.720438991744473, 26.293605763487101 ], [ 89.721285045029688, 26.292634744200171 ], [ 89.721821874536289, 26.292032477353917 ], [ 89.721936977373872, 26.291935439898381 ], [ 89.722514616558144, 26.291157217634407 ], [ 89.725265387136488, 26.288168454096766 ], [ 89.729238583735537, 26.284798277528008 ], [ 89.730479883053135, 26.283521264702642 ], [ 89.730540398212881, 26.283464357147963 ], [ 89.73203461482251, 26.282059217446122 ], [ 89.73254576505056, 26.281474951524114 ], [ 89.732675857261015, 26.281371240569722 ], [ 89.735411725627415, 26.279404619594541 ], [ 89.738731506126982, 26.275581127369669 ], [ 89.741057667135379, 26.273149306902699 ], [ 89.743067611810034, 26.271350190036209 ], [ 89.745775168799028, 26.268254479152262 ], [ 89.746705120598179, 26.266983302246331 ], [ 89.746877634835627, 26.265875833130337 ], [ 89.746610927949362, 26.264388822082047 ], [ 89.745750839199019, 26.263002692099136 ], [ 89.744432522637709, 26.261834216293003 ], [ 89.741660136598483, 26.259350603428004 ], [ 89.739131343051127, 26.257369602711435 ], [ 89.737388695037282, 26.25644789124259 ], [ 89.735786091259811, 26.255851754604034 ], [ 89.733204335235683, 26.255841257165464 ], [ 89.728975469201629, 26.256160466397745 ], [ 89.726641298948806, 26.256831524845776 ], [ 89.724239542138491, 26.257444144236956 ], [ 89.722039033995117, 26.258172278066212 ], [ 89.721111817946806, 26.258437396188413 ], [ 89.720921183333985, 26.258491902800081 ], [ 89.719337387048597, 26.258700977400697 ], [ 89.71808441194672, 26.258903769743331 ], [ 89.717029928072392, 26.259102793709356 ], [ 89.716839421683844, 26.259129901444386 ], [ 89.715843435120064, 26.259602735707613 ], [ 89.715164192089176, 26.259997576881805 ], [ 89.715009835438963, 26.260191491136258 ], [ 89.714597474266427, 26.260676776398043 ], [ 89.714397954964156, 26.261205784659506 ], [ 89.71425469945045, 26.261876973894498 ], [ 89.714158824259215, 26.262308524111255 ], [ 89.713962631817267, 26.262980714359781 ], [ 89.713970404239973, 26.263314806754202 ], [ 89.7137334876263, 26.264513000442246 ], [ 89.7136642572613, 26.266090011725083 ], [ 89.71319151939187, 26.268534126166426 ], [ 89.712383374545155, 26.270220604691541 ], [ 89.711904175876555, 26.270727661604017 ], [ 89.711755459523317, 26.270885022340664 ], [ 89.711254866855512, 26.27109773549741 ], [ 89.709205212396682, 26.271111478580906 ], [ 89.70854434130176, 26.270932962020318 ], [ 89.707515956286173, 26.270436687410658 ], [ 89.706686039280868, 26.269363676084492 ], [ 89.705979201998503, 26.268116443688584 ], [ 89.705241020821674, 26.266430507848142 ], [ 89.704953249032883, 26.26532279792826 ], [ 89.704595660205683, 26.264584053729884 ], [ 89.704415275792172, 26.26365635265546 ], [ 89.704344655060126, 26.263186472293064 ], [ 89.704237542839607, 26.262728601126575 ], [ 89.703872919733428, 26.261796199834922 ], [ 89.70370491522165, 26.26156879174923 ], [ 89.703532882754828, 26.261143389863673 ], [ 89.700289157339213, 26.262152789217417 ], [ 89.699907793502035, 26.261729466700057 ], [ 89.69898163063489, 26.26203540771106 ], [ 89.699436369812403, 26.263671951932889 ], [ 89.698659584737484, 26.263940382207391 ], [ 89.698683077826942, 26.264552797723415 ], [ 89.69888058630319, 26.265246805394536 ], [ 89.699952581305084, 26.266328864048202 ], [ 89.700515725889673, 26.266527093981388 ], [ 89.700662004535459, 26.266794645413203 ], [ 89.700545530801662, 26.267596149740672 ], [ 89.70020190639616, 26.267780359347483 ], [ 89.699383472031357, 26.267843062217157 ], [ 89.699076783454387, 26.26816640264769 ], [ 89.699255382788252, 26.269654409661022 ], [ 89.699244622448475, 26.270243491024562 ], [ 89.698006401088151, 26.27048484090302 ], [ 89.697165631014443, 26.270749257931055 ], [ 89.697081321429792, 26.271106030811794 ], [ 89.696860311409949, 26.271305534660133 ], [ 89.696096445204603, 26.271361406008811 ], [ 89.695590808224281, 26.271487285416626 ], [ 89.69522912826092, 26.27100323509347 ], [ 89.69503227533059, 26.271031090426899 ], [ 89.693530709740571, 26.271745066821538 ], [ 89.693337396146305, 26.271868826489325 ], [ 89.693364016998231, 26.272156690640802 ], [ 89.693883522605518, 26.272679989447461 ], [ 89.693965491247596, 26.273093829391627 ], [ 89.693815362444951, 26.273271600587652 ], [ 89.693633480427735, 26.273366877575906 ], [ 89.693346328882825, 26.273299961449439 ], [ 89.693048480795994, 26.27310834253397 ], [ 89.692788649137711, 26.273124735399175 ], [ 89.692420830574775, 26.273353164511633 ], [ 89.692081936935679, 26.27337636279475 ], [ 89.691790428837777, 26.273389728094266 ], [ 89.691449711687767, 26.272629063005475 ], [ 89.691055037354758, 26.272172671674387 ], [ 89.690993892876619, 26.271754928681023 ], [ 89.690640638009711, 26.271726119059188 ], [ 89.690258425744446, 26.271517238629855 ], [ 89.689964098904426, 26.270643421451634 ], [ 89.689792108963559, 26.26935311006778 ], [ 89.68939634804542, 26.269185730453412 ], [ 89.689042808280618, 26.269220356487541 ], [ 89.6887135516439, 26.269276773896419 ], [ 89.688595735810182, 26.268907715022085 ], [ 89.688596604155407, 26.268208779370269 ], [ 89.688594094595445, 26.267500226614846 ], [ 89.688355505502358, 26.267438709482391 ], [ 89.688094444241614, 26.267528888212748 ], [ 89.687834074157649, 26.267661803902961 ], [ 89.687646651018909, 26.267982306387914 ], [ 89.687650045675269, 26.268552825728062 ], [ 89.687652717009527, 26.268965168629368 ], [ 89.687469182416748, 26.269267278756342 ], [ 89.687120443004218, 26.269376119133678 ], [ 89.68667572283627, 26.269381690596525 ], [ 89.686301021653676, 26.269367099785043 ], [ 89.685951375205704, 26.268429640328723 ], [ 89.685571219062055, 26.268167666037201 ], [ 89.685147836662978, 26.268059632080178 ], [ 89.684635517977739, 26.268117440840147 ], [ 89.684127890490856, 26.268422222319 ], [ 89.682776296607742, 26.269669978083751 ], [ 89.681351168060587, 26.270771697632721 ], [ 89.680219595818926, 26.271405504750813 ], [ 89.678755682944143, 26.271833894148397 ], [ 89.678246567997206, 26.272075398969026 ], [ 89.677994671447479, 26.272312101092137 ], [ 89.677450401972493, 26.273060442622334 ], [ 89.676520209948407, 26.274322164394146 ], [ 89.67617622014447, 26.274623854576323 ], [ 89.675708533711486, 26.274632578239256 ], [ 89.674790264825319, 26.274375501568944 ], [ 89.674639467430353, 26.273913899026212 ], [ 89.674492137953763, 26.27359964122374 ], [ 89.674187469135987, 26.272550451093796 ], [ 89.673920708158647, 26.27208834060886 ], [ 89.673684935763276, 26.271963475655046 ], [ 89.673573198473676, 26.272153040118361 ], [ 89.673559402415052, 26.272530442582887 ], [ 89.673644153892567, 26.273864650781785 ], [ 89.673606071664736, 26.274814015435499 ], [ 89.673705261792662, 26.275025631228619 ], [ 89.674209431057591, 26.275028203614266 ], [ 89.67496990872479, 26.275068171977253 ], [ 89.675389860689393, 26.275018158727775 ], [ 89.675792232808803, 26.275221563885751 ], [ 89.675991200041068, 26.275680010375833 ], [ 89.676038646127679, 26.277009346065331 ], [ 89.675985688851, 26.278052104401837 ], [ 89.675902148968405, 26.27830430454328 ], [ 89.675201237602039, 26.277974628781894 ], [ 89.674818853586061, 26.277558269899735 ], [ 89.674174629073207, 26.277562004582318 ], [ 89.673529619483389, 26.277565865596202 ], [ 89.672979110773426, 26.277695809586195 ], [ 89.67243742156856, 26.278291953341611 ], [ 89.671944517505821, 26.279102132760261 ], [ 89.671256258249812, 26.279491584379716 ], [ 89.669726459816374, 26.279679150311807 ], [ 89.668698290300753, 26.279478697362485 ], [ 89.668187125103444, 26.279570202307561 ], [ 89.668476314232763, 26.280077570605563 ], [ 89.66853523800107, 26.280715309593205 ], [ 89.668022308203845, 26.280722128883742 ], [ 89.667938279180262, 26.281191569398938 ], [ 89.667997032524539, 26.281786692863779 ], [ 89.668556667709993, 26.281778861885176 ], [ 89.66898143377108, 26.282028190050585 ], [ 89.669381492989615, 26.283298236083162 ], [ 89.669706136776469, 26.285291580906836 ], [ 89.670239797334247, 26.287237661769527 ], [ 89.670259291812243, 26.28808704102731 ], [ 89.670087143345938, 26.288684948284288 ], [ 89.669769492965614, 26.289009587680667 ], [ 89.669259873354463, 26.289061896225157 ], [ 89.668888477481644, 26.289069054088884 ], [ 89.668539746298677, 26.289054514517129 ], [ 89.668232767554926, 26.288847825757152 ], [ 89.667817939825426, 26.288047477156439 ], [ 89.667693752030658, 26.287730632907547 ], [ 89.66757643731502, 26.287690224130412 ], [ 89.667514717606622, 26.288010538345571 ], [ 89.667311430841096, 26.288248377686031 ], [ 89.667255138757113, 26.288781368044248 ], [ 89.667023706077728, 26.289743115919556 ], [ 89.667168229236424, 26.289952923615601 ], [ 89.667702446338794, 26.289963570171395 ], [ 89.668421675752327, 26.289949288085076 ], [ 89.668844621237866, 26.290174494483249 ], [ 89.669274867208628, 26.290738940294791 ], [ 89.669330050932103, 26.291140923453167 ], [ 89.669485873639246, 26.291932837099214 ], [ 89.669484259435663, 26.293013341066004 ], [ 89.669598449696039, 26.294227272359759 ], [ 89.669406958153942, 26.294527623044463 ], [ 89.669365070533445, 26.294803268555 ], [ 89.669429790971861, 26.294886193329834 ], [ 89.669494522359187, 26.294969154861814 ], [ 89.669818172847258, 26.295003676795904 ], [ 89.670028682786366, 26.295209666873902 ], [ 89.670403251783327, 26.295601598243355 ], [ 89.671060590821099, 26.29640872396271 ], [ 89.671248942393603, 26.296678488574798 ], [ 89.672270334183523, 26.296971618311076 ], [ 89.672642750691551, 26.297132059509803 ], [ 89.672645206589891, 26.297321781151656 ], [ 89.672305658138384, 26.297940604425857 ], [ 89.671688556313271, 26.298565930494867 ], [ 89.67099691100168, 26.298709362218499 ], [ 89.670381968571178, 26.299360325663628 ], [ 89.670272723483066, 26.299788360298415 ], [ 89.67030259170437, 26.300300255143355 ], [ 89.670535848151715, 26.300446680129347 ], [ 89.67083166215464, 26.300054679077466 ], [ 89.671080281642134, 26.299642810917174 ], [ 89.671677209435174, 26.299351789623831 ], [ 89.672642596262449, 26.298966286033785 ], [ 89.673556529976636, 26.299098414590492 ], [ 89.674428005224968, 26.299317300350996 ], [ 89.674737665596325, 26.299525610695728 ], [ 89.67481494304036, 26.299782708466029 ], [ 89.674735484058886, 26.300262644155893 ], [ 89.673953209632259, 26.30061752928216 ], [ 89.673265138114402, 26.301011500366211 ], [ 89.673084306808377, 26.301212790456201 ], [ 89.673170569783338, 26.301717086692268 ], [ 89.673482988834849, 26.301975018628539 ], [ 89.674172069816549, 26.30233138758874 ], [ 89.675351847471163, 26.302771819337533 ], [ 89.676693748118439, 26.303202439792436 ], [ 89.677043256853167, 26.303355839567413 ], [ 89.677074507382741, 26.303896286095803 ], [ 89.677113784722579, 26.304497788751295 ], [ 89.676235388750953, 26.305701697678892 ], [ 89.675265744115435, 26.306534819477175 ], [ 89.674983616794748, 26.306642835861393 ], [ 89.674705785628078, 26.307757339664462 ], [ 89.673321857641795, 26.309848183744915 ], [ 89.673080974863225, 26.310288072289659 ], [ 89.673236052840053, 26.310327421471857 ], [ 89.673490781005952, 26.310364947791367 ], [ 89.673572214483144, 26.310408565928281 ], [ 89.673664533695813, 26.310452950065617 ], [ 89.673732309413708, 26.310467341424594 ], [ 89.673881188143355, 26.310472506443091 ], [ 89.674285901134638, 26.310524493162657 ], [ 89.674526060633298, 26.310539847181818 ], [ 89.674614555047441, 26.310540450745812 ], [ 89.674650958393414, 26.310527835173424 ], [ 89.674696266697353, 26.310494922974073 ], [ 89.67474976829331, 26.31047205346276 ], [ 89.675006958010414, 26.31048805346067 ], [ 89.67538883310543, 26.310516395007561 ], [ 89.675537864025813, 26.310550660606445 ], [ 89.675567207446392, 26.310580767307542 ], [ 89.675571332743687, 26.310586532081107 ], [ 89.675609497234021, 26.310639876429796 ], [ 89.675757947929398, 26.310670189516607 ], [ 89.675872629803465, 26.310665995591894 ], [ 89.675946764707149, 26.310654958168083 ], [ 89.675984229722673, 26.310619236837866 ], [ 89.676067743041017, 26.310558335703945 ], [ 89.676150593833057, 26.31052954963365 ], [ 89.676294859935183, 26.310539109659633 ], [ 89.67646175036063, 26.310562217154672 ], [ 89.676497813247892, 26.310564590018856 ], [ 89.676547473885336, 26.310563800680004 ], [ 89.676590681848893, 26.310534187306743 ], [ 89.676652531313437, 26.310459029124107 ], [ 89.676690018460789, 26.310283804670082 ], [ 89.676695907421077, 26.31023180624058 ], [ 89.676705660073566, 26.310212382496715 ], [ 89.676749837641154, 26.310196599264906 ], [ 89.676836708123929, 26.310198829849146 ], [ 89.677123818547969, 26.31022246593804 ], [ 89.677162116734863, 26.310235624122981 ], [ 89.67716668662878, 26.310260676283871 ], [ 89.677153694231848, 26.31035111374792 ], [ 89.677147787966049, 26.31040169763067 ], [ 89.677162586113838, 26.310424222566372 ], [ 89.67721712668542, 26.310447689814911 ], [ 89.677301022453861, 26.310469018755008 ], [ 89.677333668295475, 26.310472135607611 ], [ 89.677345679065795, 26.310473281903661 ], [ 89.677419497980779, 26.310471983225842 ], [ 89.677655534159982, 26.310492504535997 ], [ 89.677847602259817, 26.310516147933438 ], [ 89.678063840927877, 26.31054424999019 ], [ 89.678218384932791, 26.31056849838145 ], [ 89.678336464934532, 26.310574155754768 ], [ 89.678468323890371, 26.310562727708152 ], [ 89.678757310747201, 26.310579888053358 ], [ 89.6789784407013, 26.310618308531392 ], [ 89.679120357611737, 26.310650599935979 ], [ 89.679200934942358, 26.310694252390618 ], [ 89.679252238184034, 26.310745173604118 ], [ 89.679262659316549, 26.310801579211365 ], [ 89.679223792782381, 26.310915700618601 ], [ 89.679202336006085, 26.311000797521736 ], [ 89.679222920409174, 26.311054418902717 ], [ 89.679246026380838, 26.311081133975478 ], [ 89.679271140372919, 26.311090125567265 ], [ 89.679337695672615, 26.311089777383131 ], [ 89.679598745519797, 26.311120699202771 ], [ 89.679866341156711, 26.311174314800194 ], [ 89.680121113628829, 26.3112315444423 ], [ 89.680452302964937, 26.311296311934843 ], [ 89.680854260715861, 26.311342497595561 ], [ 89.681069224456706, 26.311350500180776 ], [ 89.6817139432506, 26.311389664959837 ], [ 89.682209771481652, 26.311402151869871 ], [ 89.682915399782388, 26.311423923691116 ], [ 89.683323506802239, 26.311463112267475 ], [ 89.68337186626178, 26.31147653603054 ], [ 89.683365486211585, 26.311513831970785 ], [ 89.683210593977449, 26.31162872069233 ], [ 89.683078856713223, 26.311922764395 ], [ 89.682950903735133, 26.312248923701986 ], [ 89.682878367585246, 26.312499060001326 ], [ 89.682776000940748, 26.312846687881656 ], [ 89.682658145717497, 26.313157079039136 ], [ 89.682537956000147, 26.313395694611295 ], [ 89.682378885670701, 26.313747819783348 ], [ 89.682213235714926, 26.31410495685655 ], [ 89.682106505866514, 26.314407446081155 ], [ 89.682102062818117, 26.314466297879921 ], [ 89.682118431312887, 26.314489643725448 ], [ 89.682162009495769, 26.314504564065054 ], [ 89.682345623647819, 26.314545642653908 ], [ 89.682778871993833, 26.314564079626816 ], [ 89.683060539360469, 26.314595335922775 ], [ 89.683082490621345, 26.314611674208187 ], [ 89.683074383130091, 26.314703084331605 ], [ 89.68303954791655, 26.315025888768634 ], [ 89.683019210123234, 26.315160729283654 ], [ 89.6830447183562, 26.315166966933312 ], [ 89.6834251390665, 26.315175744136592 ], [ 89.683794630017786, 26.315187769514452 ], [ 89.684262717069586, 26.315208906989184 ], [ 89.684907747860436, 26.315216821982403 ], [ 89.685550823320142, 26.31519515137327 ], [ 89.686055355722331, 26.315174693265032 ], [ 89.686830908055001, 26.31516506775764 ], [ 89.6873692217101, 26.315154155468548 ], [ 89.687656774388529, 26.31514101076807 ], [ 89.687827326930957, 26.315136221165904 ], [ 89.687933048719543, 26.315149271187753 ], [ 89.688033589047109, 26.315170685554918 ], [ 89.688245802196548, 26.315184409624369 ], [ 89.688628822462235, 26.315157162358386 ], [ 89.68891170175408, 26.315157310357165 ], [ 89.689219294623015, 26.315181381543798 ], [ 89.689734945947293, 26.315232056967645 ], [ 89.690006731067939, 26.315261296679424 ], [ 89.69010793362807, 26.315276994348775 ], [ 89.690110893411884, 26.315299439500354 ], [ 89.69008207193427, 26.315584062858861 ], [ 89.690071911096041, 26.315675674922275 ], [ 89.690020401742245, 26.315747265169577 ], [ 89.6899500162653, 26.31584053289054 ], [ 89.689958255661622, 26.315888973667398 ], [ 89.690015696365577, 26.316009246411685 ], [ 89.690080294941197, 26.316212078657522 ], [ 89.69010277969582, 26.316348608976529 ], [ 89.690143671296809, 26.316436312001596 ], [ 89.69016391088384, 26.316557875855398 ], [ 89.69013085397458, 26.316653840206726 ], [ 89.690114040673322, 26.31670264659974 ], [ 89.689945661041293, 26.316868857292313 ], [ 89.689873889362687, 26.316939736039703 ], [ 89.689871019959156, 26.316942560080751 ], [ 89.689858481957998, 26.316928597137569 ], [ 89.689185612257447, 26.316377770514052 ], [ 89.688401673386295, 26.316476251194661 ], [ 89.687374914738356, 26.316694164754701 ], [ 89.687362751171946, 26.317158080807378 ], [ 89.688817539158336, 26.319646283820305 ], [ 89.68889366940941, 26.319958850990609 ], [ 89.688619856868215, 26.320239649909521 ], [ 89.687903147883333, 26.320579585287025 ], [ 89.687838507753114, 26.320854409609218 ], [ 89.687521424440433, 26.322834451381734 ], [ 89.687211867277384, 26.324622825550122 ], [ 89.686874739404743, 26.325322655534784 ], [ 89.686544983457495, 26.326398505638576 ], [ 89.686336113104673, 26.327659700969519 ], [ 89.686273900374715, 26.328059030049001 ], [ 89.686464888770558, 26.328222093439095 ], [ 89.686941325409904, 26.328566749366676 ], [ 89.687189075268975, 26.329149138388814 ], [ 89.687597900683684, 26.330028798488822 ], [ 89.687795559971846, 26.330849959532479 ], [ 89.687789036566286, 26.331251988690813 ], [ 89.687167472185706, 26.33194096151918 ], [ 89.687010278027344, 26.332070870246977 ], [ 89.68692406489977, 26.332220679384143 ], [ 89.68731588915459, 26.332615878199487 ], [ 89.687918298029757, 26.333133002114113 ], [ 89.688027443151498, 26.33351168174341 ], [ 89.688062029713706, 26.333785986671277 ], [ 89.687845561919815, 26.334129048181417 ], [ 89.687145452784719, 26.334461396390623 ], [ 89.686324782099334, 26.334627328505118 ], [ 89.685238548486993, 26.334470528980056 ], [ 89.684393134389339, 26.334305531772358 ], [ 89.683396194549772, 26.334077420756085 ], [ 89.682745402152889, 26.333639420542521 ], [ 89.68251171397732, 26.333582319014088 ], [ 89.68234885973331, 26.333586292851198 ], [ 89.682165458432252, 26.333737536916441 ], [ 89.682100107540776, 26.333949069088995 ], [ 89.681848007626556, 26.334123270692096 ], [ 89.681521801256764, 26.334130936427506 ], [ 89.680920695872743, 26.334355022883233 ], [ 89.680695065402489, 26.33467566794873 ], [ 89.680699354360414, 26.334844005079997 ], [ 89.680912530551183, 26.334944720938353 ], [ 89.681781319338697, 26.334969474441923 ], [ 89.682596803499209, 26.334958742110075 ], [ 89.683119142506058, 26.33508293482047 ], [ 89.683346979257095, 26.33525111720726 ], [ 89.683358128537719, 26.335526808576173 ], [ 89.683750035344971, 26.336705935438218 ], [ 89.684291429276911, 26.337815465084017 ], [ 89.684298358003105, 26.338300089714028 ], [ 89.684000402001388, 26.338916287618357 ], [ 89.683345920812073, 26.33930686201262 ], [ 89.682647591570557, 26.339846009489637 ], [ 89.681285808390385, 26.341346240536677 ], [ 89.680493955689485, 26.341719064309231 ], [ 89.680024159554947, 26.341727594566393 ], [ 89.676869693973657, 26.341426777577254 ], [ 89.676562890641534, 26.341347797573128 ], [ 89.676472438391784, 26.341476194992826 ], [ 89.676315582639859, 26.342786924235178 ], [ 89.676092279207552, 26.343255094361183 ], [ 89.675717909990254, 26.343262090047723 ], [ 89.674922374697275, 26.343276952644679 ], [ 89.67412877859806, 26.343376138258478 ], [ 89.673898676277247, 26.343549161472051 ], [ 89.673996193604594, 26.344214079916703 ], [ 89.674231833133121, 26.345820746508728 ], [ 89.67425026437212, 26.346621852144139 ], [ 89.674092175600521, 26.347890252544826 ], [ 89.67335213436283, 26.348283706367237 ], [ 89.673128810082062, 26.348751874169551 ], [ 89.67253400345605, 26.349353519952231 ], [ 89.672252320778767, 26.349819802738885 ], [ 89.671812364957958, 26.350548074453211 ], [ 89.671222388593534, 26.351360533780149 ], [ 89.671113972812122, 26.352754550308102 ], [ 89.671596514708213, 26.353378271123169 ], [ 89.671841181453331, 26.353837702447706 ], [ 89.671738237552489, 26.354451257002562 ], [ 89.672307121086845, 26.354757001035036 ], [ 89.672546458888263, 26.354984531661142 ], [ 89.672552277879333, 26.355237512946999 ], [ 89.67227583555777, 26.355432490386882 ], [ 89.671646442222553, 26.3555496921384 ], [ 89.670971700705991, 26.355731009610647 ], [ 89.670533387165406, 26.356013367730409 ], [ 89.670158975173862, 26.356020352021282 ], [ 89.669874774464645, 26.355878017712477 ], [ 89.669377062275203, 26.355613118723721 ], [ 89.669041704266803, 26.355281918566508 ], [ 89.668695536636719, 26.355499279894158 ], [ 89.668660357393591, 26.356006116491468 ], [ 89.66866907358542, 26.356385588215211 ], [ 89.668958600615895, 26.356759825467556 ], [ 89.66943630839549, 26.357172738368384 ], [ 89.669416783972864, 26.357341831705675 ], [ 89.669445031756908, 26.357552217832719 ], [ 89.669068538646854, 26.358487266423396 ], [ 89.668582315931374, 26.359740763294777 ], [ 89.66858910766787, 26.360035932284056 ], [ 89.668802148582216, 26.360137426178415 ], [ 89.670084292713256, 26.360915059540808 ], [ 89.669680539795124, 26.36168193875617 ], [ 89.669318732983939, 26.362237106643182 ], [ 89.668970523972348, 26.36338264540435 ], [ 89.668751073363921, 26.364019548230551 ], [ 89.66749509294506, 26.364380423111072 ], [ 89.667187849431016, 26.365272088555891 ], [ 89.666210740043311, 26.365543376523316 ], [ 89.665423761669828, 26.3659376835658 ], [ 89.665670421300263, 26.366481559674696 ], [ 89.665127182964611, 26.367293233608127 ], [ 89.665086202369736, 26.367547130615751 ], [ 89.66597458164722, 26.36748846041726 ], [ 89.665937491633514, 26.367911047808111 ], [ 89.665750668842065, 26.368948180448939 ], [ 89.665627686348557, 26.37072251007114 ], [ 89.665830497519082, 26.371393838550613 ], [ 89.665744178599624, 26.371711888727457 ], [ 89.664630945600493, 26.372175529249731 ], [ 89.664379324994883, 26.372433345783996 ], [ 89.664500732065832, 26.3726209744346 ], [ 89.66589676168266, 26.373249168190274 ], [ 89.666631983897744, 26.373678525872577 ], [ 89.666829240123135, 26.374138934546099 ], [ 89.667315374575679, 26.375015728262124 ], [ 89.668534484023255, 26.375287808565645 ], [ 89.668542001016135, 26.375667278342998 ], [ 89.668268127772592, 26.375967780520114 ], [ 89.668233115432315, 26.376558960578031 ], [ 89.668341657842106, 26.377358236921381 ], [ 89.667904180067197, 26.3788429233988 ], [ 89.667592956885812, 26.379136307828905 ], [ 89.667218992241118, 26.37948902820737 ], [ 89.666627385119753, 26.380133392129636 ], [ 89.666037302374676, 26.380820016527039 ], [ 89.665307755410609, 26.381467310836076 ], [ 89.664660707358294, 26.381648758951073 ], [ 89.664100120539203, 26.381617225517317 ], [ 89.663396995684565, 26.381587982770299 ], [ 89.663399930224031, 26.381714542330911 ], [ 89.663411667470271, 26.382220776056762 ], [ 89.663517036928113, 26.382725281742225 ], [ 89.663956012324022, 26.383476904345191 ], [ 89.664492562451542, 26.384395580348009 ], [ 89.665013831424247, 26.385563119478366 ], [ 89.665155052538466, 26.386022380391314 ], [ 89.665023453640529, 26.386613240137088 ], [ 89.664855605960241, 26.388213166584709 ], [ 89.664493778091995, 26.388221967563378 ], [ 89.66404579701819, 26.38852776423267 ], [ 89.663966010634468, 26.389496529487271 ], [ 89.663929684568373, 26.390421855798166 ], [ 89.663350104668865, 26.390816017604241 ], [ 89.660750705237547, 26.390869601670772 ], [ 89.660290208002351, 26.391215460768699 ], [ 89.660121077007972, 26.392019673763421 ], [ 89.659184846756716, 26.392037169586992 ], [ 89.658674699227006, 26.392257534016895 ], [ 89.658403258319225, 26.394709258599367 ], [ 89.658531657654436, 26.398379265482411 ], [ 89.658560142994702, 26.399602528723531 ], [ 89.659524548318032, 26.399284225657567 ], [ 89.660380008396928, 26.398587961972439 ], [ 89.661038856925359, 26.39760081875756 ], [ 89.661068629263355, 26.396966981132739 ], [ 89.661511635422841, 26.396365628878904 ], [ 89.664181387323097, 26.397147390110131 ], [ 89.666488543021998, 26.397649420349744 ], [ 89.66835752918287, 26.398795612821988 ], [ 89.669017449186356, 26.399416089189277 ], [ 89.670215167334433, 26.399558453017466 ], [ 89.670404364821962, 26.398141834078174 ], [ 89.670717801423024, 26.396212921356742 ], [ 89.670991190277704, 26.394620505756869 ], [ 89.670937673619022, 26.394367348808601 ], [ 89.670657584135427, 26.394245142391583 ], [ 89.668174503937294, 26.393841034196974 ], [ 89.667662019086023, 26.393701095127351 ], [ 89.667579442254166, 26.392596933047614 ], [ 89.668016073313325, 26.392589053316893 ], [ 89.66832197197084, 26.392647421427743 ], [ 89.668890607694593, 26.392824917121654 ], [ 89.670369716437975, 26.39292703481987 ], [ 89.672729566171355, 26.39314094341956 ], [ 89.67481620015954, 26.393575837857924 ], [ 89.674815186254932, 26.394449179783951 ], [ 89.675190699896049, 26.394524681548514 ], [ 89.675214207015784, 26.39547043996668 ], [ 89.675858566949444, 26.395939799827339 ], [ 89.675910136354801, 26.396127941195594 ], [ 89.675430565215137, 26.396559621550011 ], [ 89.675028076398547, 26.397116652236321 ], [ 89.674663088732302, 26.397314896070085 ], [ 89.674100842467112, 26.39787563358534 ], [ 89.673989571430113, 26.398025671620079 ], [ 89.674324751591442, 26.398439428706808 ], [ 89.674329489628462, 26.398607911155942 ], [ 89.674080176722853, 26.398782309823801 ], [ 89.673837513938409, 26.399188405991964 ], [ 89.673777723084456, 26.399527097562387 ], [ 89.673512725752957, 26.399954879041559 ], [ 89.673699541953056, 26.400034935087834 ], [ 89.674184711516702, 26.400044711789427 ], [ 89.67439778714882, 26.400229426018043 ], [ 89.674478961277075, 26.400657760357877 ], [ 89.674656799056152, 26.400923200289327 ], [ 89.674858731697938, 26.401019594748654 ], [ 89.675228677931514, 26.401010534835262 ], [ 89.675624329727896, 26.401085052804827 ], [ 89.676019724511193, 26.401138342481737 ], [ 89.676210693862203, 26.401344360131823 ], [ 89.676404996270463, 26.401676819914876 ], [ 89.676800338748748, 26.40170877884804 ], [ 89.677427929037037, 26.401713911463499 ], [ 89.67759700777782, 26.401962605079941 ], [ 89.67762810915832, 26.402278023249277 ], [ 89.677818272395669, 26.402441857632244 ], [ 89.678118180315735, 26.402328926421298 ], [ 89.678300456095698, 26.402155822479749 ], [ 89.678328762742709, 26.402365825983289 ], [ 89.678451718822899, 26.402636703685214 ], [ 89.678874784204552, 26.403785292860313 ], [ 89.679293988726343, 26.403774617671338 ], [ 89.679925391454162, 26.404896728211369 ], [ 89.68151660462938, 26.405066896601703 ], [ 89.682035931041042, 26.405306541797124 ], [ 89.683002848344969, 26.409329323349912 ], [ 89.683067408062342, 26.410427716394366 ], [ 89.682093920047905, 26.410921834220922 ], [ 89.681308866586946, 26.411367439010885 ], [ 89.681270021574022, 26.411876633214522 ], [ 89.681372472781192, 26.41255148361644 ], [ 89.681657769966407, 26.413052024226104 ], [ 89.682730312739949, 26.413148673996844 ], [ 89.682916578087827, 26.413100845384637 ], [ 89.684644749182283, 26.412497257938814 ], [ 89.686749887998289, 26.412002771084623 ], [ 89.687474399198038, 26.412150853895337 ], [ 89.687479924222984, 26.412489030879648 ], [ 89.687213710789663, 26.413427130207715 ], [ 89.687318576488352, 26.414859900394319 ], [ 89.687149372466351, 26.415696063095417 ], [ 89.687190547592635, 26.416008604968013 ], [ 89.686953462265976, 26.416059827425638 ], [ 89.686030293647661, 26.416107869191595 ], [ 89.683943324047817, 26.416257342266103 ], [ 89.681963527653224, 26.41658672658243 ], [ 89.681763398520246, 26.416780021335811 ], [ 89.681810637647416, 26.417073421568212 ], [ 89.682533739092833, 26.420264335211641 ], [ 89.682809110966858, 26.421951852042003 ], [ 89.682879950993012, 26.422429894574897 ], [ 89.682877486433213, 26.424115372685197 ], [ 89.682953233419681, 26.424429806936772 ], [ 89.683333949159419, 26.424514649784442 ], [ 89.683392755182084, 26.424706328432364 ], [ 89.683579579305473, 26.424876338062354 ], [ 89.683885231568567, 26.424826307367418 ], [ 89.684122957940247, 26.424846591107237 ], [ 89.684441283629852, 26.426040161725318 ], [ 89.684441375007793, 26.426208339009033 ], [ 89.684083373181579, 26.426342128846692 ], [ 89.683594506582054, 26.426471199511063 ], [ 89.683371201015959, 26.426670473643963 ], [ 89.68340215350608, 26.426984586442323 ], [ 89.68371425227059, 26.427881030702537 ], [ 89.683961661669599, 26.427939514886365 ], [ 89.684329882357801, 26.428347811778572 ], [ 89.685076192460514, 26.428786456458138 ], [ 89.685810620854511, 26.429017153787438 ], [ 89.685955091856528, 26.429016690099939 ], [ 89.686608161072499, 26.429014594953621 ], [ 89.688184560960039, 26.428995269845085 ], [ 89.689116433004926, 26.42866540634898 ], [ 89.689181233107988, 26.428642467674276 ], [ 89.689954651587499, 26.427485315466345 ], [ 89.689991841342007, 26.427350285800927 ], [ 89.690115477590879, 26.42690139437213 ], [ 89.690798450355544, 26.426229136735657 ], [ 89.691487727489076, 26.426233031723008 ], [ 89.692490220385878, 26.426254220334801 ], [ 89.693766551070894, 26.426492916412514 ], [ 89.694191766728181, 26.426572435636174 ], [ 89.694715050559111, 26.426411475958922 ], [ 89.694713669699283, 26.425742969009839 ], [ 89.693755143212201, 26.423821273637298 ], [ 89.693570933260915, 26.422742661087742 ], [ 89.693570159495849, 26.422738131557331 ], [ 89.69361682258338, 26.422088920525827 ], [ 89.693886895508484, 26.421605010912121 ], [ 89.694760281869378, 26.421373308299895 ], [ 89.696771327372076, 26.420841644097418 ], [ 89.699323498231522, 26.420442609053747 ], [ 89.700637545583731, 26.420444572108465 ], [ 89.700948652473315, 26.420477609646195 ], [ 89.70122846684113, 26.420530344689951 ], [ 89.702101422730422, 26.420518388876818 ], [ 89.702302981420118, 26.420633947653613 ], [ 89.702762166141952, 26.421178520983009 ], [ 89.703680109793254, 26.422267141650263 ], [ 89.704345606915723, 26.422946893676546 ], [ 89.704441746275606, 26.422986079271602 ], [ 89.704653466773962, 26.423072374604693 ], [ 89.705184659034686, 26.423110066674337 ], [ 89.706217196634526, 26.423042768476407 ], [ 89.706970605427045, 26.422944938691124 ], [ 89.707955431913135, 26.423105333564632 ], [ 89.708337249014562, 26.423319362375448 ], [ 89.70980931685385, 26.424144515331378 ], [ 89.711251056482851, 26.42528590958355 ], [ 89.711443814187689, 26.425438509020324 ], [ 89.712185497879545, 26.427458187983106 ], [ 89.712596130556108, 26.429706471616562 ], [ 89.712476136425238, 26.430722917274021 ], [ 89.712396988515906, 26.431393359040399 ], [ 89.711839519743862, 26.433485593190184 ], [ 89.711811987530908, 26.433588923136465 ], [ 89.711393076785583, 26.434384712231672 ], [ 89.71143954181295, 26.434670315994556 ], [ 89.711682291921719, 26.434844762156349 ], [ 89.711771742676277, 26.43487303998393 ], [ 89.711801167486882, 26.434882341919486 ], [ 89.712002885195403, 26.434946108624459 ], [ 89.714871271236518, 26.434643766459782 ], [ 89.715671107846774, 26.434559448722212 ], [ 89.71573273567013, 26.434552952569909 ], [ 89.719103037654477, 26.434094922488391 ], [ 89.722922439250908, 26.434129603574448 ], [ 89.724643871130567, 26.434598128292851 ], [ 89.726654588937691, 26.435526646844409 ], [ 89.727716524347812, 26.436174360604443 ], [ 89.727849800496358, 26.436370789218525 ], [ 89.728010411325499, 26.43662852278527 ], [ 89.728233563499529, 26.437520196200257 ], [ 89.728473325379014, 26.438718371955442 ], [ 89.728461183031754, 26.438811472252656 ], [ 89.728249729538007, 26.440322602928415 ], [ 89.72834507662715, 26.440937105499216 ], [ 89.728595565859493, 26.441643058926839 ], [ 89.728967688976738, 26.442202478855464 ], [ 89.729595327254145, 26.442648607416874 ], [ 89.729801083617346, 26.442729600039748 ], [ 89.730732643005595, 26.443096287271306 ], [ 89.731917162517789, 26.443037629098789 ], [ 89.73269543732593, 26.442686459825794 ], [ 89.733691576276797, 26.442131190831034 ], [ 89.734629737539834, 26.441825358136004 ], [ 89.73541597758306, 26.441903048836799 ], [ 89.736332346226646, 26.442091761048623 ], [ 89.737939698295094, 26.442811100696591 ], [ 89.740780563615218, 26.444516490311631 ], [ 89.74119550911432, 26.444765575116264 ], [ 89.742217979599474, 26.445148268495036 ], [ 89.742956853400713, 26.444869263988078 ], [ 89.743485261893397, 26.443926005871567 ], [ 89.744023430394577, 26.441990540399932 ], [ 89.744438414122257, 26.440938827687944 ], [ 89.745035767369899, 26.439704177587192 ], [ 89.74610146663025, 26.438632011502996 ], [ 89.746235314437797, 26.438497349359814 ], [ 89.747640634250189, 26.438224136323562 ], [ 89.749188370660107, 26.438272281077985 ], [ 89.749595604308453, 26.438682387378726 ], [ 89.749716436548056, 26.439189843195503 ], [ 89.749915784510137, 26.440835656136127 ], [ 89.749934354302241, 26.441750830653195 ], [ 89.750352532470842, 26.443562748873187 ], [ 89.75070519084467, 26.445330981496063 ], [ 89.750836562550418, 26.447220421121596 ], [ 89.750868073844615, 26.447870977234242 ], [ 89.75053968079385, 26.449046588261286 ], [ 89.750176543254895, 26.449521091267844 ], [ 89.749810832461066, 26.449998365287783 ], [ 89.749615850664583, 26.450252500596086 ], [ 89.749554138304347, 26.450332936896743 ], [ 89.749007111266124, 26.451618194247335 ], [ 89.748815920547884, 26.452065648017076 ], [ 89.748634964759617, 26.45230943897085 ], [ 89.748158856462808, 26.453207719616874 ], [ 89.748024193556006, 26.453461248884388 ], [ 89.74768026381264, 26.454068754822849 ], [ 89.74735939563017, 26.454627019111388 ], [ 89.747324099585228, 26.454686068917759 ], [ 89.747372230037257, 26.455119122306229 ], [ 89.747787023967106, 26.45546179372138 ], [ 89.747964908758959, 26.455616094469207 ], [ 89.748357894323789, 26.455894928390528 ], [ 89.748599693901028, 26.456048829762331 ], [ 89.750423629023473, 26.456840492620813 ], [ 89.751153037571981, 26.457399397759584 ], [ 89.751627598509018, 26.458339947766056 ], [ 89.751862842655314, 26.458806179234521 ], [ 89.752297420395891, 26.460349565696085 ], [ 89.752534593322011, 26.461956439807601 ], [ 89.752280834200761, 26.462438798867037 ], [ 89.751687155422118, 26.46256961110295 ], [ 89.750370456143585, 26.46257946423723 ], [ 89.750370232404535, 26.462580130833992 ], [ 89.750050325816957, 26.463515384009078 ], [ 89.749846527781159, 26.46411118720313 ], [ 89.749878122820959, 26.464326143525053 ], [ 89.749933843792149, 26.464582855287855 ], [ 89.750356099188451, 26.464610787008692 ], [ 89.753351133260907, 26.464511826741422 ], [ 89.753442143987797, 26.464777166704746 ], [ 89.753460661404986, 26.465341325853583 ], [ 89.753460950975551, 26.465341445686462 ], [ 89.753820536532103, 26.46549017865517 ], [ 89.754907261029501, 26.465413332121283 ], [ 89.755514809743261, 26.465370336268517 ], [ 89.757513193517795, 26.465309512659442 ], [ 89.758028237846005, 26.465293831769362 ], [ 89.758813748167199, 26.46526835775207 ], [ 89.760401584055913, 26.465216958783319 ], [ 89.764240290805517, 26.464994910408041 ], [ 89.765383405808166, 26.464928307320619 ], [ 89.768621595898367, 26.465089655988553 ], [ 89.769146963501299, 26.465116753134122 ], [ 89.771251201708381, 26.465225260622109 ], [ 89.771818678412998, 26.46525452041724 ], [ 89.771819208371184, 26.465254547119258 ], [ 89.772669240993494, 26.465298364823628 ], [ 89.774712864113368, 26.464827673636641 ], [ 89.7752399831883, 26.464705685617353 ], [ 89.775578916074622, 26.464653573068215 ], [ 89.776033720120381, 26.464583584932434 ], [ 89.776044985531854, 26.464581849991717 ], [ 89.779269299607762, 26.464085109626613 ], [ 89.78032947500057, 26.463878551593204 ], [ 89.781632038063336, 26.463624193825002 ], [ 89.781648257352913, 26.463620118836978 ], [ 89.782118494761093, 26.463501980073332 ], [ 89.783561994323279, 26.463139312782779 ], [ 89.785669660965723, 26.462991620581306 ], [ 89.786079647304135, 26.462962887952827 ], [ 89.787084473887887, 26.462886859117411 ], [ 89.788915480887027, 26.462748298018131 ], [ 89.790361144997718, 26.462624618676028 ], [ 89.790509281901905, 26.462611941128767 ], [ 89.79585258811511, 26.462154567130931 ], [ 89.796126058691371, 26.462131116188793 ], [ 89.796126198837996, 26.462131108029819 ], [ 89.796138111998843, 26.462130401872077 ], [ 89.799762874082091, 26.461915422678139 ], [ 89.79977388234235, 26.461914773667647 ], [ 89.804156716719362, 26.461656168869546 ], [ 89.810689317287, 26.461268560672092 ], [ 89.815741853894295, 26.460739709871039 ], [ 89.815944004723633, 26.460718547509778 ], [ 89.815946843258544, 26.46071828579678 ], [ 89.816909523606583, 26.460629770185925 ], [ 89.823016554493563, 26.460068088824503 ], [ 89.823020431641567, 26.46006803831386 ], [ 89.824311230715836, 26.460051346290165 ], [ 89.826967776579068, 26.460020231523632 ], [ 89.827507471265548, 26.460013904740961 ], [ 89.829051709479899, 26.460016976964507 ], [ 89.829411700625641, 26.460275289562979 ], [ 89.829527446379615, 26.460358292227884 ], [ 89.829732858638749, 26.460768386519472 ], [ 89.829770302952682, 26.461245366460666 ], [ 89.829770264869893, 26.461245407817326 ], [ 89.829418081583441, 26.461602330763213 ], [ 89.829117565256141, 26.461856757134093 ], [ 89.828994005729129, 26.461960745509106 ], [ 89.828915472706996, 26.46225142582049 ], [ 89.828880730362513, 26.462377149587692 ], [ 89.828999223380919, 26.462629852031466 ], [ 89.829481470734038, 26.462774823231658 ], [ 89.829497301459909, 26.46277958011499 ], [ 89.829611322314236, 26.462784773363641 ], [ 89.829988014882275, 26.462801972135459 ], [ 89.830840783638607, 26.463040452696028 ], [ 89.831436399599269, 26.463177900250034 ], [ 89.831478001523408, 26.463187494265537 ], [ 89.831826290979237, 26.463658582361298 ], [ 89.831865982678849, 26.464997662367136 ], [ 89.831771116351888, 26.466913972814503 ], [ 89.83161894118858, 26.467938020177716 ], [ 89.831618906817383, 26.467938090333568 ], [ 89.831227045422651, 26.468729671965772 ], [ 89.831044672985442, 26.469098069366623 ], [ 89.831044507341872, 26.469098182728128 ], [ 89.830917851141805, 26.469184989620121 ], [ 89.830277600452547, 26.469623798385317 ], [ 89.829971816444242, 26.469718996643355 ], [ 89.829292547943979, 26.46993001387364 ], [ 89.828513281502779, 26.469944171860522 ], [ 89.828032715610718, 26.469879110635688 ], [ 89.827908135700881, 26.469862214146655 ], [ 89.827466394912662, 26.469695896899839 ], [ 89.827264063582717, 26.469619718008058 ], [ 89.827201730165527, 26.469554149546035 ], [ 89.826936569568531, 26.46927522639443 ], [ 89.826913928787363, 26.468973495224585 ], [ 89.826883976804908, 26.468574309532066 ], [ 89.826799850323354, 26.46803355397175 ], [ 89.826614100012563, 26.467686253619867 ], [ 89.826614047016619, 26.467686259180784 ], [ 89.826225100095797, 26.467725864141038 ], [ 89.826096768347824, 26.467763303079611 ], [ 89.825873092859084, 26.467828556266046 ], [ 89.825831537607456, 26.467978619372609 ], [ 89.825775365037074, 26.468181470857498 ], [ 89.825783940161301, 26.468532280617069 ], [ 89.82590037840788, 26.468944768783402 ], [ 89.825945197961389, 26.469136516701099 ], [ 89.826019157601195, 26.469452932184435 ], [ 89.826035201636984, 26.470018697408722 ], [ 89.826050442108496, 26.470123357402315 ], [ 89.826080160561176, 26.470328712603877 ], [ 89.826270737040716, 26.470948451037724 ], [ 89.826273503390169, 26.470957446826066 ], [ 89.826595329597751, 26.471085479731723 ], [ 89.826658384913458, 26.471110565036117 ], [ 89.82713115776059, 26.47128608090982 ], [ 89.827910492477514, 26.47126976496709 ], [ 89.828892345269779, 26.470811570158933 ], [ 89.830202198417638, 26.470756235459671 ], [ 89.831063891235218, 26.470664845119916 ], [ 89.83136869294141, 26.470632544997226 ], [ 89.831876466877318, 26.470553551500984 ], [ 89.832952976092116, 26.470389806164231 ], [ 89.833874734082414, 26.470249591884567 ], [ 89.837431415161973, 26.470167756446475 ], [ 89.840995808307852, 26.470085654500085 ], [ 89.842102506319364, 26.469933809260759 ], [ 89.84394458010695, 26.469684278275256 ], [ 89.843944741966013, 26.469684256102372 ] ] ] ] } }
]
}
